-- MariaDB dump 10.17  Distrib 10.4.10-MariaDB, for Win64 (AMD64)
--
-- Host: localhost    Database: esapp
-- ------------------------------------------------------
-- Server version	10.4.10-MariaDB

/*!40101 SET @OLD_CHARACTER_SET_CLIENT=@@CHARACTER_SET_CLIENT */;
/*!40101 SET @OLD_CHARACTER_SET_RESULTS=@@CHARACTER_SET_RESULTS */;
/*!40101 SET @OLD_COLLATION_CONNECTION=@@COLLATION_CONNECTION */;
/*!40101 SET NAMES utf8mb4 */;
/*!40103 SET @OLD_TIME_ZONE=@@TIME_ZONE */;
/*!40103 SET TIME_ZONE='+00:00' */;
/*!40014 SET @OLD_UNIQUE_CHECKS=@@UNIQUE_CHECKS, UNIQUE_CHECKS=0 */;
/*!40014 SET @OLD_FOREIGN_KEY_CHECKS=@@FOREIGN_KEY_CHECKS, FOREIGN_KEY_CHECKS=0 */;
/*!40101 SET @OLD_SQL_MODE=@@SQL_MODE, SQL_MODE='NO_AUTO_VALUE_ON_ZERO' */;
/*!40111 SET @OLD_SQL_NOTES=@@SQL_NOTES, SQL_NOTES=0 */;

--
-- Table structure for table `audit_trail`
--

DROP TABLE IF EXISTS `audit_trail`;
/*!40101 SET @saved_cs_client     = @@character_set_client */;
/*!40101 SET character_set_client = utf8 */;
CREATE TABLE `audit_trail` (
  `id` int(11) unsigned NOT NULL AUTO_INCREMENT,
  `user` int(11) NOT NULL,
  `action` text NOT NULL,
  `date` int(11) unsigned NOT NULL,
  `ip_address` varchar(255) NOT NULL DEFAULT '',
  `user_agent` varchar(255) NOT NULL DEFAULT '',
  PRIMARY KEY (`id`),
  KEY `fk_audit_trail_1_idx` (`user`),
  CONSTRAINT `fk_audit_trail_1` FOREIGN KEY (`user`) REFERENCES `users` (`id`) ON DELETE NO ACTION ON UPDATE NO ACTION
) ENGINE=InnoDB AUTO_INCREMENT=2122 DEFAULT CHARSET=utf8;
/*!40101 SET character_set_client = @saved_cs_client */;

--
-- Dumping data for table `audit_trail`
--

LOCK TABLES `audit_trail` WRITE;
/*!40000 ALTER TABLE `audit_trail` DISABLE KEYS */;
INSERT INTO `audit_trail` VALUES (58,1,'Viewed audit trail logs',1607168395,'155.0.76.2','Mozilla/5.0 (X11; Ubuntu; Linux x86_64; rv:83.0) Gecko/20100101 Firefox/83.0'),(59,1,'Viewed audit trail logs',1607168415,'127.0.0.1','Mozilla/5.0 (X11; Ubuntu; Linux x86_64; rv:83.0) Gecko/20100101 Firefox/83.0'),(60,1,'Viewed audit trail logs',1607168543,'127.0.0.1','Mozilla/5.0 (X11; Ubuntu; Linux x86_64; rv:83.0) Gecko/20100101 Firefox/83.0'),(61,1,'Viewed audit trail logs',1607168553,'127.0.0.1','Mozilla/5.0 (X11; Ubuntu; Linux x86_64; rv:83.0) Gecko/20100101 Firefox/83.0'),(62,1,'Viewed audit trail logs',1607168580,'127.0.0.1','Mozilla/5.0 (X11; Ubuntu; Linux x86_64; rv:83.0) Gecko/20100101 Firefox/83.0'),(63,1,'Viewed audit trail logs',1607168719,'127.0.0.1','Mozilla/5.0 (X11; Ubuntu; Linux x86_64; rv:83.0) Gecko/20100101 Firefox/83.0'),(64,1,'Viewed audit trail logs',1607168791,'127.0.0.1','Mozilla/5.0 (X11; Ubuntu; Linux x86_64; rv:83.0) Gecko/20100101 Firefox/83.0'),(65,1,'Viewed audit trail logs',1607168812,'127.0.0.1','Mozilla/5.0 (X11; Ubuntu; Linux x86_64; rv:83.0) Gecko/20100101 Firefox/83.0'),(66,1,'Viewed audit trail logs',1607168819,'127.0.0.1','Mozilla/5.0 (X11; Ubuntu; Linux x86_64; rv:83.0) Gecko/20100101 Firefox/83.0'),(67,1,'Viewed audit trail logs',1607168825,'127.0.0.1','Mozilla/5.0 (X11; Ubuntu; Linux x86_64; rv:83.0) Gecko/20100101 Firefox/83.0'),(68,1,'Viewed audit trail logs',1607168834,'127.0.0.1','Mozilla/5.0 (X11; Ubuntu; Linux x86_64; rv:83.0) Gecko/20100101 Firefox/83.0'),(69,1,'Viewed audit trail logs',1607168843,'127.0.0.1','Mozilla/5.0 (X11; Ubuntu; Linux x86_64; rv:83.0) Gecko/20100101 Firefox/83.0'),(70,1,'Viewed audit trail logs',1607168852,'127.0.0.1','Mozilla/5.0 (X11; Ubuntu; Linux x86_64; rv:83.0) Gecko/20100101 Firefox/83.0'),(71,1,'Viewed audit trail logs',1607168885,'127.0.0.1','Mozilla/5.0 (X11; Ubuntu; Linux x86_64; rv:83.0) Gecko/20100101 Firefox/83.0'),(72,1,'Viewed audit trail logs',1607168898,'127.0.0.1','Mozilla/5.0 (X11; Ubuntu; Linux x86_64; rv:83.0) Gecko/20100101 Firefox/83.0'),(73,1,'Viewed audit trail logs',1607168908,'127.0.0.1','Mozilla/5.0 (X11; Ubuntu; Linux x86_64; rv:83.0) Gecko/20100101 Firefox/83.0'),(74,1,'Viewed audit trail logs',1607168957,'127.0.0.1','Mozilla/5.0 (X11; Ubuntu; Linux x86_64; rv:83.0) Gecko/20100101 Firefox/83.0'),(75,1,'Viewed audit trail logs',1607169080,'127.0.0.1','Mozilla/5.0 (X11; Ubuntu; Linux x86_64; rv:83.0) Gecko/20100101 Firefox/83.0'),(76,1,'Viewed audit trail logs',1607169095,'127.0.0.1','Mozilla/5.0 (X11; Ubuntu; Linux x86_64; rv:83.0) Gecko/20100101 Firefox/83.0'),(77,1,'Viewed audit trail logs',1607169261,'127.0.0.1','Mozilla/5.0 (X11; Ubuntu; Linux x86_64; rv:83.0) Gecko/20100101 Firefox/83.0'),(78,1,'Viewed audit trail logs',1607169277,'127.0.0.1','Mozilla/5.0 (X11; Ubuntu; Linux x86_64; rv:83.0) Gecko/20100101 Firefox/83.0'),(79,1,'Viewed audit trail logs',1607169297,'127.0.0.1','Mozilla/5.0 (X11; Ubuntu; Linux x86_64; rv:83.0) Gecko/20100101 Firefox/83.0'),(80,1,'Viewed audit trail logs',1607169312,'127.0.0.1','Mozilla/5.0 (X11; Ubuntu; Linux x86_64; rv:83.0) Gecko/20100101 Firefox/83.0'),(81,1,'Viewed audit trail logs',1607169431,'127.0.0.1','Mozilla/5.0 (X11; Ubuntu; Linux x86_64; rv:83.0) Gecko/20100101 Firefox/83.0'),(82,1,'Viewed audit trail logs',1607169443,'127.0.0.1','Mozilla/5.0 (X11; Ubuntu; Linux x86_64; rv:83.0) Gecko/20100101 Firefox/83.0'),(83,1,'Viewed audit trail logs',1607169458,'127.0.0.1','Mozilla/5.0 (X11; Ubuntu; Linux x86_64; rv:83.0) Gecko/20100101 Firefox/83.0'),(84,1,'Viewed audit trail logs',1607169473,'127.0.0.1','Mozilla/5.0 (X11; Ubuntu; Linux x86_64; rv:83.0) Gecko/20100101 Firefox/83.0'),(85,1,'Viewed audit trail logs',1607169486,'127.0.0.1','Mozilla/5.0 (X11; Ubuntu; Linux x86_64; rv:83.0) Gecko/20100101 Firefox/83.0'),(86,1,'Viewed audit trail logs',1607169500,'127.0.0.1','Mozilla/5.0 (X11; Ubuntu; Linux x86_64; rv:83.0) Gecko/20100101 Firefox/83.0'),(87,1,'Viewed audit trail logs',1607169510,'127.0.0.1','Mozilla/5.0 (X11; Ubuntu; Linux x86_64; rv:83.0) Gecko/20100101 Firefox/83.0'),(88,1,'Viewed audit trail logs',1607169576,'127.0.0.1','Mozilla/5.0 (X11; Ubuntu; Linux x86_64; rv:83.0) Gecko/20100101 Firefox/83.0'),(89,1,'Viewed audit trail logs',1607169586,'127.0.0.1','Mozilla/5.0 (X11; Ubuntu; Linux x86_64; rv:83.0) Gecko/20100101 Firefox/83.0'),(90,1,'Viewed audit trail logs',1607169640,'127.0.0.1','Mozilla/5.0 (X11; Ubuntu; Linux x86_64; rv:83.0) Gecko/20100101 Firefox/83.0'),(91,1,'Viewed audit trail logs',1607169794,'127.0.0.1','Mozilla/5.0 (X11; Ubuntu; Linux x86_64; rv:83.0) Gecko/20100101 Firefox/83.0'),(92,1,'Viewed audit trail logs',1607169819,'127.0.0.1','Mozilla/5.0 (X11; Ubuntu; Linux x86_64; rv:83.0) Gecko/20100101 Firefox/83.0'),(93,1,'Viewed audit trail logs',1607169833,'127.0.0.1','Mozilla/5.0 (X11; Ubuntu; Linux x86_64; rv:83.0) Gecko/20100101 Firefox/83.0'),(94,1,'Viewed audit trail logs',1607170072,'127.0.0.1','Mozilla/5.0 (X11; Ubuntu; Linux x86_64; rv:83.0) Gecko/20100101 Firefox/83.0'),(95,1,'Viewed audit trail logs',1607170082,'127.0.0.1','Mozilla/5.0 (X11; Ubuntu; Linux x86_64; rv:83.0) Gecko/20100101 Firefox/83.0'),(96,1,'Viewed audit trail logs',1607170134,'127.0.0.1','Mozilla/5.0 (X11; Ubuntu; Linux x86_64; rv:83.0) Gecko/20100101 Firefox/83.0'),(97,1,'Viewed audit trail logs',1607170138,'127.0.0.1','Mozilla/5.0 (X11; Ubuntu; Linux x86_64; rv:83.0) Gecko/20100101 Firefox/83.0'),(98,1,'Viewed audit trail logs',1607170193,'127.0.0.1','Mozilla/5.0 (X11; Ubuntu; Linux x86_64; rv:83.0) Gecko/20100101 Firefox/83.0'),(99,1,'Viewed audit trail logs',1607170201,'127.0.0.1','Mozilla/5.0 (X11; Ubuntu; Linux x86_64; rv:83.0) Gecko/20100101 Firefox/83.0'),(100,1,'Viewed audit trail logs',1607170207,'127.0.0.1','Mozilla/5.0 (X11; Ubuntu; Linux x86_64; rv:83.0) Gecko/20100101 Firefox/83.0'),(101,1,'Viewed audit trail logs',1607170219,'127.0.0.1','Mozilla/5.0 (X11; Ubuntu; Linux x86_64; rv:83.0) Gecko/20100101 Firefox/83.0'),(102,1,'Viewed audit trail logs',1607170226,'127.0.0.1','Mozilla/5.0 (X11; Ubuntu; Linux x86_64; rv:83.0) Gecko/20100101 Firefox/83.0'),(103,1,'Viewed audit trail logs',1607170235,'127.0.0.1','Mozilla/5.0 (X11; Ubuntu; Linux x86_64; rv:83.0) Gecko/20100101 Firefox/83.0'),(104,1,'Viewed audit trail logs',1607170267,'127.0.0.1','Mozilla/5.0 (X11; Ubuntu; Linux x86_64; rv:83.0) Gecko/20100101 Firefox/83.0'),(105,1,'Viewed audit trail logs',1607170296,'127.0.0.1','Mozilla/5.0 (X11; Ubuntu; Linux x86_64; rv:83.0) Gecko/20100101 Firefox/83.0'),(106,1,'Viewed audit trail logs',1607170312,'127.0.0.1','Mozilla/5.0 (X11; Ubuntu; Linux x86_64; rv:83.0) Gecko/20100101 Firefox/83.0'),(107,1,'Blocked user account with email:test@unza.zm',1607186598,'127.0.0.1','Mozilla/5.0 (X11; Ubuntu; Linux x86_64; rv:83.0) Gecko/20100101 Firefox/83.0'),(108,1,'Viewed audit trail logs',1607186600,'127.0.0.1','Mozilla/5.0 (X11; Ubuntu; Linux x86_64; rv:83.0) Gecko/20100101 Firefox/83.0'),(109,1,'Blocked user account with email:test@unza.zm',1607186622,'127.0.0.1','Mozilla/5.0 (X11; Ubuntu; Linux x86_64; rv:83.0) Gecko/20100101 Firefox/83.0'),(110,1,'Viewed audit trail logs',1607186624,'127.0.0.1','Mozilla/5.0 (X11; Ubuntu; Linux x86_64; rv:83.0) Gecko/20100101 Firefox/83.0'),(111,1,'Viewed audit trail logs',1607186682,'127.0.0.1','Mozilla/5.0 (X11; Ubuntu; Linux x86_64; rv:83.0) Gecko/20100101 Firefox/83.0'),(112,1,'Blocked user account with email:test@unza.zm',1607186690,'127.0.0.1','Mozilla/5.0 (X11; Ubuntu; Linux x86_64; rv:83.0) Gecko/20100101 Firefox/83.0'),(113,1,'Viewed audit trail logs',1607186692,'127.0.0.1','Mozilla/5.0 (X11; Ubuntu; Linux x86_64; rv:83.0) Gecko/20100101 Firefox/83.0'),(114,1,'Blocked user account with email:test@unza.zm',1607186703,'127.0.0.1','Mozilla/5.0 (X11; Ubuntu; Linux x86_64; rv:83.0) Gecko/20100101 Firefox/83.0'),(115,1,'Viewed audit trail logs',1607186704,'127.0.0.1','Mozilla/5.0 (X11; Ubuntu; Linux x86_64; rv:83.0) Gecko/20100101 Firefox/83.0'),(116,1,'Blocked user account with email:test@unza.zm',1607186731,'127.0.0.1','Mozilla/5.0 (X11; Ubuntu; Linux x86_64; rv:83.0) Gecko/20100101 Firefox/83.0'),(117,1,'Viewed audit trail logs',1607186733,'127.0.0.1','Mozilla/5.0 (X11; Ubuntu; Linux x86_64; rv:83.0) Gecko/20100101 Firefox/83.0'),(118,1,'Activate user account with email:test@unza.zm',1607186786,'127.0.0.1','Mozilla/5.0 (X11; Ubuntu; Linux x86_64; rv:83.0) Gecko/20100101 Firefox/83.0'),(119,1,'Viewed audit trail logs',1607186787,'127.0.0.1','Mozilla/5.0 (X11; Ubuntu; Linux x86_64; rv:83.0) Gecko/20100101 Firefox/83.0'),(120,1,'Update role Administrator',1607186989,'127.0.0.1','Mozilla/5.0 (X11; Ubuntu; Linux x86_64; rv:83.0) Gecko/20100101 Firefox/83.0'),(121,1,'Viewed audit trail logs',1607186991,'127.0.0.1','Mozilla/5.0 (X11; Ubuntu; Linux x86_64; rv:83.0) Gecko/20100101 Firefox/83.0'),(122,1,'Update role Administrator',1607187108,'127.0.0.1','Mozilla/5.0 (X11; Ubuntu; Linux x86_64; rv:83.0) Gecko/20100101 Firefox/83.0'),(123,1,'Update profile details ',1607187362,'127.0.0.1','Mozilla/5.0 (X11; Ubuntu; Linux x86_64; rv:83.0) Gecko/20100101 Firefox/83.0'),(124,1,'Viewed audit trail logs',1607187365,'127.0.0.1','Mozilla/5.0 (X11; Ubuntu; Linux x86_64; rv:83.0) Gecko/20100101 Firefox/83.0'),(125,1,'Updated user details with email: test1@unza.zm',1607242404,'127.0.0.1','Mozilla/5.0 (X11; Ubuntu; Linux x86_64; rv:83.0) Gecko/20100101 Firefox/83.0'),(126,1,'Viewed audit trail logs',1607242508,'127.0.0.1','Mozilla/5.0 (X11; Ubuntu; Linux x86_64; rv:83.0) Gecko/20100101 Firefox/83.0'),(127,1,'Update role Administrator',1607245883,'127.0.0.1','Mozilla/5.0 (X11; Ubuntu; Linux x86_64; rv:83.0) Gecko/20100101 Firefox/83.0'),(128,1,'Viewed audit trail logs',1607247209,'127.0.0.1','Mozilla/5.0 (X11; Ubuntu; Linux x86_64; rv:83.0) Gecko/20100101 Firefox/83.0'),(129,1,'updated province name from Central to Central',1607247603,'127.0.0.1','Mozilla/5.0 (X11; Ubuntu; Linux x86_64; rv:83.0) Gecko/20100101 Firefox/83.0'),(130,1,'Viewed audit trail logs',1607247606,'127.0.0.1','Mozilla/5.0 (X11; Ubuntu; Linux x86_64; rv:83.0) Gecko/20100101 Firefox/83.0'),(131,1,'Viewed audit trail logs',1607247641,'127.0.0.1','Mozilla/5.0 (X11; Ubuntu; Linux x86_64; rv:83.0) Gecko/20100101 Firefox/83.0'),(132,1,'Viewed audit trail logs',1607247648,'127.0.0.1','Mozilla/5.0 (X11; Ubuntu; Linux x86_64; rv:83.0) Gecko/20100101 Firefox/83.0'),(133,1,'Viewed audit trail logs',1607247676,'127.0.0.1','Mozilla/5.0 (X11; Ubuntu; Linux x86_64; rv:83.0) Gecko/20100101 Firefox/83.0'),(134,1,'updated province name from Central to Central1',1607247693,'127.0.0.1','Mozilla/5.0 (X11; Ubuntu; Linux x86_64; rv:83.0) Gecko/20100101 Firefox/83.0'),(135,1,'Viewed audit trail logs',1607247695,'127.0.0.1','Mozilla/5.0 (X11; Ubuntu; Linux x86_64; rv:83.0) Gecko/20100101 Firefox/83.0'),(136,1,'updated province name from Central1 to Central',1607247704,'127.0.0.1','Mozilla/5.0 (X11; Ubuntu; Linux x86_64; rv:83.0) Gecko/20100101 Firefox/83.0'),(137,1,'Removed province Test from the system.',1607249537,'127.0.0.1','Mozilla/5.0 (X11; Ubuntu; Linux x86_64; rv:83.0) Gecko/20100101 Firefox/83.0'),(138,1,'Update role Administrator',1607251235,'127.0.0.1','Mozilla/5.0 (X11; Ubuntu; Linux x86_64; rv:83.0) Gecko/20100101 Firefox/83.0'),(139,1,'Udated district name from Chisamba to Chisamba1',1607251926,'127.0.0.1','Mozilla/5.0 (X11; Ubuntu; Linux x86_64; rv:83.0) Gecko/20100101 Firefox/83.0'),(140,1,'Udated district name from Chisamba1 to Chisamba',1607251931,'127.0.0.1','Mozilla/5.0 (X11; Ubuntu; Linux x86_64; rv:83.0) Gecko/20100101 Firefox/83.0'),(141,1,'Removed district test from the system.',1607252512,'127.0.0.1','Mozilla/5.0 (X11; Ubuntu; Linux x86_64; rv:83.0) Gecko/20100101 Firefox/83.0'),(142,1,'Removed district test from the system.',1607252524,'127.0.0.1','Mozilla/5.0 (X11; Ubuntu; Linux x86_64; rv:83.0) Gecko/20100101 Firefox/83.0'),(143,1,'Updated district name from test to Masaiti',1607252777,'127.0.0.1','Mozilla/5.0 (X11; Ubuntu; Linux x86_64; rv:83.0) Gecko/20100101 Firefox/83.0'),(144,1,'Removed district test from the system.',1607252791,'127.0.0.1','Mozilla/5.0 (X11; Ubuntu; Linux x86_64; rv:83.0) Gecko/20100101 Firefox/83.0'),(145,1,'Updated camp name from Camp 1 to Camp tes',1607253365,'127.0.0.1','Mozilla/5.0 (X11; Ubuntu; Linux x86_64; rv:83.0) Gecko/20100101 Firefox/83.0'),(146,1,'Updated camp name from Camp tes to Camp test',1607253369,'127.0.0.1','Mozilla/5.0 (X11; Ubuntu; Linux x86_64; rv:83.0) Gecko/20100101 Firefox/83.0'),(147,1,'Viewed audit trail logs',1607253762,'127.0.0.1','Mozilla/5.0 (X11; Ubuntu; Linux x86_64; rv:83.0) Gecko/20100101 Firefox/83.0'),(148,1,'Viewed audit trail logs',1607253822,'127.0.0.1','Mozilla/5.0 (X11; Ubuntu; Linux x86_64; rv:83.0) Gecko/20100101 Firefox/83.0'),(149,1,'Viewed audit trail logs',1607253858,'127.0.0.1','Mozilla/5.0 (X11; Ubuntu; Linux x86_64; rv:83.0) Gecko/20100101 Firefox/83.0'),(150,1,'Viewed audit trail logs',1607253880,'127.0.0.1','Mozilla/5.0 (X11; Ubuntu; Linux x86_64; rv:83.0) Gecko/20100101 Firefox/83.0'),(151,1,'Viewed audit trail logs',1607259589,'127.0.0.1','Mozilla/5.0 (X11; Ubuntu; Linux x86_64; rv:83.0) Gecko/20100101 Firefox/83.0'),(152,1,'Viewed audit trail logs',1607259595,'127.0.0.1','Mozilla/5.0 (X11; Ubuntu; Linux x86_64; rv:83.0) Gecko/20100101 Firefox/83.0'),(153,1,'Viewed audit trail logs',1607259607,'127.0.0.1','Mozilla/5.0 (X11; Ubuntu; Linux x86_64; rv:83.0) Gecko/20100101 Firefox/83.0'),(154,1,'Viewed audit trail logs',1607259612,'127.0.0.1','Mozilla/5.0 (X11; Ubuntu; Linux x86_64; rv:83.0) Gecko/20100101 Firefox/83.0'),(155,1,'Viewed audit trail logs',1607259625,'127.0.0.1','Mozilla/5.0 (X11; Ubuntu; Linux x86_64; rv:83.0) Gecko/20100101 Firefox/83.0'),(156,1,'Viewed audit trail logs',1607259632,'127.0.0.1','Mozilla/5.0 (X11; Ubuntu; Linux x86_64; rv:83.0) Gecko/20100101 Firefox/83.0'),(157,1,'Viewed audit trail logs',1607259699,'127.0.0.1','Mozilla/5.0 (X11; Ubuntu; Linux x86_64; rv:83.0) Gecko/20100101 Firefox/83.0'),(158,1,'Viewed audit trail logs',1607259706,'127.0.0.1','Mozilla/5.0 (X11; Ubuntu; Linux x86_64; rv:83.0) Gecko/20100101 Firefox/83.0'),(159,1,'Viewed audit trail logs',1607259932,'127.0.0.1','Mozilla/5.0 (X11; Ubuntu; Linux x86_64; rv:83.0) Gecko/20100101 Firefox/83.0'),(160,1,'Viewed audit trail logs',1607260015,'127.0.0.1','Mozilla/5.0 (X11; Ubuntu; Linux x86_64; rv:83.0) Gecko/20100101 Firefox/83.0'),(161,1,'Viewed audit trail logs',1607260051,'127.0.0.1','Mozilla/5.0 (X11; Ubuntu; Linux x86_64; rv:83.0) Gecko/20100101 Firefox/83.0'),(162,1,'Viewed audit trail logs',1607260061,'127.0.0.1','Mozilla/5.0 (X11; Ubuntu; Linux x86_64; rv:83.0) Gecko/20100101 Firefox/83.0'),(163,1,'Viewed audit trail logs',1607260109,'127.0.0.1','Mozilla/5.0 (X11; Ubuntu; Linux x86_64; rv:83.0) Gecko/20100101 Firefox/83.0'),(164,1,'Viewed audit trail logs',1607260118,'127.0.0.1','Mozilla/5.0 (X11; Ubuntu; Linux x86_64; rv:83.0) Gecko/20100101 Firefox/83.0'),(165,1,'Viewed audit trail logs',1607260130,'127.0.0.1','Mozilla/5.0 (X11; Ubuntu; Linux x86_64; rv:83.0) Gecko/20100101 Firefox/83.0'),(166,1,'Viewed audit trail logs',1607260137,'127.0.0.1','Mozilla/5.0 (X11; Ubuntu; Linux x86_64; rv:83.0) Gecko/20100101 Firefox/83.0'),(167,1,'Viewed audit trail logs',1607260408,'127.0.0.1','Mozilla/5.0 (X11; Ubuntu; Linux x86_64; rv:83.0) Gecko/20100101 Firefox/83.0'),(168,1,'Viewed audit trail logs',1607260413,'127.0.0.1','Mozilla/5.0 (X11; Ubuntu; Linux x86_64; rv:83.0) Gecko/20100101 Firefox/83.0'),(169,1,'Viewed audit trail logs',1607260423,'127.0.0.1','Mozilla/5.0 (X11; Ubuntu; Linux x86_64; rv:83.0) Gecko/20100101 Firefox/83.0'),(170,1,'Viewed audit trail logs',1607260432,'127.0.0.1','Mozilla/5.0 (X11; Ubuntu; Linux x86_64; rv:83.0) Gecko/20100101 Firefox/83.0'),(171,1,'Viewed audit trail logs',1607260449,'127.0.0.1','Mozilla/5.0 (X11; Ubuntu; Linux x86_64; rv:83.0) Gecko/20100101 Firefox/83.0'),(172,1,'Viewed audit trail logs',1607260452,'127.0.0.1','Mozilla/5.0 (X11; Ubuntu; Linux x86_64; rv:83.0) Gecko/20100101 Firefox/83.0'),(173,1,'Viewed audit trail logs',1607260458,'127.0.0.1','Mozilla/5.0 (X11; Ubuntu; Linux x86_64; rv:83.0) Gecko/20100101 Firefox/83.0'),(174,1,'Viewed audit trail logs',1607260466,'127.0.0.1','Mozilla/5.0 (X11; Ubuntu; Linux x86_64; rv:83.0) Gecko/20100101 Firefox/83.0'),(175,1,'Viewed audit trail logs',1607260473,'127.0.0.1','Mozilla/5.0 (X11; Ubuntu; Linux x86_64; rv:83.0) Gecko/20100101 Firefox/83.0'),(176,1,'Viewed audit trail logs',1607260539,'127.0.0.1','Mozilla/5.0 (X11; Ubuntu; Linux x86_64; rv:83.0) Gecko/20100101 Firefox/83.0'),(177,1,'Viewed audit trail logs',1607260544,'127.0.0.1','Mozilla/5.0 (X11; Ubuntu; Linux x86_64; rv:83.0) Gecko/20100101 Firefox/83.0'),(178,1,'Viewed audit trail logs',1607260660,'127.0.0.1','Mozilla/5.0 (X11; Ubuntu; Linux x86_64; rv:83.0) Gecko/20100101 Firefox/83.0'),(179,1,'Viewed audit trail logs',1607260663,'127.0.0.1','Mozilla/5.0 (X11; Ubuntu; Linux x86_64; rv:83.0) Gecko/20100101 Firefox/83.0'),(180,1,'Removed district Camp test from the system.',1607262303,'127.0.0.1','Mozilla/5.0 (X11; Ubuntu; Linux x86_64; rv:83.0) Gecko/20100101 Firefox/83.0'),(181,1,'Update role Administrator',1607262806,'127.0.0.1','Mozilla/5.0 (X11; Ubuntu; Linux x86_64; rv:83.0) Gecko/20100101 Firefox/83.0'),(182,1,'Added camp Camp 1',1607263313,'127.0.0.1','Mozilla/5.0 (X11; Ubuntu; Linux x86_64; rv:83.0) Gecko/20100101 Firefox/83.0'),(183,1,'Update role Administrator',1607264609,'127.0.0.1','Mozilla/5.0 (X11; Ubuntu; Linux x86_64; rv:83.0) Gecko/20100101 Firefox/83.0'),(184,1,'Added market Chisokone',1607267413,'127.0.0.1','Mozilla/5.0 (X11; Ubuntu; Linux x86_64; rv:83.0) Gecko/20100101 Firefox/83.0'),(185,1,'Added market Soweto',1607267496,'127.0.0.1','Mozilla/5.0 (X11; Ubuntu; Linux x86_64; rv:83.0) Gecko/20100101 Firefox/83.0'),(186,1,'Updated market name from Soweto to Chisokone',1607267547,'127.0.0.1','Mozilla/5.0 (X11; Ubuntu; Linux x86_64; rv:83.0) Gecko/20100101 Firefox/83.0'),(187,1,'Updated market name from Chisokone to Chisokone1',1607267577,'127.0.0.1','Mozilla/5.0 (X11; Ubuntu; Linux x86_64; rv:83.0) Gecko/20100101 Firefox/83.0'),(188,1,'Updated market name from Chisokone1 to Chisokone',1607267581,'127.0.0.1','Mozilla/5.0 (X11; Ubuntu; Linux x86_64; rv:83.0) Gecko/20100101 Firefox/83.0'),(189,1,'updated province name from Central to Central1',1607362050,'127.0.0.1','Mozilla/5.0 (X11; Ubuntu; Linux x86_64; rv:83.0) Gecko/20100101 Firefox/83.0'),(190,1,'updated province name from Central1 to Central',1607362055,'127.0.0.1','Mozilla/5.0 (X11; Ubuntu; Linux x86_64; rv:83.0) Gecko/20100101 Firefox/83.0'),(191,1,'Added province Test',1607362059,'127.0.0.1','Mozilla/5.0 (X11; Ubuntu; Linux x86_64; rv:83.0) Gecko/20100101 Firefox/83.0'),(192,1,'Removed province Test from the system.',1607362063,'127.0.0.1','Mozilla/5.0 (X11; Ubuntu; Linux x86_64; rv:83.0) Gecko/20100101 Firefox/83.0'),(193,1,'Updated district name from Masaiti to Masaiti1',1607362083,'127.0.0.1','Mozilla/5.0 (X11; Ubuntu; Linux x86_64; rv:83.0) Gecko/20100101 Firefox/83.0'),(194,1,'Updated district name from Masaiti1 to Masaiti',1607362090,'127.0.0.1','Mozilla/5.0 (X11; Ubuntu; Linux x86_64; rv:83.0) Gecko/20100101 Firefox/83.0'),(195,1,'Added district Test',1607362100,'127.0.0.1','Mozilla/5.0 (X11; Ubuntu; Linux x86_64; rv:83.0) Gecko/20100101 Firefox/83.0'),(196,1,'Removed district Test from the system.',1607362111,'127.0.0.1','Mozilla/5.0 (X11; Ubuntu; Linux x86_64; rv:83.0) Gecko/20100101 Firefox/83.0'),(197,1,'Updated camp name from Camp 1 to Camp one',1607362120,'127.0.0.1','Mozilla/5.0 (X11; Ubuntu; Linux x86_64; rv:83.0) Gecko/20100101 Firefox/83.0'),(198,1,'Added camp Camp 1',1607362135,'127.0.0.1','Mozilla/5.0 (X11; Ubuntu; Linux x86_64; rv:83.0) Gecko/20100101 Firefox/83.0'),(199,1,'Removed camp Camp 1 from the system.',1607362141,'127.0.0.1','Mozilla/5.0 (X11; Ubuntu; Linux x86_64; rv:83.0) Gecko/20100101 Firefox/83.0'),(200,1,'Updated market name from Soweto to Soweto 1',1607362167,'127.0.0.1','Mozilla/5.0 (X11; Ubuntu; Linux x86_64; rv:83.0) Gecko/20100101 Firefox/83.0'),(201,1,'Updated market name from Soweto 1 to Soweto',1607362171,'127.0.0.1','Mozilla/5.0 (X11; Ubuntu; Linux x86_64; rv:83.0) Gecko/20100101 Firefox/83.0'),(202,1,'Added market Tuesday',1607362187,'127.0.0.1','Mozilla/5.0 (X11; Ubuntu; Linux x86_64; rv:83.0) Gecko/20100101 Firefox/83.0'),(203,1,'Removed market Tuesday from the system.',1607362191,'127.0.0.1','Mozilla/5.0 (X11; Ubuntu; Linux x86_64; rv:83.0) Gecko/20100101 Firefox/83.0'),(204,1,'Updated profile details ',1607362247,'127.0.0.1','Mozilla/5.0 (X11; Ubuntu; Linux x86_64; rv:83.0) Gecko/20100101 Firefox/83.0'),(205,1,'Changed account password',1607362298,'127.0.0.1','Mozilla/5.0 (X11; Ubuntu; Linux x86_64; rv:83.0) Gecko/20100101 Firefox/83.0'),(206,1,'Update role Administrator',1607362421,'127.0.0.1','Mozilla/5.0 (X11; Ubuntu; Linux x86_64; rv:83.0) Gecko/20100101 Firefox/83.0'),(207,1,'Update role Administrator',1607362425,'127.0.0.1','Mozilla/5.0 (X11; Ubuntu; Linux x86_64; rv:83.0) Gecko/20100101 Firefox/83.0'),(208,1,'Created role Test',1607362485,'127.0.0.1','Mozilla/5.0 (X11; Ubuntu; Linux x86_64; rv:83.0) Gecko/20100101 Firefox/83.0'),(209,1,'Created role Test',1607362532,'127.0.0.1','Mozilla/5.0 (X11; Ubuntu; Linux x86_64; rv:83.0) Gecko/20100101 Firefox/83.0'),(210,1,'Removed role Test from the system',1607362535,'127.0.0.1','Mozilla/5.0 (X11; Ubuntu; Linux x86_64; rv:83.0) Gecko/20100101 Firefox/83.0'),(211,1,'Created role Test',1607362548,'127.0.0.1','Mozilla/5.0 (X11; Ubuntu; Linux x86_64; rv:83.0) Gecko/20100101 Firefox/83.0'),(212,1,'Removed role Test from the system',1607362552,'127.0.0.1','Mozilla/5.0 (X11; Ubuntu; Linux x86_64; rv:83.0) Gecko/20100101 Firefox/83.0'),(213,1,'Updated user details with email: chulu1francis@gmail.com',1607362692,'127.0.0.1','Mozilla/5.0 (X11; Ubuntu; Linux x86_64; rv:83.0) Gecko/20100101 Firefox/83.0'),(214,1,'Blocked user account with email chulu1francis@gmail.com',1607362700,'127.0.0.1','Mozilla/5.0 (X11; Ubuntu; Linux x86_64; rv:83.0) Gecko/20100101 Firefox/83.0'),(215,1,'Activated user account with email:test2@unza.zm',1607362711,'127.0.0.1','Mozilla/5.0 (X11; Ubuntu; Linux x86_64; rv:83.0) Gecko/20100101 Firefox/83.0'),(216,1,'Activated user account with email:chulu1francis@gmail.com',1607362716,'127.0.0.1','Mozilla/5.0 (X11; Ubuntu; Linux x86_64; rv:83.0) Gecko/20100101 Firefox/83.0'),(217,1,'Deleted user account with email testtest@unza.zm',1607362906,'127.0.0.1','Mozilla/5.0 (X11; Ubuntu; Linux x86_64; rv:83.0) Gecko/20100101 Firefox/83.0'),(218,1,'Created user with email: testtest1@unza.zm',1607362942,'127.0.0.1','Mozilla/5.0 (X11; Ubuntu; Linux x86_64; rv:83.0) Gecko/20100101 Firefox/83.0'),(219,1,'Deleted user account with email testtest1@unza.zm',1607362955,'127.0.0.1','Mozilla/5.0 (X11; Ubuntu; Linux x86_64; rv:83.0) Gecko/20100101 Firefox/83.0'),(220,1,'Update role Administrator',1607365503,'127.0.0.1','Mozilla/5.0 (X11; Ubuntu; Linux x86_64; rv:83.0) Gecko/20100101 Firefox/83.0'),(221,1,'Update role Administrator',1607417426,'127.0.0.1','Mozilla/5.0 (X11; Ubuntu; Linux x86_64; rv:83.0) Gecko/20100101 Firefox/83.0'),(222,1,'Added commodity category Test',1607417546,'127.0.0.1','Mozilla/5.0 (X11; Ubuntu; Linux x86_64; rv:83.0) Gecko/20100101 Firefox/83.0'),(223,1,'Removed commodity category Test from the system.',1607417550,'127.0.0.1','Mozilla/5.0 (X11; Ubuntu; Linux x86_64; rv:83.0) Gecko/20100101 Firefox/83.0'),(224,1,'Added commodity category Test',1607417556,'127.0.0.1','Mozilla/5.0 (X11; Ubuntu; Linux x86_64; rv:83.0) Gecko/20100101 Firefox/83.0'),(225,1,'Updated commodity category name from Test to Farming inputs',1607417593,'127.0.0.1','Mozilla/5.0 (X11; Ubuntu; Linux x86_64; rv:83.0) Gecko/20100101 Firefox/83.0'),(226,1,'Updated commodity category description to::Description',1607417619,'127.0.0.1','Mozilla/5.0 (X11; Ubuntu; Linux x86_64; rv:83.0) Gecko/20100101 Firefox/83.0'),(227,1,'Updated commodity category name from Farming inputs to Farming input',1607417624,'127.0.0.1','Mozilla/5.0 (X11; Ubuntu; Linux x86_64; rv:83.0) Gecko/20100101 Firefox/83.0'),(228,1,'Added commodity category Farm produce',1607417638,'127.0.0.1','Mozilla/5.0 (X11; Ubuntu; Linux x86_64; rv:83.0) Gecko/20100101 Firefox/83.0'),(229,1,'Updated commodity category description to::Description',1607417646,'127.0.0.1','Mozilla/5.0 (X11; Ubuntu; Linux x86_64; rv:83.0) Gecko/20100101 Firefox/83.0'),(230,1,'Updated commodity category name from Farming input to Farming inputs',1607417654,'127.0.0.1','Mozilla/5.0 (X11; Ubuntu; Linux x86_64; rv:83.0) Gecko/20100101 Firefox/83.0'),(231,1,'Updated commodity category description to::The resources that are used in farm production, such as chemicals, equipment, feed, seed, and energy',1607417765,'127.0.0.1','Mozilla/5.0 (X11; Ubuntu; Linux x86_64; rv:83.0) Gecko/20100101 Firefox/83.0'),(232,1,'Updated commodity category description to::The resources that are used in farm production, such as chemicals, equipment, feed, seed, and energy ssssssssssssssssssssssssssssssssssssssssssssssssssssssssssssssssssssssssssssssssssssssssssssssssssssssssssssssssssssssssssssssssssssssssssssssssssssssssssssssssssssssssssssssssssssssssssssssssss',1607417788,'127.0.0.1','Mozilla/5.0 (X11; Ubuntu; Linux x86_64; rv:83.0) Gecko/20100101 Firefox/83.0'),(233,1,'Updated commodity category description to::The resources that are used in farm production, such as chemicals, equipment, feed, seed, and energy ',1607417811,'127.0.0.1','Mozilla/5.0 (X11; Ubuntu; Linux x86_64; rv:83.0) Gecko/20100101 Firefox/83.0'),(234,1,'Updated commodity category description to::The resources that are used in farm production, such as chemicals, equipment, feed, seed, and energy ssssssssssssssssssssssssssssssssssssssssssssssssssssssssssssssssssssssssssssssssssssssssssssssssssssssssssssssssssssssssssssssssssssssssssssssssssssssssssssssssssssssssssssssssssssssssssssssss',1607418245,'127.0.0.1','Mozilla/5.0 (X11; Ubuntu; Linux x86_64; rv:83.0) Gecko/20100101 Firefox/83.0'),(235,1,'Updated commodity category description to::The resources that are used in farm production, such as chemicals, equipment, feed, seed, and energy sssssssssssssssssssssssssssssssssssssssssssssssssssssssssssssssssssssssssssssssssssssssssssssssssssssssssssssssssssssssssssssssssssssssssssssssssssssssssssssssssssssssssssssssssssssssssssssss',1607418984,'127.0.0.1','Mozilla/5.0 (X11; Ubuntu; Linux x86_64; rv:83.0) Gecko/20100101 Firefox/83.0'),(236,1,'Updated commodity category description to::The resources that are used in farm production, such as chemicals, equipment, feed, seed, and energy ',1607419166,'127.0.0.1','Mozilla/5.0 (X11; Ubuntu; Linux x86_64; rv:83.0) Gecko/20100101 Firefox/83.0'),(237,1,'Updated commodity category description to::The resources that are used in farm production, such as chemicals, equipment, feed, seed, and energy ssssssssssssssssssssssssssssssssssssssssssssssssssssssssssssssssssssssssssssssssssssssssssssssssssssssssssssssssssssssssssssssssssssssssssssssssssssssssssssssssssssssssssssssssssssssssssssssssssssssssssssssssssssssssssssssssssssssssssssss',1607419282,'127.0.0.1','Mozilla/5.0 (X11; Ubuntu; Linux x86_64; rv:83.0) Gecko/20100101 Firefox/83.0'),(238,1,'Updated commodity category description to::The resources that are used in farm production, such as chemicals, equipment, feed, seed, and energy ',1607419333,'127.0.0.1','Mozilla/5.0 (X11; Ubuntu; Linux x86_64; rv:83.0) Gecko/20100101 Firefox/83.0'),(239,1,'Updated commodity category description to::Farm outputs such as maize, groundnuts\r\n',1607423557,'127.0.0.1','Mozilla/5.0 (X11; Ubuntu; Linux x86_64; rv:83.0) Gecko/20100101 Firefox/83.0'),(240,1,'Added commodity type Maize',1607446739,'127.0.0.1','Mozilla/5.0 (X11; Ubuntu; Linux x86_64; rv:83.0) Gecko/20100101 Firefox/83.0'),(241,1,'Added commodity type Soya beans',1607447814,'127.0.0.1','Mozilla/5.0 (X11; Ubuntu; Linux x86_64; rv:83.0) Gecko/20100101 Firefox/83.0'),(242,1,'Added commodity type Groundnuts',1607447827,'127.0.0.1','Mozilla/5.0 (X11; Ubuntu; Linux x86_64; rv:83.0) Gecko/20100101 Firefox/83.0'),(243,1,'Updated commodity type name from Groundnuts to Maize',1607447843,'127.0.0.1','Mozilla/5.0 (X11; Ubuntu; Linux x86_64; rv:83.0) Gecko/20100101 Firefox/83.0'),(244,1,'Added commodity type Rice',1607447871,'127.0.0.1','Mozilla/5.0 (X11; Ubuntu; Linux x86_64; rv:83.0) Gecko/20100101 Firefox/83.0'),(245,1,'Added commodity type Mealie meal',1607447890,'127.0.0.1','Mozilla/5.0 (X11; Ubuntu; Linux x86_64; rv:83.0) Gecko/20100101 Firefox/83.0'),(246,1,'Added commodity type Roller meal',1607447902,'127.0.0.1','Mozilla/5.0 (X11; Ubuntu; Linux x86_64; rv:83.0) Gecko/20100101 Firefox/83.0'),(247,1,'Added commodity category Farm output by products',1607447921,'127.0.0.1','Mozilla/5.0 (X11; Ubuntu; Linux x86_64; rv:83.0) Gecko/20100101 Firefox/83.0'),(248,1,'Updated commodity category name from Farm produce to Farm outs',1607447929,'127.0.0.1','Mozilla/5.0 (X11; Ubuntu; Linux x86_64; rv:83.0) Gecko/20100101 Firefox/83.0'),(249,1,'Updated commodity category name from Farm outs to Farm outputs',1607447942,'127.0.0.1','Mozilla/5.0 (X11; Ubuntu; Linux x86_64; rv:83.0) Gecko/20100101 Firefox/83.0'),(250,1,'Updated commodity type category to::4',1607447952,'127.0.0.1','Mozilla/5.0 (X11; Ubuntu; Linux x86_64; rv:83.0) Gecko/20100101 Firefox/83.0'),(251,1,'Updated commodity type category to::4',1607447956,'127.0.0.1','Mozilla/5.0 (X11; Ubuntu; Linux x86_64; rv:83.0) Gecko/20100101 Firefox/83.0'),(252,1,'Added commodity type Maize Seed',1607447971,'127.0.0.1','Mozilla/5.0 (X11; Ubuntu; Linux x86_64; rv:83.0) Gecko/20100101 Firefox/83.0'),(253,1,'Added commodity type Groundnut seed',1607447992,'127.0.0.1','Mozilla/5.0 (X11; Ubuntu; Linux x86_64; rv:83.0) Gecko/20100101 Firefox/83.0'),(254,1,'Added commodity type Rice seed',1607448004,'127.0.0.1','Mozilla/5.0 (X11; Ubuntu; Linux x86_64; rv:83.0) Gecko/20100101 Firefox/83.0'),(255,1,'Added commodity type D-Compound',1607448021,'127.0.0.1','Mozilla/5.0 (X11; Ubuntu; Linux x86_64; rv:83.0) Gecko/20100101 Firefox/83.0'),(256,1,'Added commodity type Urea',1607448041,'127.0.0.1','Mozilla/5.0 (X11; Ubuntu; Linux x86_64; rv:83.0) Gecko/20100101 Firefox/83.0'),(257,1,'Added commodity type Test',1607448169,'127.0.0.1','Mozilla/5.0 (X11; Ubuntu; Linux x86_64; rv:83.0) Gecko/20100101 Firefox/83.0'),(258,1,'Removed commodity type Test from the system.',1607448184,'127.0.0.1','Mozilla/5.0 (X11; Ubuntu; Linux x86_64; rv:83.0) Gecko/20100101 Firefox/83.0'),(259,1,'Updated commodity category name from Farm output by products to Farm output by-products',1607585616,'127.0.0.1','Mozilla/5.0 (X11; Ubuntu; Linux x86_64; rv:83.0) Gecko/20100101 Firefox/83.0'),(260,1,'Updated commodity price level description to::Farm gate',1607588412,'127.0.0.1','Mozilla/5.0 (X11; Ubuntu; Linux x86_64; rv:83.0) Gecko/20100101 Firefox/83.0'),(261,1,'Added commodity price level Test level',1607588513,'127.0.0.1','Mozilla/5.0 (X11; Ubuntu; Linux x86_64; rv:83.0) Gecko/20100101 Firefox/83.0'),(262,1,'Removed Commodity price level Test level from the system.',1607588618,'127.0.0.1','Mozilla/5.0 (X11; Ubuntu; Linux x86_64; rv:83.0) Gecko/20100101 Firefox/83.0'),(263,1,'Update role Administrator',1607589736,'127.0.0.1','Mozilla/5.0 (X11; Ubuntu; Linux x86_64; rv:83.0) Gecko/20100101 Firefox/83.0'),(264,1,'Updated commodity price details',1607598826,'127.0.0.1','Mozilla/5.0 (X11; Ubuntu; Linux x86_64; rv:83.0) Gecko/20100101 Firefox/83.0'),(265,1,'Updated commodity price details',1607598831,'127.0.0.1','Mozilla/5.0 (X11; Ubuntu; Linux x86_64; rv:83.0) Gecko/20100101 Firefox/83.0'),(266,1,'Updated commodity price details',1607600021,'127.0.0.1','Mozilla/5.0 (X11; Ubuntu; Linux x86_64; rv:83.0) Gecko/20100101 Firefox/83.0'),(267,1,'Updated commodity price details',1607600044,'127.0.0.1','Mozilla/5.0 (X11; Ubuntu; Linux x86_64; rv:83.0) Gecko/20100101 Firefox/83.0'),(268,1,'Update role Administrator',1607600190,'127.0.0.1','Mozilla/5.0 (X11; Ubuntu; Linux x86_64; rv:83.0) Gecko/20100101 Firefox/83.0'),(269,1,'Updated commodity price details',1607600728,'127.0.0.1','Mozilla/5.0 (X11; Ubuntu; Linux x86_64; rv:83.0) Gecko/20100101 Firefox/83.0'),(270,1,'Updated commodity price details',1607600734,'127.0.0.1','Mozilla/5.0 (X11; Ubuntu; Linux x86_64; rv:83.0) Gecko/20100101 Firefox/83.0'),(271,1,'Updated commodity price details',1607601306,'127.0.0.1','Mozilla/5.0 (X11; Ubuntu; Linux x86_64; rv:83.0) Gecko/20100101 Firefox/83.0'),(272,1,'Updated commodity price details',1607601320,'127.0.0.1','Mozilla/5.0 (X11; Ubuntu; Linux x86_64; rv:83.0) Gecko/20100101 Firefox/83.0'),(273,1,'Updated commodity price details',1607601338,'127.0.0.1','Mozilla/5.0 (X11; Ubuntu; Linux x86_64; rv:83.0) Gecko/20100101 Firefox/83.0'),(274,1,'Updated commodity price details',1607601363,'127.0.0.1','Mozilla/5.0 (X11; Ubuntu; Linux x86_64; rv:83.0) Gecko/20100101 Firefox/83.0'),(275,1,'Updated commodity price details',1607601519,'127.0.0.1','Mozilla/5.0 (X11; Ubuntu; Linux x86_64; rv:83.0) Gecko/20100101 Firefox/83.0'),(276,1,'Updated commodity price details',1607601536,'127.0.0.1','Mozilla/5.0 (X11; Ubuntu; Linux x86_64; rv:83.0) Gecko/20100101 Firefox/83.0'),(277,1,'Updated commodity price details',1607601552,'127.0.0.1','Mozilla/5.0 (X11; Ubuntu; Linux x86_64; rv:83.0) Gecko/20100101 Firefox/83.0'),(278,1,'Updated commodity price details',1607601558,'127.0.0.1','Mozilla/5.0 (X11; Ubuntu; Linux x86_64; rv:83.0) Gecko/20100101 Firefox/83.0'),(279,1,'Updated commodity price details',1607601566,'127.0.0.1','Mozilla/5.0 (X11; Ubuntu; Linux x86_64; rv:83.0) Gecko/20100101 Firefox/83.0'),(280,1,'Updated commodity price details',1607601575,'127.0.0.1','Mozilla/5.0 (X11; Ubuntu; Linux x86_64; rv:83.0) Gecko/20100101 Firefox/83.0'),(281,1,'Updated commodity price details',1607601580,'127.0.0.1','Mozilla/5.0 (X11; Ubuntu; Linux x86_64; rv:83.0) Gecko/20100101 Firefox/83.0'),(282,1,'Updated commodity price details',1607601586,'127.0.0.1','Mozilla/5.0 (X11; Ubuntu; Linux x86_64; rv:83.0) Gecko/20100101 Firefox/83.0'),(283,1,'Updated commodity price details',1607601594,'127.0.0.1','Mozilla/5.0 (X11; Ubuntu; Linux x86_64; rv:83.0) Gecko/20100101 Firefox/83.0'),(284,1,'Updated commodity price details',1607601599,'127.0.0.1','Mozilla/5.0 (X11; Ubuntu; Linux x86_64; rv:83.0) Gecko/20100101 Firefox/83.0'),(285,1,'Updated commodity price details',1607601601,'127.0.0.1','Mozilla/5.0 (X11; Ubuntu; Linux x86_64; rv:83.0) Gecko/20100101 Firefox/83.0'),(286,1,'Updated commodity price details',1607601607,'127.0.0.1','Mozilla/5.0 (X11; Ubuntu; Linux x86_64; rv:83.0) Gecko/20100101 Firefox/83.0'),(287,1,'Updated commodity price details',1607601611,'127.0.0.1','Mozilla/5.0 (X11; Ubuntu; Linux x86_64; rv:83.0) Gecko/20100101 Firefox/83.0'),(288,1,'Updated commodity price details',1607601627,'127.0.0.1','Mozilla/5.0 (X11; Ubuntu; Linux x86_64; rv:83.0) Gecko/20100101 Firefox/83.0'),(289,1,'Updated commodity price details',1607601630,'127.0.0.1','Mozilla/5.0 (X11; Ubuntu; Linux x86_64; rv:83.0) Gecko/20100101 Firefox/83.0'),(290,1,'Updated commodity price details',1607601662,'127.0.0.1','Mozilla/5.0 (X11; Ubuntu; Linux x86_64; rv:83.0) Gecko/20100101 Firefox/83.0'),(291,1,'Updated commodity price details',1607601744,'127.0.0.1','Mozilla/5.0 (X11; Ubuntu; Linux x86_64; rv:83.0) Gecko/20100101 Firefox/83.0'),(292,1,'Updated commodity price details',1607601759,'127.0.0.1','Mozilla/5.0 (X11; Ubuntu; Linux x86_64; rv:83.0) Gecko/20100101 Firefox/83.0'),(293,1,'Updated commodity price details',1607601764,'127.0.0.1','Mozilla/5.0 (X11; Ubuntu; Linux x86_64; rv:83.0) Gecko/20100101 Firefox/83.0'),(294,1,'Updated commodity price details',1607601769,'127.0.0.1','Mozilla/5.0 (X11; Ubuntu; Linux x86_64; rv:83.0) Gecko/20100101 Firefox/83.0'),(295,1,'Updated commodity price details',1607601859,'127.0.0.1','Mozilla/5.0 (X11; Ubuntu; Linux x86_64; rv:83.0) Gecko/20100101 Firefox/83.0'),(296,1,'Updated commodity price details',1607601861,'127.0.0.1','Mozilla/5.0 (X11; Ubuntu; Linux x86_64; rv:83.0) Gecko/20100101 Firefox/83.0'),(297,1,'Added market Chisamba test',1607623358,'127.0.0.1','Mozilla/5.0 (X11; Ubuntu; Linux x86_64; rv:83.0) Gecko/20100101 Firefox/83.0'),(298,1,'Removed commodity price from the system.',1607627535,'127.0.0.1','Mozilla/5.0 (X11; Ubuntu; Linux x86_64; rv:83.0) Gecko/20100101 Firefox/83.0'),(299,13,'Created user with email: simonchiwamba@gmail.com',1609772152,'::1','Mozilla/5.0 (Windows NT 10.0; Win64; x64) AppleWebKit/537.36 (KHTML, like Gecko) Chrome/87.0.4280.88 Safari/537.36 Edg/87.0.664.66'),(300,14,'Added component : Enabling Environment for Agribusiness Development Growth',1609839372,'::1','Mozilla/5.0 (Windows NT 10.0; Win64; x64) AppleWebKit/537.36 (KHTML, like Gecko) Chrome/87.0.4280.88 Safari/537.36'),(301,14,'Added component :  Sustainable Agribusiness Partnerships',1609842056,'::1','Mozilla/5.0 (Windows NT 10.0; Win64; x64) AppleWebKit/537.36 (KHTML, like Gecko) Chrome/87.0.4280.88 Safari/537.36'),(302,14,'Added component :  Agribusiness Policy Development',1609849921,'::1','Mozilla/5.0 (Windows NT 10.0; Win64; x64) AppleWebKit/537.36 (KHTML, like Gecko) Chrome/87.0.4280.88 Safari/537.36'),(303,14,'Added component :  Environment for Agribusiness Development Growth',1609853772,'::1','Mozilla/5.0 (Windows NT 10.0; Win64; x64) AppleWebKit/537.36 (KHTML, like Gecko) Chrome/87.0.4280.88 Safari/537.36'),(304,14,'Added component : test',1609854134,'::1','Mozilla/5.0 (Windows NT 10.0; Win64; x64) AppleWebKit/537.36 (KHTML, like Gecko) Chrome/87.0.4280.88 Safari/537.36'),(305,14,'Added component : test2',1609854180,'::1','Mozilla/5.0 (Windows NT 10.0; Win64; x64) AppleWebKit/537.36 (KHTML, like Gecko) Chrome/87.0.4280.88 Safari/537.36'),(306,14,'Added component : test26',1609854217,'::1','Mozilla/5.0 (Windows NT 10.0; Win64; x64) AppleWebKit/537.36 (KHTML, like Gecko) Chrome/87.0.4280.88 Safari/537.36'),(307,14,'Added component : test 26',1609855154,'::1','Mozilla/5.0 (Windows NT 10.0; Win64; x64) AppleWebKit/537.36 (KHTML, like Gecko) Chrome/87.0.4280.88 Safari/537.36'),(308,14,'Added component : test 266',1609855419,'::1','Mozilla/5.0 (Windows NT 10.0; Win64; x64) AppleWebKit/537.36 (KHTML, like Gecko) Chrome/87.0.4280.88 Safari/537.36'),(309,14,'Added component : test 26 4',1609855515,'::1','Mozilla/5.0 (Windows NT 10.0; Win64; x64) AppleWebKit/537.36 (KHTML, like Gecko) Chrome/87.0.4280.88 Safari/537.36'),(310,14,'Update role Administrator',1609917280,'::1','Mozilla/5.0 (Windows NT 10.0; Win64; x64) AppleWebKit/537.36 (KHTML, like Gecko) Chrome/87.0.4280.88 Safari/537.36'),(311,14,'Update role Administrator',1609917481,'::1','Mozilla/5.0 (Windows NT 10.0; Win64; x64) AppleWebKit/537.36 (KHTML, like Gecko) Chrome/87.0.4280.88 Safari/537.36'),(312,14,'Update role Administrator',1609939120,'::1','Mozilla/5.0 (Windows NT 10.0; Win64; x64) AppleWebKit/537.36 (KHTML, like Gecko) Chrome/87.0.4280.88 Safari/537.36'),(313,14,'Added template : 2001',1609964566,'::1','Mozilla/5.0 (Windows NT 10.0; Win64; x64) AppleWebKit/537.36 (KHTML, like Gecko) Chrome/87.0.4280.88 Safari/537.36'),(314,14,'Added template : 2000',1609964704,'::1','Mozilla/5.0 (Windows NT 10.0; Win64; x64) AppleWebKit/537.36 (KHTML, like Gecko) Chrome/87.0.4280.88 Safari/537.36'),(315,14,'Added template : 2002',1609965222,'::1','Mozilla/5.0 (Windows NT 10.0; Win64; x64) AppleWebKit/537.36 (KHTML, like Gecko) Chrome/87.0.4280.88 Safari/537.36'),(316,14,'Added template : 2003',1609968491,'::1','Mozilla/5.0 (Windows NT 10.0; Win64; x64) AppleWebKit/537.36 (KHTML, like Gecko) Chrome/87.0.4280.88 Safari/537.36'),(317,14,'Added template : 2005',1609968527,'::1','Mozilla/5.0 (Windows NT 10.0; Win64; x64) AppleWebKit/537.36 (KHTML, like Gecko) Chrome/87.0.4280.88 Safari/537.36'),(318,14,'Added template : 2006',1609968637,'::1','Mozilla/5.0 (Windows NT 10.0; Win64; x64) AppleWebKit/537.36 (KHTML, like Gecko) Chrome/87.0.4280.88 Safari/537.36'),(319,14,'Added template : 1980',1610000838,'::1','Mozilla/5.0 (Windows NT 10.0; Win64; x64) AppleWebKit/537.36 (KHTML, like Gecko) Chrome/87.0.4280.88 Safari/537.36'),(320,14,'Added template : 1981',1610000993,'::1','Mozilla/5.0 (Windows NT 10.0; Win64; x64) AppleWebKit/537.36 (KHTML, like Gecko) Chrome/87.0.4280.88 Safari/537.36'),(321,14,'Added template : 1983',1610001015,'::1','Mozilla/5.0 (Windows NT 10.0; Win64; x64) AppleWebKit/537.36 (KHTML, like Gecko) Chrome/87.0.4280.88 Safari/537.36'),(322,14,'Added template : 1982',1610001129,'::1','Mozilla/5.0 (Windows NT 10.0; Win64; x64) AppleWebKit/537.36 (KHTML, like Gecko) Chrome/87.0.4280.88 Safari/537.36'),(323,14,'Added template : 1984',1610001215,'::1','Mozilla/5.0 (Windows NT 10.0; Win64; x64) AppleWebKit/537.36 (KHTML, like Gecko) Chrome/87.0.4280.88 Safari/537.36'),(324,14,'Added template : 1985',1610001405,'::1','Mozilla/5.0 (Windows NT 10.0; Win64; x64) AppleWebKit/537.36 (KHTML, like Gecko) Chrome/87.0.4280.88 Safari/537.36'),(325,14,'Added template : 1986',1610001588,'::1','Mozilla/5.0 (Windows NT 10.0; Win64; x64) AppleWebKit/537.36 (KHTML, like Gecko) Chrome/87.0.4280.88 Safari/537.36'),(326,14,'Added template : 1987',1610001883,'::1','Mozilla/5.0 (Windows NT 10.0; Win64; x64) AppleWebKit/537.36 (KHTML, like Gecko) Chrome/87.0.4280.88 Safari/537.36'),(327,14,'Added template : 1988',1610001985,'::1','Mozilla/5.0 (Windows NT 10.0; Win64; x64) AppleWebKit/537.36 (KHTML, like Gecko) Chrome/87.0.4280.88 Safari/537.36'),(328,14,'Added template : 1989',1610002209,'::1','Mozilla/5.0 (Windows NT 10.0; Win64; x64) AppleWebKit/537.36 (KHTML, like Gecko) Chrome/87.0.4280.88 Safari/537.36'),(329,14,'Added template : 1910',1610002266,'::1','Mozilla/5.0 (Windows NT 10.0; Win64; x64) AppleWebKit/537.36 (KHTML, like Gecko) Chrome/87.0.4280.88 Safari/537.36'),(330,14,'Added template : 1911',1610002642,'::1','Mozilla/5.0 (Windows NT 10.0; Win64; x64) AppleWebKit/537.36 (KHTML, like Gecko) Chrome/87.0.4280.88 Safari/537.36'),(331,14,'Added template : 1912',1610007825,'::1','Mozilla/5.0 (Windows NT 10.0; Win64; x64) AppleWebKit/537.36 (KHTML, like Gecko) Chrome/87.0.4280.88 Safari/537.36'),(332,14,'Added template : 1913',1610007932,'::1','Mozilla/5.0 (Windows NT 10.0; Win64; x64) AppleWebKit/537.36 (KHTML, like Gecko) Chrome/87.0.4280.88 Safari/537.36'),(333,14,'Added template : 1915',1610008326,'::1','Mozilla/5.0 (Windows NT 10.0; Win64; x64) AppleWebKit/537.36 (KHTML, like Gecko) Chrome/87.0.4280.88 Safari/537.36'),(334,14,'Added template : 1916',1610008412,'::1','Mozilla/5.0 (Windows NT 10.0; Win64; x64) AppleWebKit/537.36 (KHTML, like Gecko) Chrome/87.0.4280.88 Safari/537.36'),(335,14,'Added template : 1917',1610008552,'::1','Mozilla/5.0 (Windows NT 10.0; Win64; x64) AppleWebKit/537.36 (KHTML, like Gecko) Chrome/87.0.4280.88 Safari/537.36'),(336,14,'Added template : 1918',1610008749,'::1','Mozilla/5.0 (Windows NT 10.0; Win64; x64) AppleWebKit/537.36 (KHTML, like Gecko) Chrome/87.0.4280.88 Safari/537.36'),(337,14,'Added template : 1804',1610040425,'::1','Mozilla/5.0 (Windows NT 10.0; Win64; x64) AppleWebKit/537.36 (KHTML, like Gecko) Chrome/87.0.4280.88 Safari/537.36'),(338,14,'Added template : 1805',1610040775,'::1','Mozilla/5.0 (Windows NT 10.0; Win64; x64) AppleWebKit/537.36 (KHTML, like Gecko) Chrome/87.0.4280.88 Safari/537.36'),(339,14,'Created user with email: thomas.chiwamba@yahoo.com',1610142328,'::1','Mozilla/5.0 (Windows NT 10.0; Win64; x64) AppleWebKit/537.36 (KHTML, like Gecko) Chrome/87.0.4280.88 Safari/537.36'),(340,14,'Update role User',1610142538,'::1','Mozilla/5.0 (Windows NT 10.0; Win64; x64) AppleWebKit/537.36 (KHTML, like Gecko) Chrome/87.0.4280.88 Safari/537.36'),(341,14,'Added activity : A gg',1610372602,'::1','Mozilla/5.0 (Windows NT 10.0; Win64; x64) AppleWebKit/537.36 (KHTML, like Gecko) Chrome/87.0.4280.88 Safari/537.36'),(342,14,'Added activity : A Test',1610372771,'::1','Mozilla/5.0 (Windows NT 10.0; Win64; x64) AppleWebKit/537.36 (KHTML, like Gecko) Chrome/87.0.4280.88 Safari/537.36'),(343,14,'Added activity : A Test',1610372950,'::1','Mozilla/5.0 (Windows NT 10.0; Win64; x64) AppleWebKit/537.36 (KHTML, like Gecko) Chrome/87.0.4280.88 Safari/537.36'),(344,14,'Added activity : B Test b',1610373149,'::1','Mozilla/5.0 (Windows NT 10.0; Win64; x64) AppleWebKit/537.36 (KHTML, like Gecko) Chrome/87.0.4280.88 Safari/537.36'),(345,14,'Added activity : B Test b',1610373297,'::1','Mozilla/5.0 (Windows NT 10.0; Win64; x64) AppleWebKit/537.36 (KHTML, like Gecko) Chrome/87.0.4280.88 Safari/537.36'),(346,14,'Added activity : A Test b',1610373891,'::1','Mozilla/5.0 (Windows NT 10.0; Win64; x64) AppleWebKit/537.36 (KHTML, like Gecko) Chrome/87.0.4280.88 Safari/537.36'),(347,14,'Added activity : B Test b',1610374872,'::1','Mozilla/5.0 (Windows NT 10.0; Win64; x64) AppleWebKit/537.36 (KHTML, like Gecko) Chrome/87.0.4280.88 Safari/537.36'),(348,14,'Added activity : C Test b',1610375022,'::1','Mozilla/5.0 (Windows NT 10.0; Win64; x64) AppleWebKit/537.36 (KHTML, like Gecko) Chrome/87.0.4280.88 Safari/537.36'),(349,14,'Added activity : D Test b',1610375176,'::1','Mozilla/5.0 (Windows NT 10.0; Win64; x64) AppleWebKit/537.36 (KHTML, like Gecko) Chrome/87.0.4280.88 Safari/537.36'),(350,14,'Added activity : E Test b',1610375187,'::1','Mozilla/5.0 (Windows NT 10.0; Win64; x64) AppleWebKit/537.36 (KHTML, like Gecko) Chrome/87.0.4280.88 Safari/537.36'),(351,14,'Added activity : F Test b',1610375201,'::1','Mozilla/5.0 (Windows NT 10.0; Win64; x64) AppleWebKit/537.36 (KHTML, like Gecko) Chrome/87.0.4280.88 Safari/537.36'),(352,14,'Added activity : A Test 34',1610375228,'::1','Mozilla/5.0 (Windows NT 10.0; Win64; x64) AppleWebKit/537.36 (KHTML, like Gecko) Chrome/87.0.4280.88 Safari/537.36'),(353,14,'Added activity : B Test 34',1610375238,'::1','Mozilla/5.0 (Windows NT 10.0; Win64; x64) AppleWebKit/537.36 (KHTML, like Gecko) Chrome/87.0.4280.88 Safari/537.36'),(354,14,'Added activity : 2001.1 Test 34',1610375253,'::1','Mozilla/5.0 (Windows NT 10.0; Win64; x64) AppleWebKit/537.36 (KHTML, like Gecko) Chrome/87.0.4280.88 Safari/537.36'),(355,14,'Added activity : 2001. Test 34',1610376488,'::1','Mozilla/5.0 (Windows NT 10.0; Win64; x64) AppleWebKit/537.36 (KHTML, like Gecko) Chrome/87.0.4280.88 Safari/537.36'),(356,14,'Added activity : 2001. Test 34',1610376521,'::1','Mozilla/5.0 (Windows NT 10.0; Win64; x64) AppleWebKit/537.36 (KHTML, like Gecko) Chrome/87.0.4280.88 Safari/537.36'),(357,14,'Added activity : A.1 gg',1610376609,'::1','Mozilla/5.0 (Windows NT 10.0; Win64; x64) AppleWebKit/537.36 (KHTML, like Gecko) Chrome/87.0.4280.88 Safari/537.36'),(358,14,'Added activity : A. gg',1610376621,'::1','Mozilla/5.0 (Windows NT 10.0; Win64; x64) AppleWebKit/537.36 (KHTML, like Gecko) Chrome/87.0.4280.88 Safari/537.36'),(359,14,'Added activity : A. gg',1610376746,'::1','Mozilla/5.0 (Windows NT 10.0; Win64; x64) AppleWebKit/537.36 (KHTML, like Gecko) Chrome/87.0.4280.88 Safari/537.36'),(360,14,'Added activity : A. gg',1610376835,'::1','Mozilla/5.0 (Windows NT 10.0; Win64; x64) AppleWebKit/537.36 (KHTML, like Gecko) Chrome/87.0.4280.88 Safari/537.36'),(361,14,'Added activity : A. gg',1610376854,'::1','Mozilla/5.0 (Windows NT 10.0; Win64; x64) AppleWebKit/537.36 (KHTML, like Gecko) Chrome/87.0.4280.88 Safari/537.36'),(362,14,'Added activity : A. gg',1610377012,'::1','Mozilla/5.0 (Windows NT 10.0; Win64; x64) AppleWebKit/537.36 (KHTML, like Gecko) Chrome/87.0.4280.88 Safari/537.36'),(363,14,'Added activity : A.6 gg',1610377067,'::1','Mozilla/5.0 (Windows NT 10.0; Win64; x64) AppleWebKit/537.36 (KHTML, like Gecko) Chrome/87.0.4280.88 Safari/537.36'),(364,14,'Added activity : A.7 gg',1610377193,'::1','Mozilla/5.0 (Windows NT 10.0; Win64; x64) AppleWebKit/537.36 (KHTML, like Gecko) Chrome/87.0.4280.88 Safari/537.36'),(365,14,'Added activity : A.8 gg',1610377245,'::1','Mozilla/5.0 (Windows NT 10.0; Win64; x64) AppleWebKit/537.36 (KHTML, like Gecko) Chrome/87.0.4280.88 Safari/537.36'),(366,14,'Added activity : A.9 gg',1610377318,'::1','Mozilla/5.0 (Windows NT 10.0; Win64; x64) AppleWebKit/537.36 (KHTML, like Gecko) Chrome/87.0.4280.88 Safari/537.36'),(367,14,'Added activity : A.10 gg',1610377520,'::1','Mozilla/5.0 (Windows NT 10.0; Win64; x64) AppleWebKit/537.36 (KHTML, like Gecko) Chrome/87.0.4280.88 Safari/537.36'),(368,14,'Added activity : A.11 gg',1610377918,'::1','Mozilla/5.0 (Windows NT 10.0; Win64; x64) AppleWebKit/537.36 (KHTML, like Gecko) Chrome/87.0.4280.88 Safari/537.36'),(369,14,'Added activity : A.12 Agribusiness',1610377952,'::1','Mozilla/5.0 (Windows NT 10.0; Win64; x64) AppleWebKit/537.36 (KHTML, like Gecko) Chrome/87.0.4280.88 Safari/537.36'),(370,14,'Added activity : A.1 Agribusiness',1610378079,'::1','Mozilla/5.0 (Windows NT 10.0; Win64; x64) AppleWebKit/537.36 (KHTML, like Gecko) Chrome/87.0.4280.88 Safari/537.36'),(371,14,'Added activity : A.2 Agribusiness',1610378088,'::1','Mozilla/5.0 (Windows NT 10.0; Win64; x64) AppleWebKit/537.36 (KHTML, like Gecko) Chrome/87.0.4280.88 Safari/537.36'),(372,14,'Added activity : A.1 Agribusiness',1610378100,'::1','Mozilla/5.0 (Windows NT 10.0; Win64; x64) AppleWebKit/537.36 (KHTML, like Gecko) Chrome/87.0.4280.88 Safari/537.36'),(373,14,'Added activity : A.1 Agribusiness',1610378751,'::1','Mozilla/5.0 (Windows NT 10.0; Win64; x64) AppleWebKit/537.36 (KHTML, like Gecko) Chrome/87.0.4280.88 Safari/537.36'),(374,14,'Added activity : A.2 Agribusiness',1610379247,'::1','Mozilla/5.0 (Windows NT 10.0; Win64; x64) AppleWebKit/537.36 (KHTML, like Gecko) Chrome/87.0.4280.88 Safari/537.36'),(375,14,'Added activity : A.3 Agribusiness',1610379319,'::1','Mozilla/5.0 (Windows NT 10.0; Win64; x64) AppleWebKit/537.36 (KHTML, like Gecko) Chrome/87.0.4280.88 Safari/537.36'),(376,14,'Added activity : A.1 Agribusiness',1610379353,'::1','Mozilla/5.0 (Windows NT 10.0; Win64; x64) AppleWebKit/537.36 (KHTML, like Gecko) Chrome/87.0.4280.88 Safari/537.36'),(377,14,'Added activity : A.1 Agribusiness',1610379375,'::1','Mozilla/5.0 (Windows NT 10.0; Win64; x64) AppleWebKit/537.36 (KHTML, like Gecko) Chrome/87.0.4280.88 Safari/537.36'),(378,14,'Added activity : A.1 ffff',1610379517,'::1','Mozilla/5.0 (Windows NT 10.0; Win64; x64) AppleWebKit/537.36 (KHTML, like Gecko) Chrome/87.0.4280.88 Safari/537.36'),(379,14,'Added activity : A.2 ffff',1610379612,'::1','Mozilla/5.0 (Windows NT 10.0; Win64; x64) AppleWebKit/537.36 (KHTML, like Gecko) Chrome/87.0.4280.88 Safari/537.36'),(380,14,'Added activity : A.4 ffff',1610379650,'::1','Mozilla/5.0 (Windows NT 10.0; Win64; x64) AppleWebKit/537.36 (KHTML, like Gecko) Chrome/87.0.4280.88 Safari/537.36'),(381,14,'Added activity : A.5 ffff',1610379687,'::1','Mozilla/5.0 (Windows NT 10.0; Win64; x64) AppleWebKit/537.36 (KHTML, like Gecko) Chrome/87.0.4280.88 Safari/537.36'),(382,14,'Added activity : A.6 ddd',1610379977,'::1','Mozilla/5.0 (Windows NT 10.0; Win64; x64) AppleWebKit/537.36 (KHTML, like Gecko) Chrome/87.0.4280.88 Safari/537.36'),(383,14,'Added activity : A.1 ddd',1610380046,'::1','Mozilla/5.0 (Windows NT 10.0; Win64; x64) AppleWebKit/537.36 (KHTML, like Gecko) Chrome/87.0.4280.88 Safari/537.36'),(384,14,'Added activity : A.2 ddd',1610380057,'::1','Mozilla/5.0 (Windows NT 10.0; Win64; x64) AppleWebKit/537.36 (KHTML, like Gecko) Chrome/87.0.4280.88 Safari/537.36'),(385,14,'Added activity : A.3 ddd',1610380090,'::1','Mozilla/5.0 (Windows NT 10.0; Win64; x64) AppleWebKit/537.36 (KHTML, like Gecko) Chrome/87.0.4280.88 Safari/537.36'),(386,14,'Added activity : 6.A.4 Mike',1610380698,'::1','Mozilla/5.0 (Windows NT 10.0; Win64; x64) AppleWebKit/537.36 (KHTML, like Gecko) Chrome/87.0.4280.88 Safari/537.36'),(387,14,'Added activity : 6.A5 Mike',1610380796,'::1','Mozilla/5.0 (Windows NT 10.0; Win64; x64) AppleWebKit/537.36 (KHTML, like Gecko) Chrome/87.0.4280.88 Safari/537.36'),(388,14,'Added activity : 1.5.A1 testinhggg',1610380899,'::1','Mozilla/5.0 (Windows NT 10.0; Win64; x64) AppleWebKit/537.36 (KHTML, like Gecko) Chrome/87.0.4280.88 Safari/537.36'),(389,14,'Added activity : 1.5.A2 testinhggg',1610380928,'::1','Mozilla/5.0 (Windows NT 10.0; Win64; x64) AppleWebKit/537.36 (KHTML, like Gecko) Chrome/87.0.4280.88 Safari/537.36'),(390,14,'Added activity : 1.5.A3 testinhggg',1610380942,'::1','Mozilla/5.0 (Windows NT 10.0; Win64; x64) AppleWebKit/537.36 (KHTML, like Gecko) Chrome/87.0.4280.88 Safari/537.36'),(391,14,'Added activity : 1.5.A4 testinhggg',1610382115,'::1','Mozilla/5.0 (Windows NT 10.0; Win64; x64) AppleWebKit/537.36 (KHTML, like Gecko) Chrome/87.0.4280.88 Safari/537.36'),(392,14,'Updated activity : F Test',1610441360,'::1','Mozilla/5.0 (Windows NT 10.0; Win64; x64) AppleWebKit/537.36 (KHTML, like Gecko) Chrome/87.0.4280.88 Safari/537.36'),(393,14,'Updated activity : F Test',1610441408,'::1','Mozilla/5.0 (Windows NT 10.0; Win64; x64) AppleWebKit/537.36 (KHTML, like Gecko) Chrome/87.0.4280.88 Safari/537.36'),(394,14,'Updated activity : F Test',1610441462,'::1','Mozilla/5.0 (Windows NT 10.0; Win64; x64) AppleWebKit/537.36 (KHTML, like Gecko) Chrome/87.0.4280.88 Safari/537.36'),(395,14,'Updated activity : F Test',1610441493,'::1','Mozilla/5.0 (Windows NT 10.0; Win64; x64) AppleWebKit/537.36 (KHTML, like Gecko) Chrome/87.0.4280.88 Safari/537.36'),(396,14,'Updated activity : F Test',1610441519,'::1','Mozilla/5.0 (Windows NT 10.0; Win64; x64) AppleWebKit/537.36 (KHTML, like Gecko) Chrome/87.0.4280.88 Safari/537.36'),(397,14,'Updated activity : A.1 Testing Testing Testing',1610441723,'::1','Mozilla/5.0 (Windows NT 10.0; Win64; x64) AppleWebKit/537.36 (KHTML, like Gecko) Chrome/87.0.4280.88 Safari/537.36'),(398,14,'Updated activity : A.1 Testing Testing Testing pp',1610441763,'::1','Mozilla/5.0 (Windows NT 10.0; Win64; x64) AppleWebKit/537.36 (KHTML, like Gecko) Chrome/87.0.4280.88 Safari/537.36'),(399,14,'Updated activity : A.1 Testing Testing Testing pp',1610441785,'::1','Mozilla/5.0 (Windows NT 10.0; Win64; x64) AppleWebKit/537.36 (KHTML, like Gecko) Chrome/87.0.4280.88 Safari/537.36'),(400,14,'Updated activity : A.1 Testing Testing Testing pp',1610441848,'::1','Mozilla/5.0 (Windows NT 10.0; Win64; x64) AppleWebKit/537.36 (KHTML, like Gecko) Chrome/87.0.4280.88 Safari/537.36'),(401,14,'Updated activity : A.1 Testing Testing Testing pp',1610441971,'::1','Mozilla/5.0 (Windows NT 10.0; Win64; x64) AppleWebKit/537.36 (KHTML, like Gecko) Chrome/87.0.4280.88 Safari/537.36'),(402,14,'Updated activity : 1.5.A4 Poultry drinkers and feeders',1610445266,'::1','Mozilla/5.0 (Windows NT 10.0; Win64; x64) AppleWebKit/537.36 (KHTML, like Gecko) Chrome/87.0.4280.88 Safari/537.36'),(403,14,'Updated activity : 1.5.A4 Poultry drinkers and feeders',1610445693,'::1','Mozilla/5.0 (Windows NT 10.0; Win64; x64) AppleWebKit/537.36 (KHTML, like Gecko) Chrome/87.0.4280.88 Safari/537.36'),(404,14,'Updated activity : 2.N Poultry drinkers and feeders',1610445818,'::1','Mozilla/5.0 (Windows NT 10.0; Win64; x64) AppleWebKit/537.36 (KHTML, like Gecko) Chrome/87.0.4280.88 Safari/537.36'),(405,14,'Updated activity : 1.1.A Poultry drinkers and feeders',1610446170,'::1','Mozilla/5.0 (Windows NT 10.0; Win64; x64) AppleWebKit/537.36 (KHTML, like Gecko) Chrome/87.0.4280.88 Safari/537.36'),(406,14,'Updated activity : 2.2.A Poultry drinkers and feeders',1610446203,'::1','Mozilla/5.0 (Windows NT 10.0; Win64; x64) AppleWebKit/537.36 (KHTML, like Gecko) Chrome/87.0.4280.88 Safari/537.36'),(407,14,'Updated activity : 1.1.A Poultry drinkers and feeders',1610446260,'::1','Mozilla/5.0 (Windows NT 10.0; Win64; x64) AppleWebKit/537.36 (KHTML, like Gecko) Chrome/87.0.4280.88 Safari/537.36'),(408,14,'Updated activity : 1.1.A Poultry drinkers and feeders',1610446638,'::1','Mozilla/5.0 (Windows NT 10.0; Win64; x64) AppleWebKit/537.36 (KHTML, like Gecko) Chrome/87.0.4280.88 Safari/537.36'),(409,14,'Updated activity : 1.G Poultry drinkers and feeders',1610446656,'::1','Mozilla/5.0 (Windows NT 10.0; Win64; x64) AppleWebKit/537.36 (KHTML, like Gecko) Chrome/87.0.4280.88 Safari/537.36'),(410,14,'Added activity : 1.1.C Test on change event',1610465361,'::1','Mozilla/5.0 (Windows NT 10.0; Win64; x64) AppleWebKit/537.36 (KHTML, like Gecko) Chrome/87.0.4280.88 Safari/537.36'),(411,14,'Added activity : B1 fff',1610469050,'::1','Mozilla/5.0 (Windows NT 10.0; Win64; x64) AppleWebKit/537.36 (KHTML, like Gecko) Chrome/87.0.4280.88 Safari/537.36'),(412,14,'Added activity : 20011 hhhh',1610486385,'::1','Mozilla/5.0 (Windows NT 10.0; Win64; x64) AppleWebKit/537.36 (KHTML, like Gecko) Chrome/87.0.4280.88 Safari/537.36'),(413,14,'Added component : Filter',1610824751,'::1','Mozilla/5.0 (Windows NT 10.0; Win64; x64) AppleWebKit/537.36 (KHTML, like Gecko) Chrome/87.0.4280.141 Safari/537.36'),(414,14,'Added component : Sub Filter',1610827223,'::1','Mozilla/5.0 (Windows NT 10.0; Win64; x64) AppleWebKit/537.36 (KHTML, like Gecko) Chrome/87.0.4280.141 Safari/537.36'),(415,14,'Added component : Sub Filter 2',1610827290,'::1','Mozilla/5.0 (Windows NT 10.0; Win64; x64) AppleWebKit/537.36 (KHTML, like Gecko) Chrome/87.0.4280.141 Safari/537.36'),(416,14,'Updated component: 1 - Enabling Environment for Agribusiness Development Growth',1610834076,'::1','Mozilla/5.0 (Windows NT 10.0; Win64; x64) AppleWebKit/537.36 (KHTML, like Gecko) Chrome/87.0.4280.141 Safari/537.36'),(417,14,'Updated component: 1 - Enabling Environment for Agribusiness Development Growth',1610834086,'::1','Mozilla/5.0 (Windows NT 10.0; Win64; x64) AppleWebKit/537.36 (KHTML, like Gecko) Chrome/87.0.4280.141 Safari/537.36'),(418,14,'Updated component: 1 - Enabling Environment for Agribusiness Development Growth',1610834090,'::1','Mozilla/5.0 (Windows NT 10.0; Win64; x64) AppleWebKit/537.36 (KHTML, like Gecko) Chrome/87.0.4280.141 Safari/537.36'),(419,14,'Updated component: 1 - Enabling Environment for Agribusiness Development Growth',1610834092,'::1','Mozilla/5.0 (Windows NT 10.0; Win64; x64) AppleWebKit/537.36 (KHTML, like Gecko) Chrome/87.0.4280.141 Safari/537.36'),(420,14,'Updated component: 1 - Enabling Environment for Agribusiness Development Growth',1610834109,'::1','Mozilla/5.0 (Windows NT 10.0; Win64; x64) AppleWebKit/537.36 (KHTML, like Gecko) Chrome/87.0.4280.141 Safari/537.36'),(421,14,'Updated component: 1 - Enabling Environment for Agribusiness Development Growth',1610834507,'::1','Mozilla/5.0 (Windows NT 10.0; Win64; x64) AppleWebKit/537.36 (KHTML, like Gecko) Chrome/87.0.4280.141 Safari/537.36'),(422,14,'Updated component: 1 - Enabling Environment for Agribusiness Development Growth',1610834516,'::1','Mozilla/5.0 (Windows NT 10.0; Win64; x64) AppleWebKit/537.36 (KHTML, like Gecko) Chrome/87.0.4280.141 Safari/537.36'),(423,14,'Updated component: 1 - Enabling Environment for Agribusiness Development Growth',1610834519,'::1','Mozilla/5.0 (Windows NT 10.0; Win64; x64) AppleWebKit/537.36 (KHTML, like Gecko) Chrome/87.0.4280.141 Safari/537.36'),(424,14,'Updated component: 1 - Enabling Environment for Agribusiness Development Growth',1610834680,'::1','Mozilla/5.0 (Windows NT 10.0; Win64; x64) AppleWebKit/537.36 (KHTML, like Gecko) Chrome/87.0.4280.141 Safari/537.36'),(425,14,'Updated component: 1 - Enabling Environment for Agribusiness Development Growth',1610834683,'::1','Mozilla/5.0 (Windows NT 10.0; Win64; x64) AppleWebKit/537.36 (KHTML, like Gecko) Chrome/87.0.4280.141 Safari/537.36'),(426,14,'Updated component: 1 - Enabling Environment for Agribusiness Development Growth',1610835100,'::1','Mozilla/5.0 (Windows NT 10.0; Win64; x64) AppleWebKit/537.36 (KHTML, like Gecko) Chrome/87.0.4280.141 Safari/537.36'),(427,14,'Updated component: 1 - Enabling Environment for Agribusiness Development Growth',1610835105,'::1','Mozilla/5.0 (Windows NT 10.0; Win64; x64) AppleWebKit/537.36 (KHTML, like Gecko) Chrome/87.0.4280.141 Safari/537.36'),(428,14,'Updated component: 1 - Enabling Environment for Agribusiness Development Growth',1610845391,'::1','Mozilla/5.0 (Windows NT 10.0; Win64; x64) AppleWebKit/537.36 (KHTML, like Gecko) Chrome/87.0.4280.141 Safari/537.36'),(429,14,'Updated component: 1 - Enabling Environment for Agribusiness Development Growth',1610845397,'::1','Mozilla/5.0 (Windows NT 10.0; Win64; x64) AppleWebKit/537.36 (KHTML, like Gecko) Chrome/87.0.4280.141 Safari/537.36'),(430,14,'Updated component: 1 - Enabling Environment for Agribusiness Development Growth',1610845400,'::1','Mozilla/5.0 (Windows NT 10.0; Win64; x64) AppleWebKit/537.36 (KHTML, like Gecko) Chrome/87.0.4280.141 Safari/537.36'),(431,14,'Updated component: 1 - Enabling Environment for Agribusiness Development Growth',1610845478,'::1','Mozilla/5.0 (Windows NT 10.0; Win64; x64) AppleWebKit/537.36 (KHTML, like Gecko) Chrome/87.0.4280.141 Safari/537.36'),(432,14,'Updated component: 1 - Enabling Environment for Agribusiness Development Growth',1610845480,'::1','Mozilla/5.0 (Windows NT 10.0; Win64; x64) AppleWebKit/537.36 (KHTML, like Gecko) Chrome/87.0.4280.141 Safari/537.36'),(433,14,'Updated component: 1 - Enabling Environment for Agribusiness Development Growth',1610845494,'::1','Mozilla/5.0 (Windows NT 10.0; Win64; x64) AppleWebKit/537.36 (KHTML, like Gecko) Chrome/87.0.4280.141 Safari/537.36'),(434,14,'Updated component: 1 - Enabling Environment for Agribusiness Development Growth',1610845497,'::1','Mozilla/5.0 (Windows NT 10.0; Win64; x64) AppleWebKit/537.36 (KHTML, like Gecko) Chrome/87.0.4280.141 Safari/537.36'),(435,14,'Updated component: 1 - Enabling Environment for Agribusiness Development Growth',1610845661,'::1','Mozilla/5.0 (Windows NT 10.0; Win64; x64) AppleWebKit/537.36 (KHTML, like Gecko) Chrome/87.0.4280.141 Safari/537.36'),(436,14,'Updated component: 1 - Enabling Environment for Agribusiness Development Growth',1610845664,'::1','Mozilla/5.0 (Windows NT 10.0; Win64; x64) AppleWebKit/537.36 (KHTML, like Gecko) Chrome/87.0.4280.141 Safari/537.36'),(437,14,'Updated component: 1 - Enabling Environment for Agribusiness Development Growth',1610845781,'::1','Mozilla/5.0 (Windows NT 10.0; Win64; x64) AppleWebKit/537.36 (KHTML, like Gecko) Chrome/87.0.4280.141 Safari/537.36'),(438,14,'Updated component: 1 - Enabling Environment for Agribusiness Development Growth',1610845782,'::1','Mozilla/5.0 (Windows NT 10.0; Win64; x64) AppleWebKit/537.36 (KHTML, like Gecko) Chrome/87.0.4280.141 Safari/537.36'),(439,14,'Updated component: 1 - Enabling Environment for Agribusiness Development Growth',1610845782,'::1','Mozilla/5.0 (Windows NT 10.0; Win64; x64) AppleWebKit/537.36 (KHTML, like Gecko) Chrome/87.0.4280.141 Safari/537.36'),(440,14,'Updated component: 1 - Enabling Environment for Agribusiness Development Growth',1610845782,'::1','Mozilla/5.0 (Windows NT 10.0; Win64; x64) AppleWebKit/537.36 (KHTML, like Gecko) Chrome/87.0.4280.141 Safari/537.36'),(441,14,'Updated component: 1 - Enabling Environment for Agribusiness Development Growth',1610845783,'::1','Mozilla/5.0 (Windows NT 10.0; Win64; x64) AppleWebKit/537.36 (KHTML, like Gecko) Chrome/87.0.4280.141 Safari/537.36'),(442,14,'Updated component: 1 - Enabling Environment for Agribusiness Development Growth',1610845783,'::1','Mozilla/5.0 (Windows NT 10.0; Win64; x64) AppleWebKit/537.36 (KHTML, like Gecko) Chrome/87.0.4280.141 Safari/537.36'),(443,14,'Updated component: 1 - Enabling Environment for Agribusiness Development Growth',1610845783,'::1','Mozilla/5.0 (Windows NT 10.0; Win64; x64) AppleWebKit/537.36 (KHTML, like Gecko) Chrome/87.0.4280.141 Safari/537.36'),(444,14,'Updated component: 1 - Enabling Environment for Agribusiness Development Growth',1610845784,'::1','Mozilla/5.0 (Windows NT 10.0; Win64; x64) AppleWebKit/537.36 (KHTML, like Gecko) Chrome/87.0.4280.141 Safari/537.36'),(445,14,'Updated component: 1 - Enabling Environment for Agribusiness Development Growth',1610845784,'::1','Mozilla/5.0 (Windows NT 10.0; Win64; x64) AppleWebKit/537.36 (KHTML, like Gecko) Chrome/87.0.4280.141 Safari/537.36'),(446,14,'Updated component: 1 - Enabling Environment for Agribusiness Development Growth',1610845784,'::1','Mozilla/5.0 (Windows NT 10.0; Win64; x64) AppleWebKit/537.36 (KHTML, like Gecko) Chrome/87.0.4280.141 Safari/537.36'),(447,14,'Updated component: 1 - Enabling Environment for Agribusiness Development Growth',1610845785,'::1','Mozilla/5.0 (Windows NT 10.0; Win64; x64) AppleWebKit/537.36 (KHTML, like Gecko) Chrome/87.0.4280.141 Safari/537.36'),(448,14,'Updated component: 1 - Enabling Environment for Agribusiness Development Growth',1610845785,'::1','Mozilla/5.0 (Windows NT 10.0; Win64; x64) AppleWebKit/537.36 (KHTML, like Gecko) Chrome/87.0.4280.141 Safari/537.36'),(449,14,'Updated component: 1 - Enabling Environment for Agribusiness Development Growth',1610845785,'::1','Mozilla/5.0 (Windows NT 10.0; Win64; x64) AppleWebKit/537.36 (KHTML, like Gecko) Chrome/87.0.4280.141 Safari/537.36'),(450,14,'Updated component: 1 - Enabling Environment for Agribusiness Development Growth',1610845786,'::1','Mozilla/5.0 (Windows NT 10.0; Win64; x64) AppleWebKit/537.36 (KHTML, like Gecko) Chrome/87.0.4280.141 Safari/537.36'),(451,14,'Updated component: 1 - Enabling Environment for Agribusiness Development Growth',1610845786,'::1','Mozilla/5.0 (Windows NT 10.0; Win64; x64) AppleWebKit/537.36 (KHTML, like Gecko) Chrome/87.0.4280.141 Safari/537.36'),(452,14,'Updated component: 1 - Enabling Environment for Agribusiness Development Growth',1610845787,'::1','Mozilla/5.0 (Windows NT 10.0; Win64; x64) AppleWebKit/537.36 (KHTML, like Gecko) Chrome/87.0.4280.141 Safari/537.36'),(453,14,'Updated component: 1 - Enabling Environment for Agribusiness Development Growth',1610845787,'::1','Mozilla/5.0 (Windows NT 10.0; Win64; x64) AppleWebKit/537.36 (KHTML, like Gecko) Chrome/87.0.4280.141 Safari/537.36'),(454,14,'Updated component: 1 - Enabling Environment for Agribusiness Development Growth',1610845787,'::1','Mozilla/5.0 (Windows NT 10.0; Win64; x64) AppleWebKit/537.36 (KHTML, like Gecko) Chrome/87.0.4280.141 Safari/537.36'),(455,14,'Updated component: 1 - Enabling Environment for Agribusiness Development Growth',1610845788,'::1','Mozilla/5.0 (Windows NT 10.0; Win64; x64) AppleWebKit/537.36 (KHTML, like Gecko) Chrome/87.0.4280.141 Safari/537.36'),(456,14,'Updated component: 1 - Enabling Environment for Agribusiness Development Growth',1610845788,'::1','Mozilla/5.0 (Windows NT 10.0; Win64; x64) AppleWebKit/537.36 (KHTML, like Gecko) Chrome/87.0.4280.141 Safari/537.36'),(457,14,'Updated component: 1 - Enabling Environment for Agribusiness Development Growth',1610845792,'::1','Mozilla/5.0 (Windows NT 10.0; Win64; x64) AppleWebKit/537.36 (KHTML, like Gecko) Chrome/87.0.4280.141 Safari/537.36'),(458,14,'Updated component: 1 - Enabling Environment for Agribusiness Development Growth',1610845792,'::1','Mozilla/5.0 (Windows NT 10.0; Win64; x64) AppleWebKit/537.36 (KHTML, like Gecko) Chrome/87.0.4280.141 Safari/537.36'),(459,14,'Updated component: 1 - Enabling Environment for Agribusiness Development Growth',1610845793,'::1','Mozilla/5.0 (Windows NT 10.0; Win64; x64) AppleWebKit/537.36 (KHTML, like Gecko) Chrome/87.0.4280.141 Safari/537.36'),(460,14,'Updated component: 1 - Enabling Environment for Agribusiness Development Growth',1610845793,'::1','Mozilla/5.0 (Windows NT 10.0; Win64; x64) AppleWebKit/537.36 (KHTML, like Gecko) Chrome/87.0.4280.141 Safari/537.36'),(461,14,'Updated component: 1 - Enabling Environment for Agribusiness Development Growth',1610845794,'::1','Mozilla/5.0 (Windows NT 10.0; Win64; x64) AppleWebKit/537.36 (KHTML, like Gecko) Chrome/87.0.4280.141 Safari/537.36'),(462,14,'Updated component: 1 - Enabling Environment for Agribusiness Development Growth',1610845794,'::1','Mozilla/5.0 (Windows NT 10.0; Win64; x64) AppleWebKit/537.36 (KHTML, like Gecko) Chrome/87.0.4280.141 Safari/537.36'),(463,14,'Updated component: 1 - Enabling Environment for Agribusiness Development Growth',1610845795,'::1','Mozilla/5.0 (Windows NT 10.0; Win64; x64) AppleWebKit/537.36 (KHTML, like Gecko) Chrome/87.0.4280.141 Safari/537.36'),(464,14,'Updated component: 1 - Enabling Environment for Agribusiness Development Growth',1610845796,'::1','Mozilla/5.0 (Windows NT 10.0; Win64; x64) AppleWebKit/537.36 (KHTML, like Gecko) Chrome/87.0.4280.141 Safari/537.36'),(465,14,'Updated component: 1 - Enabling Environment for Agribusiness Development Growth',1610845796,'::1','Mozilla/5.0 (Windows NT 10.0; Win64; x64) AppleWebKit/537.36 (KHTML, like Gecko) Chrome/87.0.4280.141 Safari/537.36'),(466,14,'Updated component: 1 - Enabling Environment for Agribusiness Development Growth',1610845797,'::1','Mozilla/5.0 (Windows NT 10.0; Win64; x64) AppleWebKit/537.36 (KHTML, like Gecko) Chrome/87.0.4280.141 Safari/537.36'),(467,14,'Updated component: 1 - Enabling Environment for Agribusiness Development Growth',1610845797,'::1','Mozilla/5.0 (Windows NT 10.0; Win64; x64) AppleWebKit/537.36 (KHTML, like Gecko) Chrome/87.0.4280.141 Safari/537.36'),(468,14,'Updated component: 1 - Enabling Environment for Agribusiness Development Growth',1610845797,'::1','Mozilla/5.0 (Windows NT 10.0; Win64; x64) AppleWebKit/537.36 (KHTML, like Gecko) Chrome/87.0.4280.141 Safari/537.36'),(469,14,'Updated component: 1 - Enabling Environment for Agribusiness Development Growth',1610845798,'::1','Mozilla/5.0 (Windows NT 10.0; Win64; x64) AppleWebKit/537.36 (KHTML, like Gecko) Chrome/87.0.4280.141 Safari/537.36'),(470,14,'Updated component: 1 - Enabling Environment for Agribusiness Development Growth',1610845798,'::1','Mozilla/5.0 (Windows NT 10.0; Win64; x64) AppleWebKit/537.36 (KHTML, like Gecko) Chrome/87.0.4280.141 Safari/537.36'),(471,14,'Updated component: 1 - Enabling Environment for Agribusiness Development Growth',1610845798,'::1','Mozilla/5.0 (Windows NT 10.0; Win64; x64) AppleWebKit/537.36 (KHTML, like Gecko) Chrome/87.0.4280.141 Safari/537.36'),(472,14,'Updated component: 1 - Enabling Environment for Agribusiness Development Growth',1610845799,'::1','Mozilla/5.0 (Windows NT 10.0; Win64; x64) AppleWebKit/537.36 (KHTML, like Gecko) Chrome/87.0.4280.141 Safari/537.36'),(473,14,'Updated component: 1 - Enabling Environment for Agribusiness Development Growth',1610845799,'::1','Mozilla/5.0 (Windows NT 10.0; Win64; x64) AppleWebKit/537.36 (KHTML, like Gecko) Chrome/87.0.4280.141 Safari/537.36'),(474,14,'Updated component: 1 - Enabling Environment for Agribusiness Development Growth',1610845800,'::1','Mozilla/5.0 (Windows NT 10.0; Win64; x64) AppleWebKit/537.36 (KHTML, like Gecko) Chrome/87.0.4280.141 Safari/537.36'),(475,14,'Updated component: 1 - Enabling Environment for Agribusiness Development Growth',1610845800,'::1','Mozilla/5.0 (Windows NT 10.0; Win64; x64) AppleWebKit/537.36 (KHTML, like Gecko) Chrome/87.0.4280.141 Safari/537.36'),(476,14,'Updated component: 1 - Enabling Environment for Agribusiness Development Growth',1610845800,'::1','Mozilla/5.0 (Windows NT 10.0; Win64; x64) AppleWebKit/537.36 (KHTML, like Gecko) Chrome/87.0.4280.141 Safari/537.36'),(477,14,'Updated component: 1 - Enabling Environment for Agribusiness Development Growth',1610845806,'::1','Mozilla/5.0 (Windows NT 10.0; Win64; x64) AppleWebKit/537.36 (KHTML, like Gecko) Chrome/87.0.4280.141 Safari/537.36'),(478,14,'Updated component: 1 - Enabling Environment for Agribusiness Development Growth',1610845806,'::1','Mozilla/5.0 (Windows NT 10.0; Win64; x64) AppleWebKit/537.36 (KHTML, like Gecko) Chrome/87.0.4280.141 Safari/537.36'),(479,14,'Updated component: 1 - Enabling Environment for Agribusiness Development Growth',1610845807,'::1','Mozilla/5.0 (Windows NT 10.0; Win64; x64) AppleWebKit/537.36 (KHTML, like Gecko) Chrome/87.0.4280.141 Safari/537.36'),(480,14,'Updated component: 1 - Enabling Environment for Agribusiness Development Growth',1610845807,'::1','Mozilla/5.0 (Windows NT 10.0; Win64; x64) AppleWebKit/537.36 (KHTML, like Gecko) Chrome/87.0.4280.141 Safari/537.36'),(481,14,'Updated component: 1 - Enabling Environment for Agribusiness Development Growth',1610845808,'::1','Mozilla/5.0 (Windows NT 10.0; Win64; x64) AppleWebKit/537.36 (KHTML, like Gecko) Chrome/87.0.4280.141 Safari/537.36'),(482,14,'Updated component: 1 - Enabling Environment for Agribusiness Development Growth',1610845808,'::1','Mozilla/5.0 (Windows NT 10.0; Win64; x64) AppleWebKit/537.36 (KHTML, like Gecko) Chrome/87.0.4280.141 Safari/537.36'),(483,14,'Updated component: 1 - Enabling Environment for Agribusiness Development Growth',1610845809,'::1','Mozilla/5.0 (Windows NT 10.0; Win64; x64) AppleWebKit/537.36 (KHTML, like Gecko) Chrome/87.0.4280.141 Safari/537.36'),(484,14,'Updated component: 1 - Enabling Environment for Agribusiness Development Growth',1610845809,'::1','Mozilla/5.0 (Windows NT 10.0; Win64; x64) AppleWebKit/537.36 (KHTML, like Gecko) Chrome/87.0.4280.141 Safari/537.36'),(485,14,'Updated component: 1 - Enabling Environment for Agribusiness Development Growth',1610845809,'::1','Mozilla/5.0 (Windows NT 10.0; Win64; x64) AppleWebKit/537.36 (KHTML, like Gecko) Chrome/87.0.4280.141 Safari/537.36'),(486,14,'Updated component: 1 - Enabling Environment for Agribusiness Development Growth',1610845810,'::1','Mozilla/5.0 (Windows NT 10.0; Win64; x64) AppleWebKit/537.36 (KHTML, like Gecko) Chrome/87.0.4280.141 Safari/537.36'),(487,14,'Updated component: 1 - Enabling Environment for Agribusiness Development Growth',1610845811,'::1','Mozilla/5.0 (Windows NT 10.0; Win64; x64) AppleWebKit/537.36 (KHTML, like Gecko) Chrome/87.0.4280.141 Safari/537.36'),(488,14,'Updated component: 1 - Enabling Environment for Agribusiness Development Growth',1610845811,'::1','Mozilla/5.0 (Windows NT 10.0; Win64; x64) AppleWebKit/537.36 (KHTML, like Gecko) Chrome/87.0.4280.141 Safari/537.36'),(489,14,'Updated component: 1 - Enabling Environment for Agribusiness Development Growth',1610845811,'::1','Mozilla/5.0 (Windows NT 10.0; Win64; x64) AppleWebKit/537.36 (KHTML, like Gecko) Chrome/87.0.4280.141 Safari/537.36'),(490,14,'Updated component: 1 - Enabling Environment for Agribusiness Development Growth',1610845812,'::1','Mozilla/5.0 (Windows NT 10.0; Win64; x64) AppleWebKit/537.36 (KHTML, like Gecko) Chrome/87.0.4280.141 Safari/537.36'),(491,14,'Updated component: 1 - Enabling Environment for Agribusiness Development Growth',1610845812,'::1','Mozilla/5.0 (Windows NT 10.0; Win64; x64) AppleWebKit/537.36 (KHTML, like Gecko) Chrome/87.0.4280.141 Safari/537.36'),(492,14,'Updated component: 1 - Enabling Environment for Agribusiness Development Growth',1610845813,'::1','Mozilla/5.0 (Windows NT 10.0; Win64; x64) AppleWebKit/537.36 (KHTML, like Gecko) Chrome/87.0.4280.141 Safari/537.36'),(493,14,'Updated component: 1 - Enabling Environment for Agribusiness Development Growth',1610845813,'::1','Mozilla/5.0 (Windows NT 10.0; Win64; x64) AppleWebKit/537.36 (KHTML, like Gecko) Chrome/87.0.4280.141 Safari/537.36'),(494,14,'Updated component: 1 - Enabling Environment for Agribusiness Development Growth',1610845813,'::1','Mozilla/5.0 (Windows NT 10.0; Win64; x64) AppleWebKit/537.36 (KHTML, like Gecko) Chrome/87.0.4280.141 Safari/537.36'),(495,14,'Updated component: 1 - Enabling Environment for Agribusiness Development Growth',1610845814,'::1','Mozilla/5.0 (Windows NT 10.0; Win64; x64) AppleWebKit/537.36 (KHTML, like Gecko) Chrome/87.0.4280.141 Safari/537.36'),(496,14,'Updated component: 1 - Enabling Environment for Agribusiness Development Growth',1610845814,'::1','Mozilla/5.0 (Windows NT 10.0; Win64; x64) AppleWebKit/537.36 (KHTML, like Gecko) Chrome/87.0.4280.141 Safari/537.36'),(497,14,'Updated component: 1 - Enabling Environment for Agribusiness Development Growth',1610845845,'::1','Mozilla/5.0 (Windows NT 10.0; Win64; x64) AppleWebKit/537.36 (KHTML, like Gecko) Chrome/87.0.4280.141 Safari/537.36'),(498,14,'Updated component: 1 - Enabling Environment for Agribusiness Development Growth',1610845845,'::1','Mozilla/5.0 (Windows NT 10.0; Win64; x64) AppleWebKit/537.36 (KHTML, like Gecko) Chrome/87.0.4280.141 Safari/537.36'),(499,14,'Updated component: 1 - Enabling Environment for Agribusiness Development Growth',1610845845,'::1','Mozilla/5.0 (Windows NT 10.0; Win64; x64) AppleWebKit/537.36 (KHTML, like Gecko) Chrome/87.0.4280.141 Safari/537.36'),(500,14,'Updated component: 1 - Enabling Environment for Agribusiness Development Growth',1610845846,'::1','Mozilla/5.0 (Windows NT 10.0; Win64; x64) AppleWebKit/537.36 (KHTML, like Gecko) Chrome/87.0.4280.141 Safari/537.36'),(501,14,'Updated component: 1 - Enabling Environment for Agribusiness Development Growth',1610845846,'::1','Mozilla/5.0 (Windows NT 10.0; Win64; x64) AppleWebKit/537.36 (KHTML, like Gecko) Chrome/87.0.4280.141 Safari/537.36'),(502,14,'Updated component: 1 - Enabling Environment for Agribusiness Development Growth',1610845847,'::1','Mozilla/5.0 (Windows NT 10.0; Win64; x64) AppleWebKit/537.36 (KHTML, like Gecko) Chrome/87.0.4280.141 Safari/537.36'),(503,14,'Updated component: 1 - Enabling Environment for Agribusiness Development Growth',1610845847,'::1','Mozilla/5.0 (Windows NT 10.0; Win64; x64) AppleWebKit/537.36 (KHTML, like Gecko) Chrome/87.0.4280.141 Safari/537.36'),(504,14,'Updated component: 1 - Enabling Environment for Agribusiness Development Growth',1610845847,'::1','Mozilla/5.0 (Windows NT 10.0; Win64; x64) AppleWebKit/537.36 (KHTML, like Gecko) Chrome/87.0.4280.141 Safari/537.36'),(505,14,'Updated component: 1 - Enabling Environment for Agribusiness Development Growth',1610845848,'::1','Mozilla/5.0 (Windows NT 10.0; Win64; x64) AppleWebKit/537.36 (KHTML, like Gecko) Chrome/87.0.4280.141 Safari/537.36'),(506,14,'Updated component: 1 - Enabling Environment for Agribusiness Development Growth',1610845848,'::1','Mozilla/5.0 (Windows NT 10.0; Win64; x64) AppleWebKit/537.36 (KHTML, like Gecko) Chrome/87.0.4280.141 Safari/537.36'),(507,14,'Updated component: 1 - Enabling Environment for Agribusiness Development Growth',1610845848,'::1','Mozilla/5.0 (Windows NT 10.0; Win64; x64) AppleWebKit/537.36 (KHTML, like Gecko) Chrome/87.0.4280.141 Safari/537.36'),(508,14,'Updated component: 1 - Enabling Environment for Agribusiness Development Growth',1610845849,'::1','Mozilla/5.0 (Windows NT 10.0; Win64; x64) AppleWebKit/537.36 (KHTML, like Gecko) Chrome/87.0.4280.141 Safari/537.36'),(509,14,'Updated component: 1 - Enabling Environment for Agribusiness Development Growth',1610845849,'::1','Mozilla/5.0 (Windows NT 10.0; Win64; x64) AppleWebKit/537.36 (KHTML, like Gecko) Chrome/87.0.4280.141 Safari/537.36'),(510,14,'Updated component: 1 - Enabling Environment for Agribusiness Development Growth',1610845849,'::1','Mozilla/5.0 (Windows NT 10.0; Win64; x64) AppleWebKit/537.36 (KHTML, like Gecko) Chrome/87.0.4280.141 Safari/537.36'),(511,14,'Updated component: 1 - Enabling Environment for Agribusiness Development Growth',1610845850,'::1','Mozilla/5.0 (Windows NT 10.0; Win64; x64) AppleWebKit/537.36 (KHTML, like Gecko) Chrome/87.0.4280.141 Safari/537.36'),(512,14,'Updated component: 1 - Enabling Environment for Agribusiness Development Growth',1610845850,'::1','Mozilla/5.0 (Windows NT 10.0; Win64; x64) AppleWebKit/537.36 (KHTML, like Gecko) Chrome/87.0.4280.141 Safari/537.36'),(513,14,'Updated component: 1 - Enabling Environment for Agribusiness Development Growth',1610845850,'::1','Mozilla/5.0 (Windows NT 10.0; Win64; x64) AppleWebKit/537.36 (KHTML, like Gecko) Chrome/87.0.4280.141 Safari/537.36'),(514,14,'Updated component: 1 - Enabling Environment for Agribusiness Development Growth',1610845850,'::1','Mozilla/5.0 (Windows NT 10.0; Win64; x64) AppleWebKit/537.36 (KHTML, like Gecko) Chrome/87.0.4280.141 Safari/537.36'),(515,14,'Updated component: 1 - Enabling Environment for Agribusiness Development Growth',1610845851,'::1','Mozilla/5.0 (Windows NT 10.0; Win64; x64) AppleWebKit/537.36 (KHTML, like Gecko) Chrome/87.0.4280.141 Safari/537.36'),(516,14,'Updated component: 1 - Enabling Environment for Agribusiness Development Growth',1610845851,'::1','Mozilla/5.0 (Windows NT 10.0; Win64; x64) AppleWebKit/537.36 (KHTML, like Gecko) Chrome/87.0.4280.141 Safari/537.36'),(517,14,'Updated component: 1 - Enabling Environment for Agribusiness Development Growth',1610845911,'::1','Mozilla/5.0 (Windows NT 10.0; Win64; x64) AppleWebKit/537.36 (KHTML, like Gecko) Chrome/87.0.4280.141 Safari/537.36'),(518,14,'Updated component: 1 - Enabling Environment for Agribusiness Development Growth',1610845912,'::1','Mozilla/5.0 (Windows NT 10.0; Win64; x64) AppleWebKit/537.36 (KHTML, like Gecko) Chrome/87.0.4280.141 Safari/537.36'),(519,14,'Updated component: 1 - Enabling Environment for Agribusiness Development Growth',1610845912,'::1','Mozilla/5.0 (Windows NT 10.0; Win64; x64) AppleWebKit/537.36 (KHTML, like Gecko) Chrome/87.0.4280.141 Safari/537.36'),(520,14,'Updated component: 1 - Enabling Environment for Agribusiness Development Growth',1610845912,'::1','Mozilla/5.0 (Windows NT 10.0; Win64; x64) AppleWebKit/537.36 (KHTML, like Gecko) Chrome/87.0.4280.141 Safari/537.36'),(521,14,'Updated component: 1 - Enabling Environment for Agribusiness Development Growth',1610845912,'::1','Mozilla/5.0 (Windows NT 10.0; Win64; x64) AppleWebKit/537.36 (KHTML, like Gecko) Chrome/87.0.4280.141 Safari/537.36'),(522,14,'Updated component: 1 - Enabling Environment for Agribusiness Development Growth',1610845913,'::1','Mozilla/5.0 (Windows NT 10.0; Win64; x64) AppleWebKit/537.36 (KHTML, like Gecko) Chrome/87.0.4280.141 Safari/537.36'),(523,14,'Updated component: 1 - Enabling Environment for Agribusiness Development Growth',1610845913,'::1','Mozilla/5.0 (Windows NT 10.0; Win64; x64) AppleWebKit/537.36 (KHTML, like Gecko) Chrome/87.0.4280.141 Safari/537.36'),(524,14,'Updated component: 1 - Enabling Environment for Agribusiness Development Growth',1610845913,'::1','Mozilla/5.0 (Windows NT 10.0; Win64; x64) AppleWebKit/537.36 (KHTML, like Gecko) Chrome/87.0.4280.141 Safari/537.36'),(525,14,'Updated component: 1 - Enabling Environment for Agribusiness Development Growth',1610845914,'::1','Mozilla/5.0 (Windows NT 10.0; Win64; x64) AppleWebKit/537.36 (KHTML, like Gecko) Chrome/87.0.4280.141 Safari/537.36'),(526,14,'Updated component: 1 - Enabling Environment for Agribusiness Development Growth',1610845914,'::1','Mozilla/5.0 (Windows NT 10.0; Win64; x64) AppleWebKit/537.36 (KHTML, like Gecko) Chrome/87.0.4280.141 Safari/537.36'),(527,14,'Updated component: 1 - Enabling Environment for Agribusiness Development Growth',1610845915,'::1','Mozilla/5.0 (Windows NT 10.0; Win64; x64) AppleWebKit/537.36 (KHTML, like Gecko) Chrome/87.0.4280.141 Safari/537.36'),(528,14,'Updated component: 1 - Enabling Environment for Agribusiness Development Growth',1610845915,'::1','Mozilla/5.0 (Windows NT 10.0; Win64; x64) AppleWebKit/537.36 (KHTML, like Gecko) Chrome/87.0.4280.141 Safari/537.36'),(529,14,'Updated component: 1 - Enabling Environment for Agribusiness Development Growth',1610845915,'::1','Mozilla/5.0 (Windows NT 10.0; Win64; x64) AppleWebKit/537.36 (KHTML, like Gecko) Chrome/87.0.4280.141 Safari/537.36'),(530,14,'Updated component: 1 - Enabling Environment for Agribusiness Development Growth',1610845916,'::1','Mozilla/5.0 (Windows NT 10.0; Win64; x64) AppleWebKit/537.36 (KHTML, like Gecko) Chrome/87.0.4280.141 Safari/537.36'),(531,14,'Updated component: 1 - Enabling Environment for Agribusiness Development Growth',1610845916,'::1','Mozilla/5.0 (Windows NT 10.0; Win64; x64) AppleWebKit/537.36 (KHTML, like Gecko) Chrome/87.0.4280.141 Safari/537.36'),(532,14,'Updated component: 1 - Enabling Environment for Agribusiness Development Growth',1610845916,'::1','Mozilla/5.0 (Windows NT 10.0; Win64; x64) AppleWebKit/537.36 (KHTML, like Gecko) Chrome/87.0.4280.141 Safari/537.36'),(533,14,'Updated component: 1 - Enabling Environment for Agribusiness Development Growth',1610845917,'::1','Mozilla/5.0 (Windows NT 10.0; Win64; x64) AppleWebKit/537.36 (KHTML, like Gecko) Chrome/87.0.4280.141 Safari/537.36'),(534,14,'Updated component: 1 - Enabling Environment for Agribusiness Development Growth',1610845917,'::1','Mozilla/5.0 (Windows NT 10.0; Win64; x64) AppleWebKit/537.36 (KHTML, like Gecko) Chrome/87.0.4280.141 Safari/537.36'),(535,14,'Updated component: 1 - Enabling Environment for Agribusiness Development Growth',1610845917,'::1','Mozilla/5.0 (Windows NT 10.0; Win64; x64) AppleWebKit/537.36 (KHTML, like Gecko) Chrome/87.0.4280.141 Safari/537.36'),(536,14,'Updated component: 1 - Enabling Environment for Agribusiness Development Growth',1610845918,'::1','Mozilla/5.0 (Windows NT 10.0; Win64; x64) AppleWebKit/537.36 (KHTML, like Gecko) Chrome/87.0.4280.141 Safari/537.36'),(537,14,'Updated component: 1 - Enabling Environment for Agribusiness Development Growth',1610845939,'::1','Mozilla/5.0 (Windows NT 10.0; Win64; x64) AppleWebKit/537.36 (KHTML, like Gecko) Chrome/87.0.4280.141 Safari/537.36'),(538,14,'Updated component: 1 - Enabling Environment for Agribusiness Development Growth',1610845939,'::1','Mozilla/5.0 (Windows NT 10.0; Win64; x64) AppleWebKit/537.36 (KHTML, like Gecko) Chrome/87.0.4280.141 Safari/537.36'),(539,14,'Updated component: 1 - Enabling Environment for Agribusiness Development Growth',1610845939,'::1','Mozilla/5.0 (Windows NT 10.0; Win64; x64) AppleWebKit/537.36 (KHTML, like Gecko) Chrome/87.0.4280.141 Safari/537.36'),(540,14,'Updated component: 1 - Enabling Environment for Agribusiness Development Growth',1610845940,'::1','Mozilla/5.0 (Windows NT 10.0; Win64; x64) AppleWebKit/537.36 (KHTML, like Gecko) Chrome/87.0.4280.141 Safari/537.36'),(541,14,'Updated component: 1 - Enabling Environment for Agribusiness Development Growth',1610845940,'::1','Mozilla/5.0 (Windows NT 10.0; Win64; x64) AppleWebKit/537.36 (KHTML, like Gecko) Chrome/87.0.4280.141 Safari/537.36'),(542,14,'Updated component: 1 - Enabling Environment for Agribusiness Development Growth',1610845940,'::1','Mozilla/5.0 (Windows NT 10.0; Win64; x64) AppleWebKit/537.36 (KHTML, like Gecko) Chrome/87.0.4280.141 Safari/537.36'),(543,14,'Updated component: 1 - Enabling Environment for Agribusiness Development Growth',1610845940,'::1','Mozilla/5.0 (Windows NT 10.0; Win64; x64) AppleWebKit/537.36 (KHTML, like Gecko) Chrome/87.0.4280.141 Safari/537.36'),(544,14,'Updated component: 1 - Enabling Environment for Agribusiness Development Growth',1610845941,'::1','Mozilla/5.0 (Windows NT 10.0; Win64; x64) AppleWebKit/537.36 (KHTML, like Gecko) Chrome/87.0.4280.141 Safari/537.36'),(545,14,'Updated component: 1 - Enabling Environment for Agribusiness Development Growth',1610845941,'::1','Mozilla/5.0 (Windows NT 10.0; Win64; x64) AppleWebKit/537.36 (KHTML, like Gecko) Chrome/87.0.4280.141 Safari/537.36'),(546,14,'Updated component: 1 - Enabling Environment for Agribusiness Development Growth',1610845941,'::1','Mozilla/5.0 (Windows NT 10.0; Win64; x64) AppleWebKit/537.36 (KHTML, like Gecko) Chrome/87.0.4280.141 Safari/537.36'),(547,14,'Updated component: 1 - Enabling Environment for Agribusiness Development Growth',1610845941,'::1','Mozilla/5.0 (Windows NT 10.0; Win64; x64) AppleWebKit/537.36 (KHTML, like Gecko) Chrome/87.0.4280.141 Safari/537.36'),(548,14,'Updated component: 1 - Enabling Environment for Agribusiness Development Growth',1610845942,'::1','Mozilla/5.0 (Windows NT 10.0; Win64; x64) AppleWebKit/537.36 (KHTML, like Gecko) Chrome/87.0.4280.141 Safari/537.36'),(549,14,'Updated component: 1 - Enabling Environment for Agribusiness Development Growth',1610845942,'::1','Mozilla/5.0 (Windows NT 10.0; Win64; x64) AppleWebKit/537.36 (KHTML, like Gecko) Chrome/87.0.4280.141 Safari/537.36'),(550,14,'Updated component: 1 - Enabling Environment for Agribusiness Development Growth',1610845942,'::1','Mozilla/5.0 (Windows NT 10.0; Win64; x64) AppleWebKit/537.36 (KHTML, like Gecko) Chrome/87.0.4280.141 Safari/537.36'),(551,14,'Updated component: 1 - Enabling Environment for Agribusiness Development Growth',1610845942,'::1','Mozilla/5.0 (Windows NT 10.0; Win64; x64) AppleWebKit/537.36 (KHTML, like Gecko) Chrome/87.0.4280.141 Safari/537.36'),(552,14,'Updated component: 1 - Enabling Environment for Agribusiness Development Growth',1610845943,'::1','Mozilla/5.0 (Windows NT 10.0; Win64; x64) AppleWebKit/537.36 (KHTML, like Gecko) Chrome/87.0.4280.141 Safari/537.36'),(553,14,'Updated component: 1 - Enabling Environment for Agribusiness Development Growth',1610845943,'::1','Mozilla/5.0 (Windows NT 10.0; Win64; x64) AppleWebKit/537.36 (KHTML, like Gecko) Chrome/87.0.4280.141 Safari/537.36'),(554,14,'Updated component: 1 - Enabling Environment for Agribusiness Development Growth',1610845943,'::1','Mozilla/5.0 (Windows NT 10.0; Win64; x64) AppleWebKit/537.36 (KHTML, like Gecko) Chrome/87.0.4280.141 Safari/537.36'),(555,14,'Updated component: 1 - Enabling Environment for Agribusiness Development Growth',1610845943,'::1','Mozilla/5.0 (Windows NT 10.0; Win64; x64) AppleWebKit/537.36 (KHTML, like Gecko) Chrome/87.0.4280.141 Safari/537.36'),(556,14,'Updated component: 1 - Enabling Environment for Agribusiness Development Growth',1610845944,'::1','Mozilla/5.0 (Windows NT 10.0; Win64; x64) AppleWebKit/537.36 (KHTML, like Gecko) Chrome/87.0.4280.141 Safari/537.36'),(557,14,'Updated component: 1 - Enabling Environment for Agribusiness Development Growth',1610845945,'::1','Mozilla/5.0 (Windows NT 10.0; Win64; x64) AppleWebKit/537.36 (KHTML, like Gecko) Chrome/87.0.4280.141 Safari/537.36'),(558,14,'Updated component: 1 - Enabling Environment for Agribusiness Development Growth',1610845946,'::1','Mozilla/5.0 (Windows NT 10.0; Win64; x64) AppleWebKit/537.36 (KHTML, like Gecko) Chrome/87.0.4280.141 Safari/537.36'),(559,14,'Updated component: 1 - Enabling Environment for Agribusiness Development Growth',1610845946,'::1','Mozilla/5.0 (Windows NT 10.0; Win64; x64) AppleWebKit/537.36 (KHTML, like Gecko) Chrome/87.0.4280.141 Safari/537.36'),(560,14,'Updated component: 1 - Enabling Environment for Agribusiness Development Growth',1610845946,'::1','Mozilla/5.0 (Windows NT 10.0; Win64; x64) AppleWebKit/537.36 (KHTML, like Gecko) Chrome/87.0.4280.141 Safari/537.36'),(561,14,'Updated component: 1 - Enabling Environment for Agribusiness Development Growth',1610845947,'::1','Mozilla/5.0 (Windows NT 10.0; Win64; x64) AppleWebKit/537.36 (KHTML, like Gecko) Chrome/87.0.4280.141 Safari/537.36'),(562,14,'Updated component: 1 - Enabling Environment for Agribusiness Development Growth',1610845947,'::1','Mozilla/5.0 (Windows NT 10.0; Win64; x64) AppleWebKit/537.36 (KHTML, like Gecko) Chrome/87.0.4280.141 Safari/537.36'),(563,14,'Updated component: 1 - Enabling Environment for Agribusiness Development Growth',1610845947,'::1','Mozilla/5.0 (Windows NT 10.0; Win64; x64) AppleWebKit/537.36 (KHTML, like Gecko) Chrome/87.0.4280.141 Safari/537.36'),(564,14,'Updated component: 1 - Enabling Environment for Agribusiness Development Growth',1610845948,'::1','Mozilla/5.0 (Windows NT 10.0; Win64; x64) AppleWebKit/537.36 (KHTML, like Gecko) Chrome/87.0.4280.141 Safari/537.36'),(565,14,'Updated component: 1 - Enabling Environment for Agribusiness Development Growth',1610845948,'::1','Mozilla/5.0 (Windows NT 10.0; Win64; x64) AppleWebKit/537.36 (KHTML, like Gecko) Chrome/87.0.4280.141 Safari/537.36'),(566,14,'Updated component: 1 - Enabling Environment for Agribusiness Development Growth',1610845948,'::1','Mozilla/5.0 (Windows NT 10.0; Win64; x64) AppleWebKit/537.36 (KHTML, like Gecko) Chrome/87.0.4280.141 Safari/537.36'),(567,14,'Updated component: 1 - Enabling Environment for Agribusiness Development Growth',1610845949,'::1','Mozilla/5.0 (Windows NT 10.0; Win64; x64) AppleWebKit/537.36 (KHTML, like Gecko) Chrome/87.0.4280.141 Safari/537.36'),(568,14,'Updated component: 1 - Enabling Environment for Agribusiness Development Growth',1610845949,'::1','Mozilla/5.0 (Windows NT 10.0; Win64; x64) AppleWebKit/537.36 (KHTML, like Gecko) Chrome/87.0.4280.141 Safari/537.36'),(569,14,'Updated component: 1 - Enabling Environment for Agribusiness Development Growth',1610845950,'::1','Mozilla/5.0 (Windows NT 10.0; Win64; x64) AppleWebKit/537.36 (KHTML, like Gecko) Chrome/87.0.4280.141 Safari/537.36'),(570,14,'Updated component: 1 - Enabling Environment for Agribusiness Development Growth',1610845950,'::1','Mozilla/5.0 (Windows NT 10.0; Win64; x64) AppleWebKit/537.36 (KHTML, like Gecko) Chrome/87.0.4280.141 Safari/537.36'),(571,14,'Updated component: 1 - Enabling Environment for Agribusiness Development Growth',1610845950,'::1','Mozilla/5.0 (Windows NT 10.0; Win64; x64) AppleWebKit/537.36 (KHTML, like Gecko) Chrome/87.0.4280.141 Safari/537.36'),(572,14,'Updated component: 1 - Enabling Environment for Agribusiness Development Growth',1610845951,'::1','Mozilla/5.0 (Windows NT 10.0; Win64; x64) AppleWebKit/537.36 (KHTML, like Gecko) Chrome/87.0.4280.141 Safari/537.36'),(573,14,'Updated component: 1 - Enabling Environment for Agribusiness Development Growth',1610845951,'::1','Mozilla/5.0 (Windows NT 10.0; Win64; x64) AppleWebKit/537.36 (KHTML, like Gecko) Chrome/87.0.4280.141 Safari/537.36'),(574,14,'Updated component: 1 - Enabling Environment for Agribusiness Development Growth',1610845951,'::1','Mozilla/5.0 (Windows NT 10.0; Win64; x64) AppleWebKit/537.36 (KHTML, like Gecko) Chrome/87.0.4280.141 Safari/537.36'),(575,14,'Updated component: 1 - Enabling Environment for Agribusiness Development Growth',1610845952,'::1','Mozilla/5.0 (Windows NT 10.0; Win64; x64) AppleWebKit/537.36 (KHTML, like Gecko) Chrome/87.0.4280.141 Safari/537.36'),(576,14,'Updated component: 1 - Enabling Environment for Agribusiness Development Growth',1610845952,'::1','Mozilla/5.0 (Windows NT 10.0; Win64; x64) AppleWebKit/537.36 (KHTML, like Gecko) Chrome/87.0.4280.141 Safari/537.36'),(577,14,'Updated component: 1 - Enabling Environment for Agribusiness Development Growth',1610845958,'::1','Mozilla/5.0 (Windows NT 10.0; Win64; x64) AppleWebKit/537.36 (KHTML, like Gecko) Chrome/87.0.4280.141 Safari/537.36'),(578,14,'Updated component: 1 - Enabling Environment for Agribusiness Development Growth',1610845959,'::1','Mozilla/5.0 (Windows NT 10.0; Win64; x64) AppleWebKit/537.36 (KHTML, like Gecko) Chrome/87.0.4280.141 Safari/537.36'),(579,14,'Updated component: 1 - Enabling Environment for Agribusiness Development Growth',1610845960,'::1','Mozilla/5.0 (Windows NT 10.0; Win64; x64) AppleWebKit/537.36 (KHTML, like Gecko) Chrome/87.0.4280.141 Safari/537.36'),(580,14,'Updated component: 1 - Enabling Environment for Agribusiness Development Growth',1610845960,'::1','Mozilla/5.0 (Windows NT 10.0; Win64; x64) AppleWebKit/537.36 (KHTML, like Gecko) Chrome/87.0.4280.141 Safari/537.36'),(581,14,'Updated component: 1 - Enabling Environment for Agribusiness Development Growth',1610845961,'::1','Mozilla/5.0 (Windows NT 10.0; Win64; x64) AppleWebKit/537.36 (KHTML, like Gecko) Chrome/87.0.4280.141 Safari/537.36'),(582,14,'Updated component: 1 - Enabling Environment for Agribusiness Development Growth',1610845961,'::1','Mozilla/5.0 (Windows NT 10.0; Win64; x64) AppleWebKit/537.36 (KHTML, like Gecko) Chrome/87.0.4280.141 Safari/537.36'),(583,14,'Updated component: 1 - Enabling Environment for Agribusiness Development Growth',1610845962,'::1','Mozilla/5.0 (Windows NT 10.0; Win64; x64) AppleWebKit/537.36 (KHTML, like Gecko) Chrome/87.0.4280.141 Safari/537.36'),(584,14,'Updated component: 1 - Enabling Environment for Agribusiness Development Growth',1610845962,'::1','Mozilla/5.0 (Windows NT 10.0; Win64; x64) AppleWebKit/537.36 (KHTML, like Gecko) Chrome/87.0.4280.141 Safari/537.36'),(585,14,'Updated component: 1 - Enabling Environment for Agribusiness Development Growth',1610845962,'::1','Mozilla/5.0 (Windows NT 10.0; Win64; x64) AppleWebKit/537.36 (KHTML, like Gecko) Chrome/87.0.4280.141 Safari/537.36'),(586,14,'Updated component: 1 - Enabling Environment for Agribusiness Development Growth',1610845963,'::1','Mozilla/5.0 (Windows NT 10.0; Win64; x64) AppleWebKit/537.36 (KHTML, like Gecko) Chrome/87.0.4280.141 Safari/537.36'),(587,14,'Updated component: 1 - Enabling Environment for Agribusiness Development Growth',1610845964,'::1','Mozilla/5.0 (Windows NT 10.0; Win64; x64) AppleWebKit/537.36 (KHTML, like Gecko) Chrome/87.0.4280.141 Safari/537.36'),(588,14,'Updated component: 1 - Enabling Environment for Agribusiness Development Growth',1610845965,'::1','Mozilla/5.0 (Windows NT 10.0; Win64; x64) AppleWebKit/537.36 (KHTML, like Gecko) Chrome/87.0.4280.141 Safari/537.36'),(589,14,'Updated component: 1 - Enabling Environment for Agribusiness Development Growth',1610845965,'::1','Mozilla/5.0 (Windows NT 10.0; Win64; x64) AppleWebKit/537.36 (KHTML, like Gecko) Chrome/87.0.4280.141 Safari/537.36'),(590,14,'Updated component: 1 - Enabling Environment for Agribusiness Development Growth',1610845965,'::1','Mozilla/5.0 (Windows NT 10.0; Win64; x64) AppleWebKit/537.36 (KHTML, like Gecko) Chrome/87.0.4280.141 Safari/537.36'),(591,14,'Updated component: 1 - Enabling Environment for Agribusiness Development Growth',1610845966,'::1','Mozilla/5.0 (Windows NT 10.0; Win64; x64) AppleWebKit/537.36 (KHTML, like Gecko) Chrome/87.0.4280.141 Safari/537.36'),(592,14,'Updated component: 1 - Enabling Environment for Agribusiness Development Growth',1610845966,'::1','Mozilla/5.0 (Windows NT 10.0; Win64; x64) AppleWebKit/537.36 (KHTML, like Gecko) Chrome/87.0.4280.141 Safari/537.36'),(593,14,'Updated component: 1 - Enabling Environment for Agribusiness Development Growth',1610845967,'::1','Mozilla/5.0 (Windows NT 10.0; Win64; x64) AppleWebKit/537.36 (KHTML, like Gecko) Chrome/87.0.4280.141 Safari/537.36'),(594,14,'Updated component: 1 - Enabling Environment for Agribusiness Development Growth',1610845967,'::1','Mozilla/5.0 (Windows NT 10.0; Win64; x64) AppleWebKit/537.36 (KHTML, like Gecko) Chrome/87.0.4280.141 Safari/537.36'),(595,14,'Updated component: 1 - Enabling Environment for Agribusiness Development Growth',1610845968,'::1','Mozilla/5.0 (Windows NT 10.0; Win64; x64) AppleWebKit/537.36 (KHTML, like Gecko) Chrome/87.0.4280.141 Safari/537.36'),(596,14,'Updated component: 1 - Enabling Environment for Agribusiness Development Growth',1610845968,'::1','Mozilla/5.0 (Windows NT 10.0; Win64; x64) AppleWebKit/537.36 (KHTML, like Gecko) Chrome/87.0.4280.141 Safari/537.36'),(597,14,'Updated component: 1 - Enabling Environment for Agribusiness Development Growth',1610845987,'::1','Mozilla/5.0 (Windows NT 10.0; Win64; x64) AppleWebKit/537.36 (KHTML, like Gecko) Chrome/87.0.4280.141 Safari/537.36'),(598,14,'Updated component: 1 - Enabling Environment for Agribusiness Development Growth',1610845990,'::1','Mozilla/5.0 (Windows NT 10.0; Win64; x64) AppleWebKit/537.36 (KHTML, like Gecko) Chrome/87.0.4280.141 Safari/537.36'),(599,14,'Updated component: 1 - Enabling Environment for Agribusiness Development Growth',1610846137,'::1','Mozilla/5.0 (Windows NT 10.0; Win64; x64) AppleWebKit/537.36 (KHTML, like Gecko) Chrome/87.0.4280.141 Safari/537.36'),(600,14,'Updated component: 1 - Enabling Environment for Agribusiness Development Growth',1610846140,'::1','Mozilla/5.0 (Windows NT 10.0; Win64; x64) AppleWebKit/537.36 (KHTML, like Gecko) Chrome/87.0.4280.141 Safari/537.36'),(601,14,'Updated component: 1 - Enabling Environment for Agribusiness Development Growth',1610846181,'::1','Mozilla/5.0 (Windows NT 10.0; Win64; x64) AppleWebKit/537.36 (KHTML, like Gecko) Chrome/87.0.4280.141 Safari/537.36'),(602,14,'Updated activity : 1.G Test',1610905883,'::1','Mozilla/5.0 (Windows NT 10.0; Win64; x64) AppleWebKit/537.36 (KHTML, like Gecko) Chrome/87.0.4280.141 Safari/537.36'),(603,14,'Updated component: 1 - Enabling Environment for Agribusiness Development Growth',1610906582,'::1','Mozilla/5.0 (Windows NT 10.0; Win64; x64) AppleWebKit/537.36 (KHTML, like Gecko) Chrome/87.0.4280.141 Safari/537.36'),(604,14,'Updated component: 1 - Enabling Environment for Agribusiness Development Growth',1610906592,'::1','Mozilla/5.0 (Windows NT 10.0; Win64; x64) AppleWebKit/537.36 (KHTML, like Gecko) Chrome/87.0.4280.141 Safari/537.36'),(605,14,'Updated component: 1 - Enabling Environment for Agribusiness Development Growth',1610906637,'::1','Mozilla/5.0 (Windows NT 10.0; Win64; x64) AppleWebKit/537.36 (KHTML, like Gecko) Chrome/87.0.4280.141 Safari/537.36'),(606,14,'Updated component: 1 - Enabling Environment for Agribusiness Development Growth',1610921237,'::1','Mozilla/5.0 (Windows NT 10.0; Win64; x64) AppleWebKit/537.36 (KHTML, like Gecko) Chrome/87.0.4280.141 Safari/537.36'),(607,14,'Updated component: 1 - Enabling Environment for Agribusiness Development Growth',1610921258,'::1','Mozilla/5.0 (Windows NT 10.0; Win64; x64) AppleWebKit/537.36 (KHTML, like Gecko) Chrome/87.0.4280.141 Safari/537.36'),(608,14,'Updated component: 1 - Enabling Environment for Agribusiness Development Growth',1610921406,'::1','Mozilla/5.0 (Windows NT 10.0; Win64; x64) AppleWebKit/537.36 (KHTML, like Gecko) Chrome/87.0.4280.141 Safari/537.36'),(609,14,'Updated component: 1 - Enabling Environment for Agribusiness Development Growth',1610957653,'::1','Mozilla/5.0 (Windows NT 10.0; Win64; x64) AppleWebKit/537.36 (KHTML, like Gecko) Chrome/87.0.4280.141 Safari/537.36'),(610,14,'Added component : Monday',1610962744,'::1','Mozilla/5.0 (Windows NT 10.0; Win64; x64) AppleWebKit/537.36 (KHTML, like Gecko) Chrome/87.0.4280.141 Safari/537.36'),(611,14,'Updated component: 1 - Enabling Environment for Agribusiness Development Growth',1610965684,'::1','Mozilla/5.0 (Windows NT 10.0; Win64; x64) AppleWebKit/537.36 (KHTML, like Gecko) Chrome/87.0.4280.141 Safari/537.36'),(612,14,'Updated component: 1 - Enabling Environment for Agribusiness Development Growth',1610965765,'::1','Mozilla/5.0 (Windows NT 10.0; Win64; x64) AppleWebKit/537.36 (KHTML, like Gecko) Chrome/87.0.4280.141 Safari/537.36'),(613,14,'Updated component: 1 - Enabling Environment for Agribusiness Development Growth',1610965828,'::1','Mozilla/5.0 (Windows NT 10.0; Win64; x64) AppleWebKit/537.36 (KHTML, like Gecko) Chrome/87.0.4280.141 Safari/537.36'),(614,14,'Added template : 1856',1610968426,'::1','Mozilla/5.0 (Windows NT 10.0; Win64; x64) AppleWebKit/537.36 (KHTML, like Gecko) Chrome/87.0.4280.141 Safari/537.36'),(615,14,'Delete1913 AWPB Template',1610972652,'::1','Mozilla/5.0 (Windows NT 10.0; Win64; x64) AppleWebKit/537.36 (KHTML, like Gecko) Chrome/87.0.4280.141 Safari/537.36'),(616,14,'Delete component : test',1610973058,'::1','Mozilla/5.0 (Windows NT 10.0; Win64; x64) AppleWebKit/537.36 (KHTML, like Gecko) Chrome/87.0.4280.141 Safari/537.36'),(617,14,'Delete component : test 26',1610973463,'::1','Mozilla/5.0 (Windows NT 10.0; Win64; x64) AppleWebKit/537.36 (KHTML, like Gecko) Chrome/87.0.4280.141 Safari/537.36'),(618,14,'Updated 2001 AWPB template',1610974299,'::1','Mozilla/5.0 (Windows NT 10.0; Win64; x64) AppleWebKit/537.36 (KHTML, like Gecko) Chrome/87.0.4280.141 Safari/537.36'),(619,14,'Updated 2001 AWPB template',1610974330,'::1','Mozilla/5.0 (Windows NT 10.0; Win64; x64) AppleWebKit/537.36 (KHTML, like Gecko) Chrome/87.0.4280.141 Safari/537.36'),(620,14,'Added template : 2020',1610986060,'::1','Mozilla/5.0 (Windows NT 10.0; Win64; x64) AppleWebKit/537.36 (KHTML, like Gecko) Chrome/87.0.4280.141 Safari/537.36'),(621,14,'Added activity : 7.1.C Test',1610996222,'::1','Mozilla/5.0 (Windows NT 10.0; Win64; x64) AppleWebKit/537.36 (KHTML, like Gecko) Chrome/87.0.4280.141 Safari/537.36'),(622,14,'Added activity : 3.2.C Monday Activity',1610996322,'::1','Mozilla/5.0 (Windows NT 10.0; Win64; x64) AppleWebKit/537.36 (KHTML, like Gecko) Chrome/87.0.4280.141 Safari/537.36'),(623,14,'Added activity : 3.2.C1 Monday sub activity',1610996859,'::1','Mozilla/5.0 (Windows NT 10.0; Win64; x64) AppleWebKit/537.36 (KHTML, like Gecko) Chrome/87.0.4280.141 Safari/537.36'),(624,14,'Added activity : B2 vvn',1611002590,'::1','Mozilla/5.0 (Windows NT 10.0; Win64; x64) AppleWebKit/537.36 (KHTML, like Gecko) Chrome/87.0.4280.141 Safari/537.36'),(625,14,'Added activity : 1.5.A11 Filter',1611002803,'::1','Mozilla/5.0 (Windows NT 10.0; Win64; x64) AppleWebKit/537.36 (KHTML, like Gecko) Chrome/87.0.4280.141 Safari/537.36'),(626,14,'Added activity : 3.C Tuesday',1611050295,'::1','Mozilla/5.0 (Windows NT 10.0; Win64; x64) AppleWebKit/537.36 (KHTML, like Gecko) Chrome/87.0.4280.141 Safari/537.36'),(627,14,'Added activity : 3.A Tuesday',1611050698,'::1','Mozilla/5.0 (Windows NT 10.0; Win64; x64) AppleWebKit/537.36 (KHTML, like Gecko) Chrome/87.0.4280.141 Safari/537.36'),(628,14,'Added activity : 3.B Tuesday',1611050704,'::1','Mozilla/5.0 (Windows NT 10.0; Win64; x64) AppleWebKit/537.36 (KHTML, like Gecko) Chrome/87.0.4280.141 Safari/537.36'),(629,14,'Added activity : 3.C Tuesday',1611050708,'::1','Mozilla/5.0 (Windows NT 10.0; Win64; x64) AppleWebKit/537.36 (KHTML, like Gecko) Chrome/87.0.4280.141 Safari/537.36'),(630,14,'Update role Administrator',1611059859,'::1','Mozilla/5.0 (Windows NT 10.0; Win64; x64) AppleWebKit/537.36 (KHTML, like Gecko) Chrome/87.0.4280.141 Safari/537.36'),(631,14,'Update role Administrator',1611075326,'::1','Mozilla/5.0 (Windows NT 10.0; Win64; x64) AppleWebKit/537.36 (KHTML, like Gecko) Chrome/87.0.4280.141 Safari/537.36'),(632,14,'Update role Administrator',1611075570,'::1','Mozilla/5.0 (Windows NT 10.0; Win64; x64) AppleWebKit/537.36 (KHTML, like Gecko) Chrome/87.0.4280.141 Safari/537.36'),(633,14,'Update role Administrator',1611075582,'::1','Mozilla/5.0 (Windows NT 10.0; Win64; x64) AppleWebKit/537.36 (KHTML, like Gecko) Chrome/87.0.4280.141 Safari/537.36'),(634,14,'Update role User',1611075772,'::1','Mozilla/5.0 (Windows NT 10.0; Win64; x64) AppleWebKit/537.36 (KHTML, like Gecko) Chrome/87.0.4280.141 Safari/537.36'),(635,10,'Added 1 commodity prices',1611076784,'::1','Mozilla/5.0 (Windows NT 10.0; Win64; x64) AppleWebKit/537.36 (KHTML, like Gecko) Chrome/87.0.4280.141 Safari/537.36'),(636,10,'Added 1 commodity prices',1611260372,'::1','Mozilla/5.0 (Windows NT 10.0; Win64; x64) AppleWebKit/537.36 (KHTML, like Gecko) Chrome/87.0.4280.141 Safari/537.36'),(637,14,'Added 1 activity line',1611261273,'::1','Mozilla/5.0 (Windows NT 10.0; Win64; x64) AppleWebKit/537.36 (KHTML, like Gecko) Chrome/87.0.4280.141 Safari/537.36'),(638,14,'Added 1 activity line',1611262547,'::1','Mozilla/5.0 (Windows NT 10.0; Win64; x64) AppleWebKit/537.36 (KHTML, like Gecko) Chrome/87.0.4280.141 Safari/537.36'),(639,14,'Update role User',1611274013,'::1','Mozilla/5.0 (Windows NT 10.0; Win64; x64) AppleWebKit/537.36 (KHTML, like Gecko) Chrome/87.0.4280.141 Safari/537.36'),(640,10,'Added 1 activity line',1611276274,'::1','Mozilla/5.0 (Windows NT 10.0; Win64; x64) AppleWebKit/537.36 (KHTML, like Gecko) Chrome/87.0.4280.141 Safari/537.36'),(641,10,'Added 1 activity line',1611276308,'::1','Mozilla/5.0 (Windows NT 10.0; Win64; x64) AppleWebKit/537.36 (KHTML, like Gecko) Chrome/87.0.4280.141 Safari/537.36'),(642,14,'Added 1 activity line',1611584087,'::1','Mozilla/5.0 (Windows NT 10.0; Win64; x64) AppleWebKit/537.36 (KHTML, like Gecko) Chrome/87.0.4280.141 Safari/537.36'),(643,10,'Added 1 activity line',1611584552,'::1','Mozilla/5.0 (Windows NT 10.0; Win64; x64) AppleWebKit/537.36 (KHTML, like Gecko) Chrome/87.0.4280.141 Safari/537.36'),(644,10,'Added 1 activity line',1611584887,'::1','Mozilla/5.0 (Windows NT 10.0; Win64; x64) AppleWebKit/537.36 (KHTML, like Gecko) Chrome/87.0.4280.141 Safari/537.36'),(645,14,'Updated commodity price details',1611749455,'::1','Mozilla/5.0 (Windows NT 10.0; Win64; x64) AppleWebKit/537.36 (KHTML, like Gecko) Chrome/87.0.4280.141 Safari/537.36'),(646,14,'Updated commodity price details',1611749462,'::1','Mozilla/5.0 (Windows NT 10.0; Win64; x64) AppleWebKit/537.36 (KHTML, like Gecko) Chrome/87.0.4280.141 Safari/537.36'),(647,14,'Updated commodity price details',1611749473,'::1','Mozilla/5.0 (Windows NT 10.0; Win64; x64) AppleWebKit/537.36 (KHTML, like Gecko) Chrome/87.0.4280.141 Safari/537.36'),(648,14,'Updated commodity price details',1611749493,'::1','Mozilla/5.0 (Windows NT 10.0; Win64; x64) AppleWebKit/537.36 (KHTML, like Gecko) Chrome/87.0.4280.141 Safari/537.36'),(649,14,'Updated commodity price details',1611749500,'::1','Mozilla/5.0 (Windows NT 10.0; Win64; x64) AppleWebKit/537.36 (KHTML, like Gecko) Chrome/87.0.4280.141 Safari/537.36'),(650,14,'Updated commodity price details',1611749530,'::1','Mozilla/5.0 (Windows NT 10.0; Win64; x64) AppleWebKit/537.36 (KHTML, like Gecko) Chrome/87.0.4280.141 Safari/537.36'),(651,14,'Updated commodity price details',1611752251,'::1','Mozilla/5.0 (Windows NT 10.0; Win64; x64) AppleWebKit/537.36 (KHTML, like Gecko) Chrome/87.0.4280.141 Safari/537.36'),(652,14,'Updated commodity price details',1611752258,'::1','Mozilla/5.0 (Windows NT 10.0; Win64; x64) AppleWebKit/537.36 (KHTML, like Gecko) Chrome/87.0.4280.141 Safari/537.36'),(653,14,'Activity line details updated.',1611752445,'::1','Mozilla/5.0 (Windows NT 10.0; Win64; x64) AppleWebKit/537.36 (KHTML, like Gecko) Chrome/87.0.4280.141 Safari/537.36'),(654,14,'Activity line details updated.',1611752450,'::1','Mozilla/5.0 (Windows NT 10.0; Win64; x64) AppleWebKit/537.36 (KHTML, like Gecko) Chrome/87.0.4280.141 Safari/537.36'),(655,14,'Activity line details updated.',1611752464,'::1','Mozilla/5.0 (Windows NT 10.0; Win64; x64) AppleWebKit/537.36 (KHTML, like Gecko) Chrome/87.0.4280.141 Safari/537.36'),(656,14,'Activity line details updated.',1611752470,'::1','Mozilla/5.0 (Windows NT 10.0; Win64; x64) AppleWebKit/537.36 (KHTML, like Gecko) Chrome/87.0.4280.141 Safari/537.36'),(657,14,'Activity line details updated.',1611752477,'::1','Mozilla/5.0 (Windows NT 10.0; Win64; x64) AppleWebKit/537.36 (KHTML, like Gecko) Chrome/87.0.4280.141 Safari/537.36'),(658,14,'Activity line details updated.',1611752634,'::1','Mozilla/5.0 (Windows NT 10.0; Win64; x64) AppleWebKit/537.36 (KHTML, like Gecko) Chrome/87.0.4280.141 Safari/537.36'),(659,14,'Activity line details updated.',1611752645,'::1','Mozilla/5.0 (Windows NT 10.0; Win64; x64) AppleWebKit/537.36 (KHTML, like Gecko) Chrome/87.0.4280.141 Safari/537.36'),(660,14,'Activity line details updated.',1611752649,'::1','Mozilla/5.0 (Windows NT 10.0; Win64; x64) AppleWebKit/537.36 (KHTML, like Gecko) Chrome/87.0.4280.141 Safari/537.36'),(661,14,'Activity line details updated.',1611754904,'::1','Mozilla/5.0 (Windows NT 10.0; Win64; x64) AppleWebKit/537.36 (KHTML, like Gecko) Chrome/87.0.4280.141 Safari/537.36'),(662,14,'Activity line details updated.',1611754917,'::1','Mozilla/5.0 (Windows NT 10.0; Win64; x64) AppleWebKit/537.36 (KHTML, like Gecko) Chrome/87.0.4280.141 Safari/537.36'),(663,14,'Activity line details updated.',1611754924,'::1','Mozilla/5.0 (Windows NT 10.0; Win64; x64) AppleWebKit/537.36 (KHTML, like Gecko) Chrome/87.0.4280.141 Safari/537.36'),(664,14,'Activity line details updated.',1611756969,'::1','Mozilla/5.0 (Windows NT 10.0; Win64; x64) AppleWebKit/537.36 (KHTML, like Gecko) Chrome/87.0.4280.141 Safari/537.36'),(665,14,'Activity line details updated.',1611757217,'::1','Mozilla/5.0 (Windows NT 10.0; Win64; x64) AppleWebKit/537.36 (KHTML, like Gecko) Chrome/87.0.4280.141 Safari/537.36'),(666,14,'Added 1 activity line',1611757358,'::1','Mozilla/5.0 (Windows NT 10.0; Win64; x64) AppleWebKit/537.36 (KHTML, like Gecko) Chrome/87.0.4280.141 Safari/537.36'),(667,14,'Activity line details updated.',1611757589,'::1','Mozilla/5.0 (Windows NT 10.0; Win64; x64) AppleWebKit/537.36 (KHTML, like Gecko) Chrome/87.0.4280.141 Safari/537.36'),(668,14,'Activity line details updated.',1611757602,'::1','Mozilla/5.0 (Windows NT 10.0; Win64; x64) AppleWebKit/537.36 (KHTML, like Gecko) Chrome/87.0.4280.141 Safari/537.36'),(669,14,'Activity line details updated.',1611757842,'::1','Mozilla/5.0 (Windows NT 10.0; Win64; x64) AppleWebKit/537.36 (KHTML, like Gecko) Chrome/87.0.4280.141 Safari/537.36'),(670,14,'Activity line details updated.',1611757860,'::1','Mozilla/5.0 (Windows NT 10.0; Win64; x64) AppleWebKit/537.36 (KHTML, like Gecko) Chrome/87.0.4280.141 Safari/537.36'),(671,14,'Activity line details updated.',1611757874,'::1','Mozilla/5.0 (Windows NT 10.0; Win64; x64) AppleWebKit/537.36 (KHTML, like Gecko) Chrome/87.0.4280.141 Safari/537.36'),(672,14,'Activity line details updated.',1611757962,'::1','Mozilla/5.0 (Windows NT 10.0; Win64; x64) AppleWebKit/537.36 (KHTML, like Gecko) Chrome/87.0.4280.141 Safari/537.36'),(673,14,'Activity line details updated.',1611758005,'::1','Mozilla/5.0 (Windows NT 10.0; Win64; x64) AppleWebKit/537.36 (KHTML, like Gecko) Chrome/87.0.4280.141 Safari/537.36'),(674,14,'Activity line details updated.',1611758066,'::1','Mozilla/5.0 (Windows NT 10.0; Win64; x64) AppleWebKit/537.36 (KHTML, like Gecko) Chrome/87.0.4280.141 Safari/537.36'),(675,14,'Activity line details updated.',1611758278,'::1','Mozilla/5.0 (Windows NT 10.0; Win64; x64) AppleWebKit/537.36 (KHTML, like Gecko) Chrome/87.0.4280.141 Safari/537.36'),(676,14,'Activity line details updated.',1611758303,'::1','Mozilla/5.0 (Windows NT 10.0; Win64; x64) AppleWebKit/537.36 (KHTML, like Gecko) Chrome/87.0.4280.141 Safari/537.36'),(677,14,'Activity line details updated.',1611758403,'::1','Mozilla/5.0 (Windows NT 10.0; Win64; x64) AppleWebKit/537.36 (KHTML, like Gecko) Chrome/87.0.4280.141 Safari/537.36'),(678,14,'Activity line details updated.',1611758593,'::1','Mozilla/5.0 (Windows NT 10.0; Win64; x64) AppleWebKit/537.36 (KHTML, like Gecko) Chrome/87.0.4280.141 Safari/537.36'),(679,14,'Activity line details updated.',1611758724,'::1','Mozilla/5.0 (Windows NT 10.0; Win64; x64) AppleWebKit/537.36 (KHTML, like Gecko) Chrome/87.0.4280.141 Safari/537.36'),(680,14,'Activity line details updated.',1611758740,'::1','Mozilla/5.0 (Windows NT 10.0; Win64; x64) AppleWebKit/537.36 (KHTML, like Gecko) Chrome/87.0.4280.141 Safari/537.36'),(681,14,'Activity line details updated.',1611759953,'::1','Mozilla/5.0 (Windows NT 10.0; Win64; x64) AppleWebKit/537.36 (KHTML, like Gecko) Chrome/87.0.4280.141 Safari/537.36'),(682,14,'Activity line details updated.',1611760049,'::1','Mozilla/5.0 (Windows NT 10.0; Win64; x64) AppleWebKit/537.36 (KHTML, like Gecko) Chrome/87.0.4280.141 Safari/537.36'),(683,14,'Activity line details updated.',1611760060,'::1','Mozilla/5.0 (Windows NT 10.0; Win64; x64) AppleWebKit/537.36 (KHTML, like Gecko) Chrome/87.0.4280.141 Safari/537.36'),(684,14,'Activity line details updated.',1611760997,'::1','Mozilla/5.0 (Windows NT 10.0; Win64; x64) AppleWebKit/537.36 (KHTML, like Gecko) Chrome/87.0.4280.141 Safari/537.36'),(685,14,'Activity line details updated.',1611761642,'::1','Mozilla/5.0 (Windows NT 10.0; Win64; x64) AppleWebKit/537.36 (KHTML, like Gecko) Chrome/87.0.4280.141 Safari/537.36'),(686,14,'Activity line details updated.',1611761655,'::1','Mozilla/5.0 (Windows NT 10.0; Win64; x64) AppleWebKit/537.36 (KHTML, like Gecko) Chrome/87.0.4280.141 Safari/537.36'),(687,14,'Activity line details updated.',1611761764,'::1','Mozilla/5.0 (Windows NT 10.0; Win64; x64) AppleWebKit/537.36 (KHTML, like Gecko) Chrome/87.0.4280.141 Safari/537.36'),(688,14,'Activity line details updated.',1611761817,'::1','Mozilla/5.0 (Windows NT 10.0; Win64; x64) AppleWebKit/537.36 (KHTML, like Gecko) Chrome/87.0.4280.141 Safari/537.36'),(689,14,'Activity line details updated.',1611762052,'::1','Mozilla/5.0 (Windows NT 10.0; Win64; x64) AppleWebKit/537.36 (KHTML, like Gecko) Chrome/87.0.4280.141 Safari/537.36'),(690,14,'Activity line details updated.',1611762071,'::1','Mozilla/5.0 (Windows NT 10.0; Win64; x64) AppleWebKit/537.36 (KHTML, like Gecko) Chrome/87.0.4280.141 Safari/537.36'),(691,14,'Activity line details updated.',1611762082,'::1','Mozilla/5.0 (Windows NT 10.0; Win64; x64) AppleWebKit/537.36 (KHTML, like Gecko) Chrome/87.0.4280.141 Safari/537.36'),(692,14,'Activity line details updated.',1611762246,'::1','Mozilla/5.0 (Windows NT 10.0; Win64; x64) AppleWebKit/537.36 (KHTML, like Gecko) Chrome/87.0.4280.141 Safari/537.36'),(693,14,'Activity line details updated.',1611762271,'::1','Mozilla/5.0 (Windows NT 10.0; Win64; x64) AppleWebKit/537.36 (KHTML, like Gecko) Chrome/87.0.4280.141 Safari/537.36'),(694,14,'Activity line details updated.',1611762280,'::1','Mozilla/5.0 (Windows NT 10.0; Win64; x64) AppleWebKit/537.36 (KHTML, like Gecko) Chrome/87.0.4280.141 Safari/537.36'),(695,14,'Activity line details updated.',1611762288,'::1','Mozilla/5.0 (Windows NT 10.0; Win64; x64) AppleWebKit/537.36 (KHTML, like Gecko) Chrome/87.0.4280.141 Safari/537.36'),(696,14,'Activity line details updated.',1611762296,'::1','Mozilla/5.0 (Windows NT 10.0; Win64; x64) AppleWebKit/537.36 (KHTML, like Gecko) Chrome/87.0.4280.141 Safari/537.36'),(697,14,'Activity line details updated.',1611762311,'::1','Mozilla/5.0 (Windows NT 10.0; Win64; x64) AppleWebKit/537.36 (KHTML, like Gecko) Chrome/87.0.4280.141 Safari/537.36'),(698,14,'Activity line details updated.',1611762481,'::1','Mozilla/5.0 (Windows NT 10.0; Win64; x64) AppleWebKit/537.36 (KHTML, like Gecko) Chrome/87.0.4280.141 Safari/537.36'),(699,14,'Activity line details updated.',1611762494,'::1','Mozilla/5.0 (Windows NT 10.0; Win64; x64) AppleWebKit/537.36 (KHTML, like Gecko) Chrome/87.0.4280.141 Safari/537.36'),(700,14,'Activity line details updated.',1611762502,'::1','Mozilla/5.0 (Windows NT 10.0; Win64; x64) AppleWebKit/537.36 (KHTML, like Gecko) Chrome/87.0.4280.141 Safari/537.36'),(701,14,'Activity line details updated.',1611762508,'::1','Mozilla/5.0 (Windows NT 10.0; Win64; x64) AppleWebKit/537.36 (KHTML, like Gecko) Chrome/87.0.4280.141 Safari/537.36'),(702,14,'Activity line details updated.',1611762515,'::1','Mozilla/5.0 (Windows NT 10.0; Win64; x64) AppleWebKit/537.36 (KHTML, like Gecko) Chrome/87.0.4280.141 Safari/537.36'),(703,14,'Activity line details updated.',1611762624,'::1','Mozilla/5.0 (Windows NT 10.0; Win64; x64) AppleWebKit/537.36 (KHTML, like Gecko) Chrome/87.0.4280.141 Safari/537.36'),(704,14,'Activity line details updated.',1611762633,'::1','Mozilla/5.0 (Windows NT 10.0; Win64; x64) AppleWebKit/537.36 (KHTML, like Gecko) Chrome/87.0.4280.141 Safari/537.36'),(705,14,'Activity line details updated.',1611762699,'::1','Mozilla/5.0 (Windows NT 10.0; Win64; x64) AppleWebKit/537.36 (KHTML, like Gecko) Chrome/87.0.4280.141 Safari/537.36'),(706,14,'Activity line details updated.',1611762710,'::1','Mozilla/5.0 (Windows NT 10.0; Win64; x64) AppleWebKit/537.36 (KHTML, like Gecko) Chrome/87.0.4280.141 Safari/537.36'),(707,14,'Activity line details updated.',1611762744,'::1','Mozilla/5.0 (Windows NT 10.0; Win64; x64) AppleWebKit/537.36 (KHTML, like Gecko) Chrome/87.0.4280.141 Safari/537.36'),(708,14,'Activity line details updated.',1611762766,'::1','Mozilla/5.0 (Windows NT 10.0; Win64; x64) AppleWebKit/537.36 (KHTML, like Gecko) Chrome/87.0.4280.141 Safari/537.36'),(709,14,'Activity line details updated.',1611762788,'::1','Mozilla/5.0 (Windows NT 10.0; Win64; x64) AppleWebKit/537.36 (KHTML, like Gecko) Chrome/87.0.4280.141 Safari/537.36'),(710,14,'Activity line details updated.',1611762794,'::1','Mozilla/5.0 (Windows NT 10.0; Win64; x64) AppleWebKit/537.36 (KHTML, like Gecko) Chrome/87.0.4280.141 Safari/537.36'),(711,14,'Activity line details updated.',1611762799,'::1','Mozilla/5.0 (Windows NT 10.0; Win64; x64) AppleWebKit/537.36 (KHTML, like Gecko) Chrome/87.0.4280.141 Safari/537.36'),(712,14,'Update role Administrator',1611769609,'::1','Mozilla/5.0 (Windows NT 10.0; Win64; x64) AppleWebKit/537.36 (KHTML, like Gecko) Chrome/87.0.4280.141 Safari/537.36'),(713,14,'Update role User',1611775625,'::1','Mozilla/5.0 (Windows NT 10.0; Win64; x64) AppleWebKit/537.36 (KHTML, like Gecko) Chrome/87.0.4280.141 Safari/537.36'),(714,10,'Added 1 activity line',1611779590,'::1','Mozilla/5.0 (Windows NT 10.0; Win64; x64) AppleWebKit/537.36 (KHTML, like Gecko) Chrome/87.0.4280.141 Safari/537.36'),(715,10,'Added template : 2021',1611785873,'::1','Mozilla/5.0 (Windows NT 10.0; Win64; x64) AppleWebKit/537.36 (KHTML, like Gecko) Chrome/87.0.4280.141 Safari/537.36'),(716,10,'Added template : 2022',1611786373,'::1','Mozilla/5.0 (Windows NT 10.0; Win64; x64) AppleWebKit/537.36 (KHTML, like Gecko) Chrome/87.0.4280.141 Safari/537.36'),(717,14,'Update role Administrator',1612455519,'::1','Mozilla/5.0 (Windows NT 10.0; Win64; x64) AppleWebKit/537.36 (KHTML, like Gecko) Chrome/87.0.4280.141 Safari/537.36'),(718,14,'Update role Administrator',1612456231,'::1','Mozilla/5.0 (Windows NT 10.0; Win64; x64) AppleWebKit/537.36 (KHTML, like Gecko) Chrome/87.0.4280.141 Safari/537.36'),(719,14,'Updated component: 1 - Enabling Environment for Agribusiness Development Growth',1612459791,'::1','Mozilla/5.0 (Windows NT 10.0; Win64; x64) AppleWebKit/537.36 (KHTML, like Gecko) Chrome/87.0.4280.141 Safari/537.36'),(720,14,'Update role Administrator',1612467416,'::1','Mozilla/5.0 (Windows NT 10.0; Win64; x64) AppleWebKit/537.36 (KHTML, like Gecko) Chrome/87.0.4280.141 Safari/537.36'),(721,14,'Update role User',1612476059,'::1','Mozilla/5.0 (Windows NT 10.0; Win64; x64) AppleWebKit/537.36 (KHTML, like Gecko) Chrome/87.0.4280.141 Safari/537.36'),(722,10,'Added 1 activity line',1612477204,'::1','Mozilla/5.0 (Windows NT 10.0; Win64; x64) AppleWebKit/537.36 (KHTML, like Gecko) Chrome/87.0.4280.141 Safari/537.36'),(723,14,'Update role Administrator',1612625808,'::1','Mozilla/5.0 (Windows NT 10.0; Win64; x64) AppleWebKit/537.36 (KHTML, like Gecko) Chrome/88.0.4324.146 Safari/537.36'),(724,14,'Update role Administrator',1612809483,'::1','Mozilla/5.0 (Windows NT 10.0; Win64; x64) AppleWebKit/537.36 (KHTML, like Gecko) Chrome/88.0.4324.146 Safari/537.36'),(725,14,'Added funder IFAD',1612809614,'::1','Mozilla/5.0 (Windows NT 10.0; Win64; x64) AppleWebKit/537.36 (KHTML, like Gecko) Chrome/88.0.4324.146 Safari/537.36'),(726,14,'Update role Administrator',1612810307,'::1','Mozilla/5.0 (Windows NT 10.0; Win64; x64) AppleWebKit/537.36 (KHTML, like Gecko) Chrome/88.0.4324.146 Safari/537.36'),(727,14,'Added funder GRZ',1612810869,'::1','Mozilla/5.0 (Windows NT 10.0; Win64; x64) AppleWebKit/537.36 (KHTML, like Gecko) Chrome/88.0.4324.146 Safari/537.36'),(728,14,'Update role Administrator',1612812661,'::1','Mozilla/5.0 (Windows NT 10.0; Win64; x64) AppleWebKit/537.36 (KHTML, like Gecko) Chrome/88.0.4324.146 Safari/537.36'),(729,14,'Added component : Policy and institutional environment enhanced for agribusiness development',1613663372,'::1','Mozilla/5.0 (Windows NT 10.0; Win64; x64) AppleWebKit/537.36 (KHTML, like Gecko) Chrome/88.0.4324.182 Safari/537.36'),(730,14,'Added component : Sustainable Agribusiness Partnerships',1613664211,'::1','Mozilla/5.0 (Windows NT 10.0; Win64; x64) AppleWebKit/537.36 (KHTML, like Gecko) Chrome/88.0.4324.182 Safari/537.36'),(731,14,'Added component : Programme Implementation',1613664257,'::1','Mozilla/5.0 (Windows NT 10.0; Win64; x64) AppleWebKit/537.36 (KHTML, like Gecko) Chrome/88.0.4324.182 Safari/537.36'),(732,14,'Updated component: 1 -  Enabling Environment for Agribusiness Development Growth',1613665865,'::1','Mozilla/5.0 (Windows NT 10.0; Win64; x64) AppleWebKit/537.36 (KHTML, like Gecko) Chrome/88.0.4324.182 Safari/537.36'),(733,14,'Updated component: 1 -  Enabling Environment for Agribusiness Development Growth',1613665972,'::1','Mozilla/5.0 (Windows NT 10.0; Win64; x64) AppleWebKit/537.36 (KHTML, like Gecko) Chrome/88.0.4324.182 Safari/537.36'),(734,14,'Added component :  Agribusiness Policy Development',1613666219,'::1','Mozilla/5.0 (Windows NT 10.0; Win64; x64) AppleWebKit/537.36 (KHTML, like Gecko) Chrome/88.0.4324.182 Safari/537.36'),(735,14,'Added activity : 1.1.C Consultancy studies on Agribusiness',1613670623,'::1','Mozilla/5.0 (Windows NT 10.0; Win64; x64) AppleWebKit/537.36 (KHTML, like Gecko) Chrome/88.0.4324.182 Safari/537.36'),(736,14,'Added activity : 1.1.C1 Test',1613671090,'::1','Mozilla/5.0 (Windows NT 10.0; Win64; x64) AppleWebKit/537.36 (KHTML, like Gecko) Chrome/88.0.4324.182 Safari/537.36'),(737,14,'Added activity : 1.1.B Consultancy studies on Agribusiness',1613671478,'::1','Mozilla/5.0 (Windows NT 10.0; Win64; x64) AppleWebKit/537.36 (KHTML, like Gecko) Chrome/88.0.4324.182 Safari/537.36'),(738,14,'Added 1 activity line',1613671820,'::1','Mozilla/5.0 (Windows NT 10.0; Win64; x64) AppleWebKit/537.36 (KHTML, like Gecko) Chrome/88.0.4324.182 Safari/537.36'),(739,14,'Added 1 activity line',1613672173,'::1','Mozilla/5.0 (Windows NT 10.0; Win64; x64) AppleWebKit/537.36 (KHTML, like Gecko) Chrome/88.0.4324.182 Safari/537.36'),(740,14,'Added 1 activity line',1613739505,'::1','Mozilla/5.0 (Windows NT 10.0; Win64; x64) AppleWebKit/537.36 (KHTML, like Gecko) Chrome/88.0.4324.182 Safari/537.36'),(741,14,'Added 1 activity line',1613739505,'::1','Mozilla/5.0 (Windows NT 10.0; Win64; x64) AppleWebKit/537.36 (KHTML, like Gecko) Chrome/88.0.4324.182 Safari/537.36'),(742,14,'Added activity : 1.1.C Malambo',1613833378,'::1','Mozilla/5.0 (Windows NT 10.0; Win64; x64) AppleWebKit/537.36 (KHTML, like Gecko) Chrome/88.0.4324.182 Safari/537.36'),(743,14,'Added activity : 1.1.C Malambo',1613833378,'::1','Mozilla/5.0 (Windows NT 10.0; Win64; x64) AppleWebKit/537.36 (KHTML, like Gecko) Chrome/88.0.4324.182 Safari/537.36'),(744,14,'Added activity : 1.1.C2 Malambo 2',1613833468,'::1','Mozilla/5.0 (Windows NT 10.0; Win64; x64) AppleWebKit/537.36 (KHTML, like Gecko) Chrome/88.0.4324.182 Safari/537.36'),(745,14,'Added activity : 1.1.C Malambo',1613833869,'::1','Mozilla/5.0 (Windows NT 10.0; Win64; x64) AppleWebKit/537.36 (KHTML, like Gecko) Chrome/88.0.4324.182 Safari/537.36'),(746,14,'Added activity : 1.1.C1 Testing Malambo sub activity',1613833968,'::1','Mozilla/5.0 (Windows NT 10.0; Win64; x64) AppleWebKit/537.36 (KHTML, like Gecko) Chrome/88.0.4324.182 Safari/537.36'),(747,14,'Added activity : 1.1.C2 Testing Malambo number two',1613834518,'::1','Mozilla/5.0 (Windows NT 10.0; Win64; x64) AppleWebKit/537.36 (KHTML, like Gecko) Chrome/88.0.4324.182 Safari/537.36'),(748,14,'Added 1 activity line',1613924203,'::1','Mozilla/5.0 (Windows NT 10.0; Win64; x64) AppleWebKit/537.36 (KHTML, like Gecko) Chrome/88.0.4324.182 Safari/537.36'),(749,10,'Added 1 activity line',1613929047,'::1','Mozilla/5.0 (Windows NT 10.0; Win64; x64) AppleWebKit/537.36 (KHTML, like Gecko) Chrome/88.0.4324.182 Safari/537.36'),(750,10,'Added 1 activity line',1613929117,'::1','Mozilla/5.0 (Windows NT 10.0; Win64; x64) AppleWebKit/537.36 (KHTML, like Gecko) Chrome/88.0.4324.182 Safari/537.36'),(751,10,'Added 2 activity line',1613929486,'::1','Mozilla/5.0 (Windows NT 10.0; Win64; x64) AppleWebKit/537.36 (KHTML, like Gecko) Chrome/88.0.4324.182 Safari/537.36'),(752,10,'Added 2 activity line',1613929801,'::1','Mozilla/5.0 (Windows NT 10.0; Win64; x64) AppleWebKit/537.36 (KHTML, like Gecko) Chrome/88.0.4324.182 Safari/537.36'),(753,10,'Added 1 activity line',1613929848,'::1','Mozilla/5.0 (Windows NT 10.0; Win64; x64) AppleWebKit/537.36 (KHTML, like Gecko) Chrome/88.0.4324.182 Safari/537.36'),(754,10,'Activity line details updated.',1613986837,'::1','Mozilla/5.0 (Windows NT 10.0; Win64; x64) AppleWebKit/537.36 (KHTML, like Gecko) Chrome/88.0.4324.182 Safari/537.36'),(755,10,'Added 1 activity line',1614002308,'::1','Mozilla/5.0 (Windows NT 10.0; Win64; x64) AppleWebKit/537.36 (KHTML, like Gecko) Chrome/88.0.4324.182 Safari/537.36'),(756,10,'Added 1 activity line',1614008295,'::1','Mozilla/5.0 (Windows NT 10.0; Win64; x64) AppleWebKit/537.36 (KHTML, like Gecko) Chrome/88.0.4324.182 Safari/537.36'),(757,10,'Added 1 activity line',1614009746,'::1','Mozilla/5.0 (Windows NT 10.0; Win64; x64) AppleWebKit/537.36 (KHTML, like Gecko) Chrome/88.0.4324.182 Safari/537.36'),(758,10,'Added 1 activity line',1614009894,'::1','Mozilla/5.0 (Windows NT 10.0; Win64; x64) AppleWebKit/537.36 (KHTML, like Gecko) Chrome/88.0.4324.182 Safari/537.36'),(759,10,'Added 2 activity line',1614010000,'::1','Mozilla/5.0 (Windows NT 10.0; Win64; x64) AppleWebKit/537.36 (KHTML, like Gecko) Chrome/88.0.4324.182 Safari/537.36'),(760,11,'Updated Expense Category Labour',1614014698,'::1','Mozilla/5.0 (Windows NT 10.0; Win64; x64) AppleWebKit/537.36 (KHTML, like Gecko) Chrome/88.0.4324.182 Safari/537.36'),(761,14,'Added component : Test',1614016867,'::1','Mozilla/5.0 (Windows NT 10.0; Win64; x64) AppleWebKit/537.36 (KHTML, like Gecko) Chrome/88.0.4324.182 Safari/537.36'),(762,14,'Added activity : 1.2.C Test activity on',1614017122,'::1','Mozilla/5.0 (Windows NT 10.0; Win64; x64) AppleWebKit/537.36 (KHTML, like Gecko) Chrome/88.0.4324.182 Safari/537.36'),(763,14,'Added activity : 1.2.C1 Sub activity test one',1614017247,'::1','Mozilla/5.0 (Windows NT 10.0; Win64; x64) AppleWebKit/537.36 (KHTML, like Gecko) Chrome/88.0.4324.182 Safari/537.36'),(764,10,'Added 2 activity line',1614017595,'::1','Mozilla/5.0 (Windows NT 10.0; Win64; x64) AppleWebKit/537.36 (KHTML, like Gecko) Chrome/88.0.4324.182 Safari/537.36'),(765,10,'Added 1 activity line',1614024078,'::1','Mozilla/5.0 (Windows NT 10.0; Win64; x64) AppleWebKit/537.36 (KHTML, like Gecko) Chrome/88.0.4324.182 Safari/537.36'),(766,10,'Added 1 activity line',1614028987,'::1','Mozilla/5.0 (Windows NT 10.0; Win64; x64) AppleWebKit/537.36 (KHTML, like Gecko) Chrome/88.0.4324.182 Safari/537.36'),(767,14,'Update role Administrator',1614068746,'::1','Mozilla/5.0 (Windows NT 10.0; Win64; x64) AppleWebKit/537.36 (KHTML, like Gecko) Chrome/88.0.4324.182 Safari/537.36'),(768,14,'Added component : Test Component',1614069546,'::1','Mozilla/5.0 (Windows NT 10.0; Win64; x64) AppleWebKit/537.36 (KHTML, like Gecko) Chrome/88.0.4324.182 Safari/537.36'),(769,14,'Added activity : 1.1.C Tuesday test',1614069748,'::1','Mozilla/5.0 (Windows NT 10.0; Win64; x64) AppleWebKit/537.36 (KHTML, like Gecko) Chrome/88.0.4324.182 Safari/537.36'),(770,14,'Added activity : 1.1.C1 Child activity for tuesday',1614069835,'::1','Mozilla/5.0 (Windows NT 10.0; Win64; x64) AppleWebKit/537.36 (KHTML, like Gecko) Chrome/88.0.4324.182 Safari/537.36'),(771,10,'Added 2 activity line',1614070037,'::1','Mozilla/5.0 (Windows NT 10.0; Win64; x64) AppleWebKit/537.36 (KHTML, like Gecko) Chrome/88.0.4324.182 Safari/537.36'),(772,14,'Added AWPB Activitly Line : Test',1614804977,'::1','Mozilla/5.0 (Windows NT 10.0; Win64; x64) AppleWebKit/537.36 (KHTML, like Gecko) Chrome/89.0.4389.72 Safari/537.36'),(773,14,'Added AWPB Activitly Line : Test 2',1614808050,'::1','Mozilla/5.0 (Windows NT 10.0; Win64; x64) AppleWebKit/537.36 (KHTML, like Gecko) Chrome/89.0.4389.72 Safari/537.36'),(774,14,'Added AWPB Activitly Line : Test 3',1614808528,'::1','Mozilla/5.0 (Windows NT 10.0; Win64; x64) AppleWebKit/537.36 (KHTML, like Gecko) Chrome/89.0.4389.72 Safari/537.36'),(775,14,'Added AWPB Activitly Line : Test 4',1614810124,'::1','Mozilla/5.0 (Windows NT 10.0; Win64; x64) AppleWebKit/537.36 (KHTML, like Gecko) Chrome/89.0.4389.72 Safari/537.36'),(776,14,'Added AWPB Activitly Line : Test 5',1614810785,'::1','Mozilla/5.0 (Windows NT 10.0; Win64; x64) AppleWebKit/537.36 (KHTML, like Gecko) Chrome/89.0.4389.72 Safari/537.36'),(777,14,'Added AWPB Activitly Line : Test 5',1614811232,'::1','Mozilla/5.0 (Windows NT 10.0; Win64; x64) AppleWebKit/537.36 (KHTML, like Gecko) Chrome/89.0.4389.72 Safari/537.36'),(778,14,'Added AWPB Activitly Line : Test 5',1614811259,'::1','Mozilla/5.0 (Windows NT 10.0; Win64; x64) AppleWebKit/537.36 (KHTML, like Gecko) Chrome/89.0.4389.72 Safari/537.36'),(779,14,'Added AWPB Activitly Line : nn',1614812243,'::1','Mozilla/5.0 (Windows NT 10.0; Win64; x64) AppleWebKit/537.36 (KHTML, like Gecko) Chrome/88.0.4324.182 Safari/537.36 Edg/88.0.705.81'),(780,14,'Added activity : 1.1.E Workshop to consider recommendations from Provincial Policy Dialogue Meetings',1614943725,'::1','Mozilla/5.0 (Windows NT 10.0; Win64; x64) AppleWebKit/537.36 (KHTML, like Gecko) Chrome/89.0.4389.72 Safari/537.36'),(781,14,'Added activity : 1.1.E1 Workshop to consider recommendations from Provincial Policy Dialogue Meetings',1614944097,'::1','Mozilla/5.0 (Windows NT 10.0; Win64; x64) AppleWebKit/537.36 (KHTML, like Gecko) Chrome/89.0.4389.72 Safari/537.36'),(782,14,'Added AWPB Activitly Line : Chinoda Chimanya',1615110851,'::1','Mozilla/5.0 (Windows NT 10.0; Win64; x64) AppleWebKit/537.36 (KHTML, like Gecko) Chrome/89.0.4389.72 Safari/537.36'),(783,14,'Added component : Enabling Environment for Agribusiness Development Growth',1615175682,'::1','Mozilla/5.0 (Windows NT 10.0; Win64; x64) AppleWebKit/537.36 (KHTML, like Gecko) Chrome/89.0.4389.72 Safari/537.36'),(784,14,'Added component : Agribusiness Policy Development',1615179134,'::1','Mozilla/5.0 (Windows NT 10.0; Win64; x64) AppleWebKit/537.36 (KHTML, like Gecko) Chrome/89.0.4389.72 Safari/537.36'),(785,14,'Added component : Agribusiness Policy Development',1615179773,'::1','Mozilla/5.0 (Windows NT 10.0; Win64; x64) AppleWebKit/537.36 (KHTML, like Gecko) Chrome/89.0.4389.72 Safari/537.36'),(786,14,'Updated component: 1.1 - Agribusiness Policy Development',1615179799,'::1','Mozilla/5.0 (Windows NT 10.0; Win64; x64) AppleWebKit/537.36 (KHTML, like Gecko) Chrome/89.0.4389.72 Safari/537.36'),(787,14,'Delete component : 1.1 Agribusiness Policy Development',1615179874,'::1','Mozilla/5.0 (Windows NT 10.0; Win64; x64) AppleWebKit/537.36 (KHTML, like Gecko) Chrome/89.0.4389.72 Safari/537.36'),(788,14,'Added component : Agribusiness Policy Development',1615179962,'::1','Mozilla/5.0 (Windows NT 10.0; Win64; x64) AppleWebKit/537.36 (KHTML, like Gecko) Chrome/89.0.4389.72 Safari/537.36'),(789,14,'Updated component: 1 - Enabling Environment for Agribusiness Development Growth',1615180076,'::1','Mozilla/5.0 (Windows NT 10.0; Win64; x64) AppleWebKit/537.36 (KHTML, like Gecko) Chrome/89.0.4389.72 Safari/537.36'),(790,14,'Added activity : 1.1.C Policy 3 related activities',1615185265,'::1','Mozilla/5.0 (Windows NT 10.0; Win64; x64) AppleWebKit/537.36 (KHTML, like Gecko) Chrome/89.0.4389.72 Safari/537.36'),(791,14,'Added activity : 1.1.C1 Workshop to consider recommendations from Provincial Policy Dialogue Meetings',1615187177,'::1','Mozilla/5.0 (Windows NT 10.0; Win64; x64) AppleWebKit/537.36 (KHTML, like Gecko) Chrome/89.0.4389.72 Safari/537.36'),(792,14,'Added activity : 1.1.C2 Agribusiness Studies to guide strategy development',1615188437,'::1','Mozilla/5.0 (Windows NT 10.0; Win64; x64) AppleWebKit/537.36 (KHTML, like Gecko) Chrome/89.0.4389.72 Safari/537.36'),(793,14,'Added AWPB Activitly Line : Livingstone work',1615190293,'::1','Mozilla/5.0 (Windows NT 10.0; Win64; x64) AppleWebKit/537.36 (KHTML, like Gecko) Chrome/89.0.4389.72 Safari/537.36'),(794,10,'Added AWPB Activitly Line : Agribusiness strategy',1615197035,'::1','Mozilla/5.0 (Windows NT 10.0; Win64; x64) AppleWebKit/537.36 (KHTML, like Gecko) Chrome/89.0.4389.72 Safari/537.36'),(795,10,'Added AWPB Activitly Line : testng',1615204882,'::1','Mozilla/5.0 (Windows NT 10.0; Win64; x64) AppleWebKit/537.36 (KHTML, like Gecko) Chrome/89.0.4389.72 Safari/537.36'),(796,10,'Update AWPB Activitly Line : testng',1615223006,'::1','Mozilla/5.0 (Windows NT 10.0; Win64; x64) AppleWebKit/537.36 (KHTML, like Gecko) Chrome/89.0.4389.72 Safari/537.36'),(797,10,'Update AWPB Activitly Line : testng',1615223104,'::1','Mozilla/5.0 (Windows NT 10.0; Win64; x64) AppleWebKit/537.36 (KHTML, like Gecko) Chrome/89.0.4389.72 Safari/537.36'),(798,10,'Update AWPB Activitly Line : testng',1615223178,'::1','Mozilla/5.0 (Windows NT 10.0; Win64; x64) AppleWebKit/537.36 (KHTML, like Gecko) Chrome/89.0.4389.72 Safari/537.36'),(799,10,'Update AWPB Activitly Line : Agribusiness strategy',1615230069,'::1','Mozilla/5.0 (Windows NT 10.0; Win64; x64) AppleWebKit/537.36 (KHTML, like Gecko) Chrome/89.0.4389.72 Safari/537.36'),(800,10,'Update AWPB Activitly Line : Agribusiness strategy',1615230082,'::1','Mozilla/5.0 (Windows NT 10.0; Win64; x64) AppleWebKit/537.36 (KHTML, like Gecko) Chrome/89.0.4389.72 Safari/537.36'),(801,10,'Update AWPB Activitly Line : testng',1615230094,'::1','Mozilla/5.0 (Windows NT 10.0; Win64; x64) AppleWebKit/537.36 (KHTML, like Gecko) Chrome/89.0.4389.72 Safari/537.36'),(802,10,'Update AWPB Activitly Line : Livingstone work',1615230456,'::1','Mozilla/5.0 (Windows NT 10.0; Win64; x64) AppleWebKit/537.36 (KHTML, like Gecko) Chrome/89.0.4389.72 Safari/537.36'),(803,14,'Removed province Lusaka from the system.',1615629359,'::1','Mozilla/5.0 (Windows NT 10.0; Win64; x64) AppleWebKit/537.36 (KHTML, like Gecko) Chrome/89.0.4389.82 Safari/537.36'),(804,14,'Added component : Sustainable Agribusiness Partnerships',1615630343,'::1','Mozilla/5.0 (Windows NT 10.0; Win64; x64) AppleWebKit/537.36 (KHTML, like Gecko) Chrome/89.0.4389.82 Safari/537.36'),(805,14,'Added component :  Strategic Linkages of Graduating Subsistence Farmers to Markets',1615630553,'::1','Mozilla/5.0 (Windows NT 10.0; Win64; x64) AppleWebKit/537.36 (KHTML, like Gecko) Chrome/89.0.4389.82 Safari/537.36'),(806,14,'Added component : Test',1616996295,'::1','Mozilla/5.0 (Windows NT 10.0; Win64; x64) AppleWebKit/537.36 (KHTML, like Gecko) Chrome/89.0.4389.90 Safari/537.36'),(807,14,'Downloaded category A Farmer registration form',1617002913,'::1','Mozilla/5.0 (Windows NT 10.0; Win64; x64) AppleWebKit/537.36 (KHTML, like Gecko) Chrome/89.0.4389.90 Safari/537.36'),(808,14,'Update role Administrator',1617004250,'::1','Mozilla/5.0 (Windows NT 10.0; Win64; x64) AppleWebKit/537.36 (KHTML, like Gecko) Chrome/89.0.4389.90 Safari/537.36'),(809,14,'Delete component : 5 Test',1617005217,'::1','Mozilla/5.0 (Windows NT 10.0; Win64; x64) AppleWebKit/537.36 (KHTML, like Gecko) Chrome/89.0.4389.90 Safari/537.36'),(810,14,'Added component : Test',1617005244,'::1','Mozilla/5.0 (Windows NT 10.0; Win64; x64) AppleWebKit/537.36 (KHTML, like Gecko) Chrome/89.0.4389.90 Safari/537.36'),(811,14,'Updated component: 6 - Test',1617005280,'::1','Mozilla/5.0 (Windows NT 10.0; Win64; x64) AppleWebKit/537.36 (KHTML, like Gecko) Chrome/89.0.4389.90 Safari/537.36'),(812,14,'Added component : Sub Test',1617005348,'::1','Mozilla/5.0 (Windows NT 10.0; Win64; x64) AppleWebKit/537.36 (KHTML, like Gecko) Chrome/89.0.4389.90 Safari/537.36'),(813,14,'Added activity : 6.1.C Test Activity',1617006135,'::1','Mozilla/5.0 (Windows NT 10.0; Win64; x64) AppleWebKit/537.36 (KHTML, like Gecko) Chrome/89.0.4389.90 Safari/537.36'),(814,14,'Added activity : 1.1.C Test 2 Main Activity',1617007639,'::1','Mozilla/5.0 (Windows NT 10.0; Win64; x64) AppleWebKit/537.36 (KHTML, like Gecko) Chrome/89.0.4389.90 Safari/537.36'),(815,14,'Added activity : 1.1.C1 Test',1617013826,'::1','Mozilla/5.0 (Windows NT 10.0; Win64; x64) AppleWebKit/537.36 (KHTML, like Gecko) Chrome/89.0.4389.90 Safari/537.36'),(816,14,'Added activity : 6.1.C1 Test Activity Sub',1617014469,'::1','Mozilla/5.0 (Windows NT 10.0; Win64; x64) AppleWebKit/537.36 (KHTML, like Gecko) Chrome/89.0.4389.90 Safari/537.36'),(817,14,'Updated component: 6 - Test',1617085311,'::1','Mozilla/5.0 (Windows NT 10.0; Win64; x64) AppleWebKit/537.36 (KHTML, like Gecko) Chrome/89.0.4389.90 Safari/537.36'),(818,14,'Updated component: 6 - Test',1617085616,'::1','Mozilla/5.0 (Windows NT 10.0; Win64; x64) AppleWebKit/537.36 (KHTML, like Gecko) Chrome/89.0.4389.90 Safari/537.36'),(819,14,'Updated component: 6 - Test',1617085819,'::1','Mozilla/5.0 (Windows NT 10.0; Win64; x64) AppleWebKit/537.36 (KHTML, like Gecko) Chrome/89.0.4389.90 Safari/537.36'),(820,14,'Updated component: 6 - Test',1617086519,'::1','Mozilla/5.0 (Windows NT 10.0; Win64; x64) AppleWebKit/537.36 (KHTML, like Gecko) Chrome/89.0.4389.90 Safari/537.36'),(821,14,'Added AWPB Activitly Line : D Component',1617086661,'::1','Mozilla/5.0 (Windows NT 10.0; Win64; x64) AppleWebKit/537.36 (KHTML, like Gecko) Chrome/89.0.4389.90 Safari/537.36'),(822,14,'Update AWPB Activitly Line : D Compound',1617086697,'::1','Mozilla/5.0 (Windows NT 10.0; Win64; x64) AppleWebKit/537.36 (KHTML, like Gecko) Chrome/89.0.4389.90 Safari/537.36'),(823,14,'Submitted 48 : D Compound',1617089498,'::1','Mozilla/5.0 (Windows NT 10.0; Win64; x64) AppleWebKit/537.36 (KHTML, like Gecko) Chrome/89.0.4389.90 Safari/537.36'),(824,14,'Downloaded category A Farmer registration form',1617121737,'::1','Mozilla/5.0 (Windows NT 10.0; Win64; x64) AppleWebKit/537.36 (KHTML, like Gecko) Chrome/89.0.4389.90 Safari/537.36'),(825,14,'Submitted 48 : D Compound',1617127592,'::1','Mozilla/5.0 (Windows NT 10.0; Win64; x64) AppleWebKit/537.36 (KHTML, like Gecko) Chrome/89.0.4389.90 Safari/537.36'),(826,14,'Added AWPB Activitly Line : MDMDDM',1617138774,'::1','Mozilla/5.0 (Windows NT 10.0; Win64; x64) AppleWebKit/537.36 (KHTML, like Gecko) Chrome/89.0.4389.90 Safari/537.36'),(827,14,'Added AWPB Activitly Line : Chinoda Chimanya',1617140131,'::1','Mozilla/5.0 (Windows NT 10.0; Win64; x64) AppleWebKit/537.36 (KHTML, like Gecko) Chrome/89.0.4389.90 Safari/537.36'),(828,14,'Submitted 48 : D Compound',1617149009,'::1','Mozilla/5.0 (Windows NT 10.0; Win64; x64) AppleWebKit/537.36 (KHTML, like Gecko) Chrome/89.0.4389.90 Safari/537.36'),(829,14,'Submitted 48 : D Compound',1617149025,'::1','Mozilla/5.0 (Windows NT 10.0; Win64; x64) AppleWebKit/537.36 (KHTML, like Gecko) Chrome/89.0.4389.90 Safari/537.36'),(830,14,'Submitted 49 : MDMDDM',1617149025,'::1','Mozilla/5.0 (Windows NT 10.0; Win64; x64) AppleWebKit/537.36 (KHTML, like Gecko) Chrome/89.0.4389.90 Safari/537.36'),(831,14,'Submitted 50 : Chinoda Chimanya',1617149025,'::1','Mozilla/5.0 (Windows NT 10.0; Win64; x64) AppleWebKit/537.36 (KHTML, like Gecko) Chrome/89.0.4389.90 Safari/537.36'),(832,14,'Submitted 48 : D Compound',1617149528,'::1','Mozilla/5.0 (Windows NT 10.0; Win64; x64) AppleWebKit/537.36 (KHTML, like Gecko) Chrome/89.0.4389.90 Safari/537.36'),(833,14,'Submitted 49 : MDMDDM',1617149528,'::1','Mozilla/5.0 (Windows NT 10.0; Win64; x64) AppleWebKit/537.36 (KHTML, like Gecko) Chrome/89.0.4389.90 Safari/537.36'),(834,14,'Submitted 50 : Chinoda Chimanya',1617149529,'::1','Mozilla/5.0 (Windows NT 10.0; Win64; x64) AppleWebKit/537.36 (KHTML, like Gecko) Chrome/89.0.4389.90 Safari/537.36'),(835,14,'Submitted 48 : D Compound',1617149538,'::1','Mozilla/5.0 (Windows NT 10.0; Win64; x64) AppleWebKit/537.36 (KHTML, like Gecko) Chrome/89.0.4389.90 Safari/537.36'),(836,14,'Submitted 49 : MDMDDM',1617149538,'::1','Mozilla/5.0 (Windows NT 10.0; Win64; x64) AppleWebKit/537.36 (KHTML, like Gecko) Chrome/89.0.4389.90 Safari/537.36'),(837,14,'Submitted 50 : Chinoda Chimanya',1617149538,'::1','Mozilla/5.0 (Windows NT 10.0; Win64; x64) AppleWebKit/537.36 (KHTML, like Gecko) Chrome/89.0.4389.90 Safari/537.36'),(838,15,'Updated profile details ',1617151065,'::1','Mozilla/5.0 (Windows NT 10.0; Win64; x64) AppleWebKit/537.36 (KHTML, like Gecko) Chrome/89.0.4389.90 Safari/537.36'),(839,10,'Updated profile details ',1617151238,'::1','Mozilla/5.0 (Windows NT 10.0; Win64; x64) AppleWebKit/537.36 (KHTML, like Gecko) Chrome/89.0.4389.90 Safari/537.36'),(840,14,'Update role User',1617151547,'::1','Mozilla/5.0 (Windows NT 10.0; Win64; x64) AppleWebKit/537.36 (KHTML, like Gecko) Chrome/89.0.4389.90 Safari/537.36'),(841,15,'Added AWPB Activitly Line : Weed Killer',1617151865,'::1','Mozilla/5.0 (Windows NT 10.0; Win64; x64) AppleWebKit/537.36 (KHTML, like Gecko) Chrome/89.0.4389.90 Safari/537.36'),(842,15,'Added AWPB Activitly Line : Maize Seed',1617151976,'::1','Mozilla/5.0 (Windows NT 10.0; Win64; x64) AppleWebKit/537.36 (KHTML, like Gecko) Chrome/89.0.4389.90 Safari/537.36'),(843,15,'Submitted 51 : Weed Killer',1617173545,'::1','Mozilla/5.0 (Windows NT 10.0; Win64; x64) AppleWebKit/537.36 (KHTML, like Gecko) Chrome/89.0.4389.90 Safari/537.36'),(844,15,'Submitted 52 : Maize Seed',1617173545,'::1','Mozilla/5.0 (Windows NT 10.0; Win64; x64) AppleWebKit/537.36 (KHTML, like Gecko) Chrome/89.0.4389.90 Safari/537.36'),(845,14,'Submitted 48 : D Compound',1617176292,'::1','Mozilla/5.0 (Windows NT 10.0; Win64; x64) AppleWebKit/537.36 (KHTML, like Gecko) Chrome/89.0.4389.90 Safari/537.36'),(846,14,'Submitted 49 : MDMDDM',1617176292,'::1','Mozilla/5.0 (Windows NT 10.0; Win64; x64) AppleWebKit/537.36 (KHTML, like Gecko) Chrome/89.0.4389.90 Safari/537.36'),(847,14,'Submitted 50 : Chinoda Chimanya',1617176293,'::1','Mozilla/5.0 (Windows NT 10.0; Win64; x64) AppleWebKit/537.36 (KHTML, like Gecko) Chrome/89.0.4389.90 Safari/537.36'),(848,14,'Added activity : 1.1.C2 teststs',1617177641,'::1','Mozilla/5.0 (Windows NT 10.0; Win64; x64) AppleWebKit/537.36 (KHTML, like Gecko) Chrome/89.0.4389.90 Safari/537.36'),(849,15,'Added AWPB Activitly Line : D Compound',1617177801,'::1','Mozilla/5.0 (Windows NT 10.0; Win64; x64) AppleWebKit/537.36 (KHTML, like Gecko) Chrome/89.0.4389.90 Safari/537.36'),(850,15,'Submitted 53 : D Compound',1617177868,'::1','Mozilla/5.0 (Windows NT 10.0; Win64; x64) AppleWebKit/537.36 (KHTML, like Gecko) Chrome/89.0.4389.90 Safari/537.36'),(851,14,'Decline budget line 48 : D Compound',1618958990,'::1','Mozilla/5.0 (Windows NT 10.0; Win64; x64) AppleWebKit/537.36 (KHTML, like Gecko) Chrome/89.0.4389.128 Safari/537.36'),(852,14,'Decline budget line 49 : MDMDDM',1618958990,'::1','Mozilla/5.0 (Windows NT 10.0; Win64; x64) AppleWebKit/537.36 (KHTML, like Gecko) Chrome/89.0.4389.128 Safari/537.36'),(853,14,'Decline budget line 50 : Chicken Feed',1618958991,'::1','Mozilla/5.0 (Windows NT 10.0; Win64; x64) AppleWebKit/537.36 (KHTML, like Gecko) Chrome/89.0.4389.128 Safari/537.36'),(854,14,'Decline budget line 51 : Weed Killer',1618961416,'::1','Mozilla/5.0 (Windows NT 10.0; Win64; x64) AppleWebKit/537.36 (KHTML, like Gecko) Chrome/89.0.4389.128 Safari/537.36'),(855,14,'Decline budget line 48 : D Compound',1618989774,'::1','Mozilla/5.0 (Windows NT 10.0; Win64; x64) AppleWebKit/537.36 (KHTML, like Gecko) Chrome/89.0.4389.128 Safari/537.36'),(856,14,'Decline budget line 49 : MDMDDM',1618989849,'::1','Mozilla/5.0 (Windows NT 10.0; Win64; x64) AppleWebKit/537.36 (KHTML, like Gecko) Chrome/89.0.4389.128 Safari/537.36'),(857,14,'Decline budget line 50 : Chicken Feed',1618989849,'::1','Mozilla/5.0 (Windows NT 10.0; Win64; x64) AppleWebKit/537.36 (KHTML, like Gecko) Chrome/89.0.4389.128 Safari/537.36'),(858,14,'Update role Administrator',1618989939,'::1','Mozilla/5.0 (Windows NT 10.0; Win64; x64) AppleWebKit/537.36 (KHTML, like Gecko) Chrome/89.0.4389.128 Safari/537.36'),(859,15,'Submitted 51 : Weed Killer',1618990138,'::1','Mozilla/5.0 (Windows NT 10.0; Win64; x64) AppleWebKit/537.36 (KHTML, like Gecko) Chrome/89.0.4389.128 Safari/537.36'),(860,14,'Decline budget line 48 : D Compound',1619027540,'::1','Mozilla/5.0 (Windows NT 10.0; Win64; x64) AppleWebKit/537.36 (KHTML, like Gecko) Chrome/89.0.4389.128 Safari/537.36'),(861,14,'Decline budget line 49 : MDMDDM',1619027540,'::1','Mozilla/5.0 (Windows NT 10.0; Win64; x64) AppleWebKit/537.36 (KHTML, like Gecko) Chrome/89.0.4389.128 Safari/537.36'),(862,14,'Decline budget line 50 : Chicken Feed',1619027540,'::1','Mozilla/5.0 (Windows NT 10.0; Win64; x64) AppleWebKit/537.36 (KHTML, like Gecko) Chrome/89.0.4389.128 Safari/537.36'),(863,12,'Submitted 48 : D Compound',1619027613,'::1','Mozilla/5.0 (Windows NT 10.0; Win64; x64) AppleWebKit/537.36 (KHTML, like Gecko) Chrome/89.0.4389.128 Safari/537.36 Edg/89.0.774.77'),(864,12,'Submitted 49 : MDMDDM',1619027613,'::1','Mozilla/5.0 (Windows NT 10.0; Win64; x64) AppleWebKit/537.36 (KHTML, like Gecko) Chrome/89.0.4389.128 Safari/537.36 Edg/89.0.774.77'),(865,12,'Submitted 50 : Chicken Feed',1619027613,'::1','Mozilla/5.0 (Windows NT 10.0; Win64; x64) AppleWebKit/537.36 (KHTML, like Gecko) Chrome/89.0.4389.128 Safari/537.36 Edg/89.0.774.77'),(866,14,'Decline budget line 48 : D Compound',1619028027,'::1','Mozilla/5.0 (Windows NT 10.0; Win64; x64) AppleWebKit/537.36 (KHTML, like Gecko) Chrome/89.0.4389.128 Safari/537.36'),(867,14,'Decline budget line 49 : MDMDDM',1619028027,'::1','Mozilla/5.0 (Windows NT 10.0; Win64; x64) AppleWebKit/537.36 (KHTML, like Gecko) Chrome/89.0.4389.128 Safari/537.36'),(868,14,'Decline budget line 50 : Chicken Feed',1619028027,'::1','Mozilla/5.0 (Windows NT 10.0; Win64; x64) AppleWebKit/537.36 (KHTML, like Gecko) Chrome/89.0.4389.128 Safari/537.36'),(869,12,'Submitted 48 : D Compound',1619028043,'::1','Mozilla/5.0 (Windows NT 10.0; Win64; x64) AppleWebKit/537.36 (KHTML, like Gecko) Chrome/89.0.4389.128 Safari/537.36 Edg/89.0.774.77'),(870,12,'Submitted 49 : MDMDDM',1619028043,'::1','Mozilla/5.0 (Windows NT 10.0; Win64; x64) AppleWebKit/537.36 (KHTML, like Gecko) Chrome/89.0.4389.128 Safari/537.36 Edg/89.0.774.77'),(871,12,'Submitted 50 : Chicken Feed',1619028043,'::1','Mozilla/5.0 (Windows NT 10.0; Win64; x64) AppleWebKit/537.36 (KHTML, like Gecko) Chrome/89.0.4389.128 Safari/537.36 Edg/89.0.774.77'),(872,14,'Decline budget line 48 : D Compound',1619028061,'::1','Mozilla/5.0 (Windows NT 10.0; Win64; x64) AppleWebKit/537.36 (KHTML, like Gecko) Chrome/89.0.4389.128 Safari/537.36'),(873,14,'Decline budget line 49 : MDMDDM',1619028061,'::1','Mozilla/5.0 (Windows NT 10.0; Win64; x64) AppleWebKit/537.36 (KHTML, like Gecko) Chrome/89.0.4389.128 Safari/537.36'),(874,14,'Decline budget line 50 : Chicken Feed',1619028061,'::1','Mozilla/5.0 (Windows NT 10.0; Win64; x64) AppleWebKit/537.36 (KHTML, like Gecko) Chrome/89.0.4389.128 Safari/537.36'),(875,12,'Submitted 48 : D Compound',1619031143,'::1','Mozilla/5.0 (Windows NT 10.0; Win64; x64) AppleWebKit/537.36 (KHTML, like Gecko) Chrome/89.0.4389.128 Safari/537.36 Edg/89.0.774.77'),(876,12,'Submitted 49 : MDMDDM',1619031143,'::1','Mozilla/5.0 (Windows NT 10.0; Win64; x64) AppleWebKit/537.36 (KHTML, like Gecko) Chrome/89.0.4389.128 Safari/537.36 Edg/89.0.774.77'),(877,12,'Submitted 50 : Chicken Feed',1619031143,'::1','Mozilla/5.0 (Windows NT 10.0; Win64; x64) AppleWebKit/537.36 (KHTML, like Gecko) Chrome/89.0.4389.128 Safari/537.36 Edg/89.0.774.77'),(878,14,'Decline budget line 48 : D Compound',1619031193,'::1','Mozilla/5.0 (Windows NT 10.0; Win64; x64) AppleWebKit/537.36 (KHTML, like Gecko) Chrome/89.0.4389.128 Safari/537.36'),(879,14,'Decline budget line 49 : MDMDDM',1619031193,'::1','Mozilla/5.0 (Windows NT 10.0; Win64; x64) AppleWebKit/537.36 (KHTML, like Gecko) Chrome/89.0.4389.128 Safari/537.36'),(880,14,'Decline budget line 50 : Chicken Feed',1619031193,'::1','Mozilla/5.0 (Windows NT 10.0; Win64; x64) AppleWebKit/537.36 (KHTML, like Gecko) Chrome/89.0.4389.128 Safari/537.36'),(881,12,'Submitted 48 : D Compound',1619031265,'::1','Mozilla/5.0 (Windows NT 10.0; Win64; x64) AppleWebKit/537.36 (KHTML, like Gecko) Chrome/89.0.4389.128 Safari/537.36 Edg/89.0.774.77'),(882,12,'Submitted 49 : MDMDDM',1619031265,'::1','Mozilla/5.0 (Windows NT 10.0; Win64; x64) AppleWebKit/537.36 (KHTML, like Gecko) Chrome/89.0.4389.128 Safari/537.36 Edg/89.0.774.77'),(883,12,'Submitted 50 : Chicken Feed',1619031265,'::1','Mozilla/5.0 (Windows NT 10.0; Win64; x64) AppleWebKit/537.36 (KHTML, like Gecko) Chrome/89.0.4389.128 Safari/537.36 Edg/89.0.774.77'),(884,14,'Decline budget line 48 : D Compound',1619031304,'::1','Mozilla/5.0 (Windows NT 10.0; Win64; x64) AppleWebKit/537.36 (KHTML, like Gecko) Chrome/89.0.4389.128 Safari/537.36'),(885,14,'Decline budget line 49 : MDMDDM',1619031304,'::1','Mozilla/5.0 (Windows NT 10.0; Win64; x64) AppleWebKit/537.36 (KHTML, like Gecko) Chrome/89.0.4389.128 Safari/537.36'),(886,14,'Decline budget line 49 : MDMDDM',1619031304,'::1','Mozilla/5.0 (Windows NT 10.0; Win64; x64) AppleWebKit/537.36 (KHTML, like Gecko) Chrome/89.0.4389.128 Safari/537.36'),(887,14,'Decline budget line 50 : Chicken Feed',1619031304,'::1','Mozilla/5.0 (Windows NT 10.0; Win64; x64) AppleWebKit/537.36 (KHTML, like Gecko) Chrome/89.0.4389.128 Safari/537.36'),(888,14,'Decline budget line 50 : Chicken Feed',1619031304,'::1','Mozilla/5.0 (Windows NT 10.0; Win64; x64) AppleWebKit/537.36 (KHTML, like Gecko) Chrome/89.0.4389.128 Safari/537.36'),(889,12,'Submitted 48 : D Compound',1619031467,'::1','Mozilla/5.0 (Windows NT 10.0; Win64; x64) AppleWebKit/537.36 (KHTML, like Gecko) Chrome/89.0.4389.128 Safari/537.36 Edg/89.0.774.77'),(890,12,'Submitted 49 : MDMDDM',1619031467,'::1','Mozilla/5.0 (Windows NT 10.0; Win64; x64) AppleWebKit/537.36 (KHTML, like Gecko) Chrome/89.0.4389.128 Safari/537.36 Edg/89.0.774.77'),(891,12,'Submitted 50 : Chicken Feed',1619031467,'::1','Mozilla/5.0 (Windows NT 10.0; Win64; x64) AppleWebKit/537.36 (KHTML, like Gecko) Chrome/89.0.4389.128 Safari/537.36 Edg/89.0.774.77'),(892,14,'Decline budget line 48 : D Compound',1619031487,'::1','Mozilla/5.0 (Windows NT 10.0; Win64; x64) AppleWebKit/537.36 (KHTML, like Gecko) Chrome/89.0.4389.128 Safari/537.36'),(893,14,'Decline budget line 49 : MDMDDM',1619031488,'::1','Mozilla/5.0 (Windows NT 10.0; Win64; x64) AppleWebKit/537.36 (KHTML, like Gecko) Chrome/89.0.4389.128 Safari/537.36'),(894,14,'Decline budget line 50 : Chicken Feed',1619031488,'::1','Mozilla/5.0 (Windows NT 10.0; Win64; x64) AppleWebKit/537.36 (KHTML, like Gecko) Chrome/89.0.4389.128 Safari/537.36'),(895,12,'Submitted 48 : D Compound',1619031521,'::1','Mozilla/5.0 (Windows NT 10.0; Win64; x64) AppleWebKit/537.36 (KHTML, like Gecko) Chrome/89.0.4389.128 Safari/537.36 Edg/89.0.774.77'),(896,12,'Submitted 49 : MDMDDM',1619031522,'::1','Mozilla/5.0 (Windows NT 10.0; Win64; x64) AppleWebKit/537.36 (KHTML, like Gecko) Chrome/89.0.4389.128 Safari/537.36 Edg/89.0.774.77'),(897,12,'Submitted 50 : Chicken Feed',1619031522,'::1','Mozilla/5.0 (Windows NT 10.0; Win64; x64) AppleWebKit/537.36 (KHTML, like Gecko) Chrome/89.0.4389.128 Safari/537.36 Edg/89.0.774.77'),(898,14,'Decline budget line 48 : D Compound',1619031542,'::1','Mozilla/5.0 (Windows NT 10.0; Win64; x64) AppleWebKit/537.36 (KHTML, like Gecko) Chrome/89.0.4389.128 Safari/537.36'),(899,14,'Decline budget line 49 : MDMDDM',1619031542,'::1','Mozilla/5.0 (Windows NT 10.0; Win64; x64) AppleWebKit/537.36 (KHTML, like Gecko) Chrome/89.0.4389.128 Safari/537.36'),(900,14,'Decline budget line 50 : Chicken Feed',1619031542,'::1','Mozilla/5.0 (Windows NT 10.0; Win64; x64) AppleWebKit/537.36 (KHTML, like Gecko) Chrome/89.0.4389.128 Safari/537.36'),(901,12,'Submitted 48 : D Compound',1619031580,'::1','Mozilla/5.0 (Windows NT 10.0; Win64; x64) AppleWebKit/537.36 (KHTML, like Gecko) Chrome/89.0.4389.128 Safari/537.36 Edg/89.0.774.77'),(902,12,'Submitted 49 : MDMDDM',1619031580,'::1','Mozilla/5.0 (Windows NT 10.0; Win64; x64) AppleWebKit/537.36 (KHTML, like Gecko) Chrome/89.0.4389.128 Safari/537.36 Edg/89.0.774.77'),(903,12,'Submitted 50 : Chicken Feed',1619031580,'::1','Mozilla/5.0 (Windows NT 10.0; Win64; x64) AppleWebKit/537.36 (KHTML, like Gecko) Chrome/89.0.4389.128 Safari/537.36 Edg/89.0.774.77'),(904,14,'Decline budget line 48 : D Compound',1619031600,'::1','Mozilla/5.0 (Windows NT 10.0; Win64; x64) AppleWebKit/537.36 (KHTML, like Gecko) Chrome/89.0.4389.128 Safari/537.36'),(905,14,'Decline budget line 49 : MDMDDM',1619031600,'::1','Mozilla/5.0 (Windows NT 10.0; Win64; x64) AppleWebKit/537.36 (KHTML, like Gecko) Chrome/89.0.4389.128 Safari/537.36'),(906,14,'Decline budget line 50 : Chicken Feed',1619031600,'::1','Mozilla/5.0 (Windows NT 10.0; Win64; x64) AppleWebKit/537.36 (KHTML, like Gecko) Chrome/89.0.4389.128 Safari/537.36'),(907,12,'Submitted 48 : D Compound',1619031660,'::1','Mozilla/5.0 (Windows NT 10.0; Win64; x64) AppleWebKit/537.36 (KHTML, like Gecko) Chrome/89.0.4389.128 Safari/537.36 Edg/89.0.774.77'),(908,12,'Submitted 49 : MDMDDM',1619031660,'::1','Mozilla/5.0 (Windows NT 10.0; Win64; x64) AppleWebKit/537.36 (KHTML, like Gecko) Chrome/89.0.4389.128 Safari/537.36 Edg/89.0.774.77'),(909,12,'Submitted 50 : Chicken Feed',1619031660,'::1','Mozilla/5.0 (Windows NT 10.0; Win64; x64) AppleWebKit/537.36 (KHTML, like Gecko) Chrome/89.0.4389.128 Safari/537.36 Edg/89.0.774.77'),(910,14,'Decline budget line 48 : D Compound',1619031670,'::1','Mozilla/5.0 (Windows NT 10.0; Win64; x64) AppleWebKit/537.36 (KHTML, like Gecko) Chrome/89.0.4389.128 Safari/537.36'),(911,14,'Decline budget line 49 : MDMDDM',1619031670,'::1','Mozilla/5.0 (Windows NT 10.0; Win64; x64) AppleWebKit/537.36 (KHTML, like Gecko) Chrome/89.0.4389.128 Safari/537.36'),(912,14,'Decline budget line 50 : Chicken Feed',1619031670,'::1','Mozilla/5.0 (Windows NT 10.0; Win64; x64) AppleWebKit/537.36 (KHTML, like Gecko) Chrome/89.0.4389.128 Safari/537.36'),(913,12,'Submitted 48 : D Compound',1619031919,'::1','Mozilla/5.0 (Windows NT 10.0; Win64; x64) AppleWebKit/537.36 (KHTML, like Gecko) Chrome/89.0.4389.128 Safari/537.36 Edg/89.0.774.77'),(914,12,'Submitted 49 : MDMDDM',1619031919,'::1','Mozilla/5.0 (Windows NT 10.0; Win64; x64) AppleWebKit/537.36 (KHTML, like Gecko) Chrome/89.0.4389.128 Safari/537.36 Edg/89.0.774.77'),(915,12,'Submitted 50 : Chicken Feed',1619031919,'::1','Mozilla/5.0 (Windows NT 10.0; Win64; x64) AppleWebKit/537.36 (KHTML, like Gecko) Chrome/89.0.4389.128 Safari/537.36 Edg/89.0.774.77'),(916,14,'Decline budget line 48 : D Compound',1619032000,'::1','Mozilla/5.0 (Windows NT 10.0; Win64; x64) AppleWebKit/537.36 (KHTML, like Gecko) Chrome/89.0.4389.128 Safari/537.36'),(917,14,'Decline budget line 49 : MDMDDM',1619032000,'::1','Mozilla/5.0 (Windows NT 10.0; Win64; x64) AppleWebKit/537.36 (KHTML, like Gecko) Chrome/89.0.4389.128 Safari/537.36'),(918,14,'Decline budget line 50 : Chicken Feed',1619032000,'::1','Mozilla/5.0 (Windows NT 10.0; Win64; x64) AppleWebKit/537.36 (KHTML, like Gecko) Chrome/89.0.4389.128 Safari/537.36'),(919,12,'Submitted 48 : D Compound',1619033650,'::1','Mozilla/5.0 (Windows NT 10.0; Win64; x64) AppleWebKit/537.36 (KHTML, like Gecko) Chrome/89.0.4389.128 Safari/537.36 Edg/89.0.774.77'),(920,12,'Submitted 49 : MDMDDM',1619033847,'::1','Mozilla/5.0 (Windows NT 10.0; Win64; x64) AppleWebKit/537.36 (KHTML, like Gecko) Chrome/89.0.4389.128 Safari/537.36 Edg/89.0.774.77'),(921,12,'Submitted 50 : Chicken Feed',1619038958,'::1','Mozilla/5.0 (Windows NT 10.0; Win64; x64) AppleWebKit/537.36 (KHTML, like Gecko) Chrome/89.0.4389.128 Safari/537.36 Edg/89.0.774.77'),(922,14,'Decline budget line 48 : D Compound',1619039828,'::1','Mozilla/5.0 (Windows NT 10.0; Win64; x64) AppleWebKit/537.36 (KHTML, like Gecko) Chrome/89.0.4389.128 Safari/537.36'),(923,14,'Decline budget line 49 : MDMDDM',1619039828,'::1','Mozilla/5.0 (Windows NT 10.0; Win64; x64) AppleWebKit/537.36 (KHTML, like Gecko) Chrome/89.0.4389.128 Safari/537.36'),(924,14,'Decline budget line 50 : Chicken Feed',1619039828,'::1','Mozilla/5.0 (Windows NT 10.0; Win64; x64) AppleWebKit/537.36 (KHTML, like Gecko) Chrome/89.0.4389.128 Safari/537.36'),(925,12,'Submitted 48 : D Compound',1619039923,'::1','Mozilla/5.0 (Windows NT 10.0; Win64; x64) AppleWebKit/537.36 (KHTML, like Gecko) Chrome/89.0.4389.128 Safari/537.36 Edg/89.0.774.77'),(926,12,'Submitted 49 : MDMDDM',1619040303,'::1','Mozilla/5.0 (Windows NT 10.0; Win64; x64) AppleWebKit/537.36 (KHTML, like Gecko) Chrome/89.0.4389.128 Safari/537.36 Edg/89.0.774.77'),(927,12,'Submitted 50 : Chicken Feed',1619040304,'::1','Mozilla/5.0 (Windows NT 10.0; Win64; x64) AppleWebKit/537.36 (KHTML, like Gecko) Chrome/89.0.4389.128 Safari/537.36 Edg/89.0.774.77'),(928,14,'Update role Administrator',1619294926,'::1','Mozilla/5.0 (Windows NT 10.0; Win64; x64) AppleWebKit/537.36 (KHTML, like Gecko) Chrome/90.0.4430.85 Safari/537.36'),(929,14,'Update role Administrator',1619294963,'::1','Mozilla/5.0 (Windows NT 10.0; Win64; x64) AppleWebKit/537.36 (KHTML, like Gecko) Chrome/90.0.4430.85 Safari/537.36'),(930,14,'Update role Administrator',1619295046,'::1','Mozilla/5.0 (Windows NT 10.0; Win64; x64) AppleWebKit/537.36 (KHTML, like Gecko) Chrome/90.0.4430.85 Safari/537.36'),(931,14,'Update role Administrator',1619296340,'::1','Mozilla/5.0 (Windows NT 10.0; Win64; x64) AppleWebKit/537.36 (KHTML, like Gecko) Chrome/90.0.4430.85 Safari/537.36'),(932,14,'Submitted 48 : D Compound',1619304207,'::1','Mozilla/5.0 (Windows NT 10.0; Win64; x64) AppleWebKit/537.36 (KHTML, like Gecko) Chrome/90.0.4430.85 Safari/537.36'),(933,14,'Submitted 49 : MDMDDM',1619304208,'::1','Mozilla/5.0 (Windows NT 10.0; Win64; x64) AppleWebKit/537.36 (KHTML, like Gecko) Chrome/90.0.4430.85 Safari/537.36'),(934,14,'Submitted 50 : Chicken Feed',1619304208,'::1','Mozilla/5.0 (Windows NT 10.0; Win64; x64) AppleWebKit/537.36 (KHTML, like Gecko) Chrome/90.0.4430.85 Safari/537.36'),(935,14,'Submitted 51 : Weed Killer',1619304208,'::1','Mozilla/5.0 (Windows NT 10.0; Win64; x64) AppleWebKit/537.36 (KHTML, like Gecko) Chrome/90.0.4430.85 Safari/537.36'),(936,14,'Submitted 52 : Maize Seed',1619304209,'::1','Mozilla/5.0 (Windows NT 10.0; Win64; x64) AppleWebKit/537.36 (KHTML, like Gecko) Chrome/90.0.4430.85 Safari/537.36'),(937,14,'Submitted 53 : D Compound',1619304209,'::1','Mozilla/5.0 (Windows NT 10.0; Win64; x64) AppleWebKit/537.36 (KHTML, like Gecko) Chrome/90.0.4430.85 Safari/537.36'),(938,14,'Created user with email: malambo.chiwamba@yahoo.com',1619390243,'::1','Mozilla/5.0 (Windows NT 10.0; Win64; x64) AppleWebKit/537.36 (KHTML, like Gecko) Chrome/90.0.4430.85 Safari/537.36'),(939,16,'Decline budget line 48 : D Compound',1619391410,'::1','Mozilla/5.0 (Windows NT 10.0; Win64; x64) AppleWebKit/537.36 (KHTML, like Gecko) Chrome/90.0.4430.72 Safari/537.36 Edg/90.0.818.42'),(940,16,'Decline budget line 49 : MDMDDM',1619391410,'::1','Mozilla/5.0 (Windows NT 10.0; Win64; x64) AppleWebKit/537.36 (KHTML, like Gecko) Chrome/90.0.4430.72 Safari/537.36 Edg/90.0.818.42'),(941,16,'Decline budget line 50 : Chicken Feed',1619391410,'::1','Mozilla/5.0 (Windows NT 10.0; Win64; x64) AppleWebKit/537.36 (KHTML, like Gecko) Chrome/90.0.4430.72 Safari/537.36 Edg/90.0.818.42'),(942,16,'Decline budget line 51 : Weed Killer',1619391410,'::1','Mozilla/5.0 (Windows NT 10.0; Win64; x64) AppleWebKit/537.36 (KHTML, like Gecko) Chrome/90.0.4430.72 Safari/537.36 Edg/90.0.818.42'),(943,16,'Decline budget line 52 : Maize Seed',1619391410,'::1','Mozilla/5.0 (Windows NT 10.0; Win64; x64) AppleWebKit/537.36 (KHTML, like Gecko) Chrome/90.0.4430.72 Safari/537.36 Edg/90.0.818.42'),(944,16,'Decline budget line 53 : D Compound',1619391410,'::1','Mozilla/5.0 (Windows NT 10.0; Win64; x64) AppleWebKit/537.36 (KHTML, like Gecko) Chrome/90.0.4430.72 Safari/537.36 Edg/90.0.818.42'),(945,16,'Decline budget line 48 : D Compound',1619391462,'::1','Mozilla/5.0 (Windows NT 10.0; Win64; x64) AppleWebKit/537.36 (KHTML, like Gecko) Chrome/90.0.4430.72 Safari/537.36 Edg/90.0.818.42'),(946,16,'Decline budget line 49 : MDMDDM',1619391463,'::1','Mozilla/5.0 (Windows NT 10.0; Win64; x64) AppleWebKit/537.36 (KHTML, like Gecko) Chrome/90.0.4430.72 Safari/537.36 Edg/90.0.818.42'),(947,16,'Decline budget line 50 : Chicken Feed',1619391463,'::1','Mozilla/5.0 (Windows NT 10.0; Win64; x64) AppleWebKit/537.36 (KHTML, like Gecko) Chrome/90.0.4430.72 Safari/537.36 Edg/90.0.818.42'),(948,16,'Decline budget line 51 : Weed Killer',1619391463,'::1','Mozilla/5.0 (Windows NT 10.0; Win64; x64) AppleWebKit/537.36 (KHTML, like Gecko) Chrome/90.0.4430.72 Safari/537.36 Edg/90.0.818.42'),(949,16,'Decline budget line 52 : Maize Seed',1619391463,'::1','Mozilla/5.0 (Windows NT 10.0; Win64; x64) AppleWebKit/537.36 (KHTML, like Gecko) Chrome/90.0.4430.72 Safari/537.36 Edg/90.0.818.42'),(950,16,'Decline budget line 53 : D Compound',1619391463,'::1','Mozilla/5.0 (Windows NT 10.0; Win64; x64) AppleWebKit/537.36 (KHTML, like Gecko) Chrome/90.0.4430.72 Safari/537.36 Edg/90.0.818.42'),(951,16,'Decline budget line 48 : D Compound',1619391656,'::1','Mozilla/5.0 (Windows NT 10.0; Win64; x64) AppleWebKit/537.36 (KHTML, like Gecko) Chrome/90.0.4430.72 Safari/537.36 Edg/90.0.818.42'),(952,16,'Decline budget line 49 : MDMDDM',1619391656,'::1','Mozilla/5.0 (Windows NT 10.0; Win64; x64) AppleWebKit/537.36 (KHTML, like Gecko) Chrome/90.0.4430.72 Safari/537.36 Edg/90.0.818.42'),(953,16,'Decline budget line 50 : Chicken Feed',1619391656,'::1','Mozilla/5.0 (Windows NT 10.0; Win64; x64) AppleWebKit/537.36 (KHTML, like Gecko) Chrome/90.0.4430.72 Safari/537.36 Edg/90.0.818.42'),(954,16,'Decline budget line 51 : Weed Killer',1619391656,'::1','Mozilla/5.0 (Windows NT 10.0; Win64; x64) AppleWebKit/537.36 (KHTML, like Gecko) Chrome/90.0.4430.72 Safari/537.36 Edg/90.0.818.42'),(955,16,'Decline budget line 52 : Maize Seed',1619391656,'::1','Mozilla/5.0 (Windows NT 10.0; Win64; x64) AppleWebKit/537.36 (KHTML, like Gecko) Chrome/90.0.4430.72 Safari/537.36 Edg/90.0.818.42'),(956,16,'Decline budget line 53 : D Compound',1619391656,'::1','Mozilla/5.0 (Windows NT 10.0; Win64; x64) AppleWebKit/537.36 (KHTML, like Gecko) Chrome/90.0.4430.72 Safari/537.36 Edg/90.0.818.42'),(957,14,'Submitted 48 : D Compound',1619392995,'::1','Mozilla/5.0 (Windows NT 10.0; Win64; x64) AppleWebKit/537.36 (KHTML, like Gecko) Chrome/90.0.4430.85 Safari/537.36'),(958,14,'Submitted 49 : MDMDDM',1619392995,'::1','Mozilla/5.0 (Windows NT 10.0; Win64; x64) AppleWebKit/537.36 (KHTML, like Gecko) Chrome/90.0.4430.85 Safari/537.36'),(959,14,'Submitted 50 : Chicken Feed',1619392995,'::1','Mozilla/5.0 (Windows NT 10.0; Win64; x64) AppleWebKit/537.36 (KHTML, like Gecko) Chrome/90.0.4430.85 Safari/537.36'),(960,14,'Submitted 51 : Weed Killer',1619392996,'::1','Mozilla/5.0 (Windows NT 10.0; Win64; x64) AppleWebKit/537.36 (KHTML, like Gecko) Chrome/90.0.4430.85 Safari/537.36'),(961,14,'Submitted 52 : Maize Seed',1619392996,'::1','Mozilla/5.0 (Windows NT 10.0; Win64; x64) AppleWebKit/537.36 (KHTML, like Gecko) Chrome/90.0.4430.85 Safari/537.36'),(962,14,'Submitted 53 : D Compound',1619392996,'::1','Mozilla/5.0 (Windows NT 10.0; Win64; x64) AppleWebKit/537.36 (KHTML, like Gecko) Chrome/90.0.4430.85 Safari/537.36'),(963,16,'Decline budget line 48 : D Compound',1619393463,'::1','Mozilla/5.0 (Windows NT 10.0; Win64; x64) AppleWebKit/537.36 (KHTML, like Gecko) Chrome/90.0.4430.72 Safari/537.36 Edg/90.0.818.42'),(964,16,'Decline budget line 49 : MDMDDM',1619393464,'::1','Mozilla/5.0 (Windows NT 10.0; Win64; x64) AppleWebKit/537.36 (KHTML, like Gecko) Chrome/90.0.4430.72 Safari/537.36 Edg/90.0.818.42'),(965,16,'Decline budget line 50 : Chicken Feed',1619393464,'::1','Mozilla/5.0 (Windows NT 10.0; Win64; x64) AppleWebKit/537.36 (KHTML, like Gecko) Chrome/90.0.4430.72 Safari/537.36 Edg/90.0.818.42'),(966,16,'Decline budget line 51 : Weed Killer',1619393464,'::1','Mozilla/5.0 (Windows NT 10.0; Win64; x64) AppleWebKit/537.36 (KHTML, like Gecko) Chrome/90.0.4430.72 Safari/537.36 Edg/90.0.818.42'),(967,16,'Decline budget line 52 : Maize Seed',1619393464,'::1','Mozilla/5.0 (Windows NT 10.0; Win64; x64) AppleWebKit/537.36 (KHTML, like Gecko) Chrome/90.0.4430.72 Safari/537.36 Edg/90.0.818.42'),(968,16,'Decline budget line 53 : D Compound',1619393464,'::1','Mozilla/5.0 (Windows NT 10.0; Win64; x64) AppleWebKit/537.36 (KHTML, like Gecko) Chrome/90.0.4430.72 Safari/537.36 Edg/90.0.818.42'),(969,14,'Submitted 48 : D Compound',1619393599,'::1','Mozilla/5.0 (Windows NT 10.0; Win64; x64) AppleWebKit/537.36 (KHTML, like Gecko) Chrome/90.0.4430.85 Safari/537.36'),(970,14,'Submitted 49 : MDMDDM',1619393599,'::1','Mozilla/5.0 (Windows NT 10.0; Win64; x64) AppleWebKit/537.36 (KHTML, like Gecko) Chrome/90.0.4430.85 Safari/537.36'),(971,14,'Submitted 50 : Chicken Feed',1619393600,'::1','Mozilla/5.0 (Windows NT 10.0; Win64; x64) AppleWebKit/537.36 (KHTML, like Gecko) Chrome/90.0.4430.85 Safari/537.36'),(972,14,'Submitted 51 : Weed Killer',1619393600,'::1','Mozilla/5.0 (Windows NT 10.0; Win64; x64) AppleWebKit/537.36 (KHTML, like Gecko) Chrome/90.0.4430.85 Safari/537.36'),(973,14,'Submitted 52 : Maize Seed',1619393600,'::1','Mozilla/5.0 (Windows NT 10.0; Win64; x64) AppleWebKit/537.36 (KHTML, like Gecko) Chrome/90.0.4430.85 Safari/537.36'),(974,14,'Submitted 53 : D Compound',1619393600,'::1','Mozilla/5.0 (Windows NT 10.0; Win64; x64) AppleWebKit/537.36 (KHTML, like Gecko) Chrome/90.0.4430.85 Safari/537.36'),(975,16,'Decline budget line 48 : D Compound',1619393859,'::1','Mozilla/5.0 (Windows NT 10.0; Win64; x64) AppleWebKit/537.36 (KHTML, like Gecko) Chrome/90.0.4430.72 Safari/537.36 Edg/90.0.818.42'),(976,16,'Decline budget line 49 : MDMDDM',1619393859,'::1','Mozilla/5.0 (Windows NT 10.0; Win64; x64) AppleWebKit/537.36 (KHTML, like Gecko) Chrome/90.0.4430.72 Safari/537.36 Edg/90.0.818.42'),(977,16,'Decline budget line 50 : Chicken Feed',1619393859,'::1','Mozilla/5.0 (Windows NT 10.0; Win64; x64) AppleWebKit/537.36 (KHTML, like Gecko) Chrome/90.0.4430.72 Safari/537.36 Edg/90.0.818.42'),(978,16,'Decline budget line 51 : Weed Killer',1619393859,'::1','Mozilla/5.0 (Windows NT 10.0; Win64; x64) AppleWebKit/537.36 (KHTML, like Gecko) Chrome/90.0.4430.72 Safari/537.36 Edg/90.0.818.42'),(979,16,'Decline budget line 52 : Maize Seed',1619393860,'::1','Mozilla/5.0 (Windows NT 10.0; Win64; x64) AppleWebKit/537.36 (KHTML, like Gecko) Chrome/90.0.4430.72 Safari/537.36 Edg/90.0.818.42'),(980,16,'Decline budget line 53 : D Compound',1619393860,'::1','Mozilla/5.0 (Windows NT 10.0; Win64; x64) AppleWebKit/537.36 (KHTML, like Gecko) Chrome/90.0.4430.72 Safari/537.36 Edg/90.0.818.42'),(981,14,'Submitted 48 : D Compound',1619394279,'::1','Mozilla/5.0 (Windows NT 10.0; Win64; x64) AppleWebKit/537.36 (KHTML, like Gecko) Chrome/90.0.4430.85 Safari/537.36'),(982,14,'Submitted 49 : MDMDDM',1619394280,'::1','Mozilla/5.0 (Windows NT 10.0; Win64; x64) AppleWebKit/537.36 (KHTML, like Gecko) Chrome/90.0.4430.85 Safari/537.36'),(983,14,'Submitted 50 : Chicken Feed',1619394280,'::1','Mozilla/5.0 (Windows NT 10.0; Win64; x64) AppleWebKit/537.36 (KHTML, like Gecko) Chrome/90.0.4430.85 Safari/537.36'),(984,14,'Submitted 51 : Weed Killer',1619394280,'::1','Mozilla/5.0 (Windows NT 10.0; Win64; x64) AppleWebKit/537.36 (KHTML, like Gecko) Chrome/90.0.4430.85 Safari/537.36'),(985,14,'Submitted 52 : Maize Seed',1619394280,'::1','Mozilla/5.0 (Windows NT 10.0; Win64; x64) AppleWebKit/537.36 (KHTML, like Gecko) Chrome/90.0.4430.85 Safari/537.36'),(986,14,'Submitted 53 : D Compound',1619394280,'::1','Mozilla/5.0 (Windows NT 10.0; Win64; x64) AppleWebKit/537.36 (KHTML, like Gecko) Chrome/90.0.4430.85 Safari/537.36'),(987,16,'Decline budget line 48 : D Compound',1619394298,'::1','Mozilla/5.0 (Windows NT 10.0; Win64; x64) AppleWebKit/537.36 (KHTML, like Gecko) Chrome/90.0.4430.72 Safari/537.36 Edg/90.0.818.42'),(988,16,'Decline budget line 49 : MDMDDM',1619394298,'::1','Mozilla/5.0 (Windows NT 10.0; Win64; x64) AppleWebKit/537.36 (KHTML, like Gecko) Chrome/90.0.4430.72 Safari/537.36 Edg/90.0.818.42'),(989,16,'Decline budget line 50 : Chicken Feed',1619394299,'::1','Mozilla/5.0 (Windows NT 10.0; Win64; x64) AppleWebKit/537.36 (KHTML, like Gecko) Chrome/90.0.4430.72 Safari/537.36 Edg/90.0.818.42'),(990,16,'Decline budget line 51 : Weed Killer',1619394299,'::1','Mozilla/5.0 (Windows NT 10.0; Win64; x64) AppleWebKit/537.36 (KHTML, like Gecko) Chrome/90.0.4430.72 Safari/537.36 Edg/90.0.818.42'),(991,16,'Decline budget line 52 : Maize Seed',1619394299,'::1','Mozilla/5.0 (Windows NT 10.0; Win64; x64) AppleWebKit/537.36 (KHTML, like Gecko) Chrome/90.0.4430.72 Safari/537.36 Edg/90.0.818.42'),(992,16,'Decline budget line 53 : D Compound',1619394299,'::1','Mozilla/5.0 (Windows NT 10.0; Win64; x64) AppleWebKit/537.36 (KHTML, like Gecko) Chrome/90.0.4430.72 Safari/537.36 Edg/90.0.818.42'),(993,14,'Submitted 48 : D Compound',1619394421,'::1','Mozilla/5.0 (Windows NT 10.0; Win64; x64) AppleWebKit/537.36 (KHTML, like Gecko) Chrome/90.0.4430.85 Safari/537.36'),(994,14,'Submitted 49 : MDMDDM',1619394422,'::1','Mozilla/5.0 (Windows NT 10.0; Win64; x64) AppleWebKit/537.36 (KHTML, like Gecko) Chrome/90.0.4430.85 Safari/537.36'),(995,14,'Submitted 50 : Chicken Feed',1619394422,'::1','Mozilla/5.0 (Windows NT 10.0; Win64; x64) AppleWebKit/537.36 (KHTML, like Gecko) Chrome/90.0.4430.85 Safari/537.36'),(996,14,'Submitted 51 : Weed Killer',1619394422,'::1','Mozilla/5.0 (Windows NT 10.0; Win64; x64) AppleWebKit/537.36 (KHTML, like Gecko) Chrome/90.0.4430.85 Safari/537.36'),(997,14,'Submitted 52 : Maize Seed',1619394422,'::1','Mozilla/5.0 (Windows NT 10.0; Win64; x64) AppleWebKit/537.36 (KHTML, like Gecko) Chrome/90.0.4430.85 Safari/537.36'),(998,14,'Submitted 53 : D Compound',1619394423,'::1','Mozilla/5.0 (Windows NT 10.0; Win64; x64) AppleWebKit/537.36 (KHTML, like Gecko) Chrome/90.0.4430.85 Safari/537.36'),(999,16,'Decline budget line 48 : D Compound',1619394825,'::1','Mozilla/5.0 (Windows NT 10.0; Win64; x64) AppleWebKit/537.36 (KHTML, like Gecko) Chrome/90.0.4430.72 Safari/537.36 Edg/90.0.818.42'),(1000,16,'Decline budget line 49 : MDMDDM',1619394826,'::1','Mozilla/5.0 (Windows NT 10.0; Win64; x64) AppleWebKit/537.36 (KHTML, like Gecko) Chrome/90.0.4430.72 Safari/537.36 Edg/90.0.818.42'),(1001,16,'Decline budget line 50 : Chicken Feed',1619394826,'::1','Mozilla/5.0 (Windows NT 10.0; Win64; x64) AppleWebKit/537.36 (KHTML, like Gecko) Chrome/90.0.4430.72 Safari/537.36 Edg/90.0.818.42'),(1002,16,'Decline budget line 51 : Weed Killer',1619394826,'::1','Mozilla/5.0 (Windows NT 10.0; Win64; x64) AppleWebKit/537.36 (KHTML, like Gecko) Chrome/90.0.4430.72 Safari/537.36 Edg/90.0.818.42'),(1003,16,'Decline budget line 52 : Maize Seed',1619394826,'::1','Mozilla/5.0 (Windows NT 10.0; Win64; x64) AppleWebKit/537.36 (KHTML, like Gecko) Chrome/90.0.4430.72 Safari/537.36 Edg/90.0.818.42'),(1004,16,'Decline budget line 53 : D Compound',1619394826,'::1','Mozilla/5.0 (Windows NT 10.0; Win64; x64) AppleWebKit/537.36 (KHTML, like Gecko) Chrome/90.0.4430.72 Safari/537.36 Edg/90.0.818.42'),(1005,14,'Submitted 48 : D Compound',1619394906,'::1','Mozilla/5.0 (Windows NT 10.0; Win64; x64) AppleWebKit/537.36 (KHTML, like Gecko) Chrome/90.0.4430.85 Safari/537.36'),(1006,14,'Submitted 49 : MDMDDM',1619394906,'::1','Mozilla/5.0 (Windows NT 10.0; Win64; x64) AppleWebKit/537.36 (KHTML, like Gecko) Chrome/90.0.4430.85 Safari/537.36'),(1007,14,'Submitted 50 : Chicken Feed',1619394906,'::1','Mozilla/5.0 (Windows NT 10.0; Win64; x64) AppleWebKit/537.36 (KHTML, like Gecko) Chrome/90.0.4430.85 Safari/537.36'),(1008,14,'Submitted 51 : Weed Killer',1619394907,'::1','Mozilla/5.0 (Windows NT 10.0; Win64; x64) AppleWebKit/537.36 (KHTML, like Gecko) Chrome/90.0.4430.85 Safari/537.36'),(1009,14,'Submitted 52 : Maize Seed',1619394907,'::1','Mozilla/5.0 (Windows NT 10.0; Win64; x64) AppleWebKit/537.36 (KHTML, like Gecko) Chrome/90.0.4430.85 Safari/537.36'),(1010,14,'Submitted 53 : D Compound',1619394907,'::1','Mozilla/5.0 (Windows NT 10.0; Win64; x64) AppleWebKit/537.36 (KHTML, like Gecko) Chrome/90.0.4430.85 Safari/537.36'),(1011,16,'Decline budget line 48 : D Compound',1619394918,'::1','Mozilla/5.0 (Windows NT 10.0; Win64; x64) AppleWebKit/537.36 (KHTML, like Gecko) Chrome/90.0.4430.72 Safari/537.36 Edg/90.0.818.42'),(1012,16,'Decline budget line 49 : MDMDDM',1619394918,'::1','Mozilla/5.0 (Windows NT 10.0; Win64; x64) AppleWebKit/537.36 (KHTML, like Gecko) Chrome/90.0.4430.72 Safari/537.36 Edg/90.0.818.42'),(1013,16,'Decline budget line 50 : Chicken Feed',1619394918,'::1','Mozilla/5.0 (Windows NT 10.0; Win64; x64) AppleWebKit/537.36 (KHTML, like Gecko) Chrome/90.0.4430.72 Safari/537.36 Edg/90.0.818.42'),(1014,16,'Decline budget line 51 : Weed Killer',1619394918,'::1','Mozilla/5.0 (Windows NT 10.0; Win64; x64) AppleWebKit/537.36 (KHTML, like Gecko) Chrome/90.0.4430.72 Safari/537.36 Edg/90.0.818.42'),(1015,16,'Decline budget line 52 : Maize Seed',1619394918,'::1','Mozilla/5.0 (Windows NT 10.0; Win64; x64) AppleWebKit/537.36 (KHTML, like Gecko) Chrome/90.0.4430.72 Safari/537.36 Edg/90.0.818.42'),(1016,16,'Decline budget line 53 : D Compound',1619394919,'::1','Mozilla/5.0 (Windows NT 10.0; Win64; x64) AppleWebKit/537.36 (KHTML, like Gecko) Chrome/90.0.4430.72 Safari/537.36 Edg/90.0.818.42'),(1017,14,'Submitted 48 : D Compound',1619395008,'::1','Mozilla/5.0 (Windows NT 10.0; Win64; x64) AppleWebKit/537.36 (KHTML, like Gecko) Chrome/90.0.4430.85 Safari/537.36'),(1018,14,'Submitted 49 : MDMDDM',1619395009,'::1','Mozilla/5.0 (Windows NT 10.0; Win64; x64) AppleWebKit/537.36 (KHTML, like Gecko) Chrome/90.0.4430.85 Safari/537.36'),(1019,14,'Submitted 50 : Chicken Feed',1619395009,'::1','Mozilla/5.0 (Windows NT 10.0; Win64; x64) AppleWebKit/537.36 (KHTML, like Gecko) Chrome/90.0.4430.85 Safari/537.36'),(1020,14,'Submitted 51 : Weed Killer',1619395009,'::1','Mozilla/5.0 (Windows NT 10.0; Win64; x64) AppleWebKit/537.36 (KHTML, like Gecko) Chrome/90.0.4430.85 Safari/537.36'),(1021,14,'Submitted 52 : Maize Seed',1619395009,'::1','Mozilla/5.0 (Windows NT 10.0; Win64; x64) AppleWebKit/537.36 (KHTML, like Gecko) Chrome/90.0.4430.85 Safari/537.36'),(1022,14,'Submitted 53 : D Compound',1619395010,'::1','Mozilla/5.0 (Windows NT 10.0; Win64; x64) AppleWebKit/537.36 (KHTML, like Gecko) Chrome/90.0.4430.85 Safari/537.36'),(1023,16,'Decline budget line 48 : D Compound',1619395234,'::1','Mozilla/5.0 (Windows NT 10.0; Win64; x64) AppleWebKit/537.36 (KHTML, like Gecko) Chrome/90.0.4430.72 Safari/537.36 Edg/90.0.818.42'),(1024,16,'Decline budget line 49 : MDMDDM',1619395234,'::1','Mozilla/5.0 (Windows NT 10.0; Win64; x64) AppleWebKit/537.36 (KHTML, like Gecko) Chrome/90.0.4430.72 Safari/537.36 Edg/90.0.818.42'),(1025,16,'Decline budget line 50 : Chicken Feed',1619395234,'::1','Mozilla/5.0 (Windows NT 10.0; Win64; x64) AppleWebKit/537.36 (KHTML, like Gecko) Chrome/90.0.4430.72 Safari/537.36 Edg/90.0.818.42'),(1026,16,'Decline budget line 51 : Weed Killer',1619395235,'::1','Mozilla/5.0 (Windows NT 10.0; Win64; x64) AppleWebKit/537.36 (KHTML, like Gecko) Chrome/90.0.4430.72 Safari/537.36 Edg/90.0.818.42'),(1027,16,'Decline budget line 52 : Maize Seed',1619395235,'::1','Mozilla/5.0 (Windows NT 10.0; Win64; x64) AppleWebKit/537.36 (KHTML, like Gecko) Chrome/90.0.4430.72 Safari/537.36 Edg/90.0.818.42'),(1028,16,'Decline budget line 53 : D Compound',1619395235,'::1','Mozilla/5.0 (Windows NT 10.0; Win64; x64) AppleWebKit/537.36 (KHTML, like Gecko) Chrome/90.0.4430.72 Safari/537.36 Edg/90.0.818.42'),(1029,14,'Submitted 48 : D Compound',1619395474,'::1','Mozilla/5.0 (Windows NT 10.0; Win64; x64) AppleWebKit/537.36 (KHTML, like Gecko) Chrome/90.0.4430.85 Safari/537.36'),(1030,14,'Submitted 49 : MDMDDM',1619395474,'::1','Mozilla/5.0 (Windows NT 10.0; Win64; x64) AppleWebKit/537.36 (KHTML, like Gecko) Chrome/90.0.4430.85 Safari/537.36'),(1031,14,'Submitted 50 : Chicken Feed',1619395474,'::1','Mozilla/5.0 (Windows NT 10.0; Win64; x64) AppleWebKit/537.36 (KHTML, like Gecko) Chrome/90.0.4430.85 Safari/537.36'),(1032,14,'Submitted 51 : Weed Killer',1619395474,'::1','Mozilla/5.0 (Windows NT 10.0; Win64; x64) AppleWebKit/537.36 (KHTML, like Gecko) Chrome/90.0.4430.85 Safari/537.36'),(1033,14,'Submitted 52 : Maize Seed',1619395474,'::1','Mozilla/5.0 (Windows NT 10.0; Win64; x64) AppleWebKit/537.36 (KHTML, like Gecko) Chrome/90.0.4430.85 Safari/537.36'),(1034,14,'Submitted 53 : D Compound',1619395475,'::1','Mozilla/5.0 (Windows NT 10.0; Win64; x64) AppleWebKit/537.36 (KHTML, like Gecko) Chrome/90.0.4430.85 Safari/537.36'),(1035,16,'Decline budget line 48 : D Compound',1619395643,'::1','Mozilla/5.0 (Windows NT 10.0; Win64; x64) AppleWebKit/537.36 (KHTML, like Gecko) Chrome/90.0.4430.72 Safari/537.36 Edg/90.0.818.42'),(1036,16,'Decline budget line 49 : MDMDDM',1619395643,'::1','Mozilla/5.0 (Windows NT 10.0; Win64; x64) AppleWebKit/537.36 (KHTML, like Gecko) Chrome/90.0.4430.72 Safari/537.36 Edg/90.0.818.42'),(1037,16,'Decline budget line 50 : Chicken Feed',1619395643,'::1','Mozilla/5.0 (Windows NT 10.0; Win64; x64) AppleWebKit/537.36 (KHTML, like Gecko) Chrome/90.0.4430.72 Safari/537.36 Edg/90.0.818.42'),(1038,16,'Decline budget line 51 : Weed Killer',1619395644,'::1','Mozilla/5.0 (Windows NT 10.0; Win64; x64) AppleWebKit/537.36 (KHTML, like Gecko) Chrome/90.0.4430.72 Safari/537.36 Edg/90.0.818.42'),(1039,16,'Decline budget line 52 : Maize Seed',1619395644,'::1','Mozilla/5.0 (Windows NT 10.0; Win64; x64) AppleWebKit/537.36 (KHTML, like Gecko) Chrome/90.0.4430.72 Safari/537.36 Edg/90.0.818.42'),(1040,16,'Decline budget line 53 : D Compound',1619395644,'::1','Mozilla/5.0 (Windows NT 10.0; Win64; x64) AppleWebKit/537.36 (KHTML, like Gecko) Chrome/90.0.4430.72 Safari/537.36 Edg/90.0.818.42'),(1041,14,'Submitted 48 : D Compound',1619395658,'::1','Mozilla/5.0 (Windows NT 10.0; Win64; x64) AppleWebKit/537.36 (KHTML, like Gecko) Chrome/90.0.4430.85 Safari/537.36'),(1042,14,'Submitted 49 : MDMDDM',1619395658,'::1','Mozilla/5.0 (Windows NT 10.0; Win64; x64) AppleWebKit/537.36 (KHTML, like Gecko) Chrome/90.0.4430.85 Safari/537.36'),(1043,14,'Submitted 50 : Chicken Feed',1619395659,'::1','Mozilla/5.0 (Windows NT 10.0; Win64; x64) AppleWebKit/537.36 (KHTML, like Gecko) Chrome/90.0.4430.85 Safari/537.36'),(1044,14,'Submitted 51 : Weed Killer',1619395659,'::1','Mozilla/5.0 (Windows NT 10.0; Win64; x64) AppleWebKit/537.36 (KHTML, like Gecko) Chrome/90.0.4430.85 Safari/537.36'),(1045,14,'Submitted 52 : Maize Seed',1619395659,'::1','Mozilla/5.0 (Windows NT 10.0; Win64; x64) AppleWebKit/537.36 (KHTML, like Gecko) Chrome/90.0.4430.85 Safari/537.36'),(1046,14,'Submitted 53 : D Compound',1619395659,'::1','Mozilla/5.0 (Windows NT 10.0; Win64; x64) AppleWebKit/537.36 (KHTML, like Gecko) Chrome/90.0.4430.85 Safari/537.36'),(1047,16,'Submitted 48 : D Compound',1619395739,'::1','Mozilla/5.0 (Windows NT 10.0; Win64; x64) AppleWebKit/537.36 (KHTML, like Gecko) Chrome/90.0.4430.72 Safari/537.36 Edg/90.0.818.42'),(1048,16,'Submitted 48 : D Compound',1619395808,'::1','Mozilla/5.0 (Windows NT 10.0; Win64; x64) AppleWebKit/537.36 (KHTML, like Gecko) Chrome/90.0.4430.72 Safari/537.36 Edg/90.0.818.42'),(1049,16,'Submitted 49 : MDMDDM',1619395808,'::1','Mozilla/5.0 (Windows NT 10.0; Win64; x64) AppleWebKit/537.36 (KHTML, like Gecko) Chrome/90.0.4430.72 Safari/537.36 Edg/90.0.818.42'),(1050,16,'Submitted 50 : Chicken Feed',1619395808,'::1','Mozilla/5.0 (Windows NT 10.0; Win64; x64) AppleWebKit/537.36 (KHTML, like Gecko) Chrome/90.0.4430.72 Safari/537.36 Edg/90.0.818.42'),(1051,16,'Submitted 51 : Weed Killer',1619395809,'::1','Mozilla/5.0 (Windows NT 10.0; Win64; x64) AppleWebKit/537.36 (KHTML, like Gecko) Chrome/90.0.4430.72 Safari/537.36 Edg/90.0.818.42'),(1052,16,'Submitted 52 : Maize Seed',1619395809,'::1','Mozilla/5.0 (Windows NT 10.0; Win64; x64) AppleWebKit/537.36 (KHTML, like Gecko) Chrome/90.0.4430.72 Safari/537.36 Edg/90.0.818.42'),(1053,16,'Submitted 53 : D Compound',1619395809,'::1','Mozilla/5.0 (Windows NT 10.0; Win64; x64) AppleWebKit/537.36 (KHTML, like Gecko) Chrome/90.0.4430.72 Safari/537.36 Edg/90.0.818.42'),(1054,16,'Submitted 48 : D Compound',1619395969,'::1','Mozilla/5.0 (Windows NT 10.0; Win64; x64) AppleWebKit/537.36 (KHTML, like Gecko) Chrome/90.0.4430.72 Safari/537.36 Edg/90.0.818.42'),(1055,16,'Submitted 49 : MDMDDM',1619395969,'::1','Mozilla/5.0 (Windows NT 10.0; Win64; x64) AppleWebKit/537.36 (KHTML, like Gecko) Chrome/90.0.4430.72 Safari/537.36 Edg/90.0.818.42'),(1056,16,'Submitted 50 : Chicken Feed',1619395969,'::1','Mozilla/5.0 (Windows NT 10.0; Win64; x64) AppleWebKit/537.36 (KHTML, like Gecko) Chrome/90.0.4430.72 Safari/537.36 Edg/90.0.818.42'),(1057,16,'Submitted 51 : Weed Killer',1619395970,'::1','Mozilla/5.0 (Windows NT 10.0; Win64; x64) AppleWebKit/537.36 (KHTML, like Gecko) Chrome/90.0.4430.72 Safari/537.36 Edg/90.0.818.42'),(1058,16,'Submitted 52 : Maize Seed',1619395970,'::1','Mozilla/5.0 (Windows NT 10.0; Win64; x64) AppleWebKit/537.36 (KHTML, like Gecko) Chrome/90.0.4430.72 Safari/537.36 Edg/90.0.818.42'),(1059,16,'Submitted 53 : D Compound',1619395970,'::1','Mozilla/5.0 (Windows NT 10.0; Win64; x64) AppleWebKit/537.36 (KHTML, like Gecko) Chrome/90.0.4430.72 Safari/537.36 Edg/90.0.818.42'),(1060,16,'Submitted 48 : D Compound',1619396025,'::1','Mozilla/5.0 (Windows NT 10.0; Win64; x64) AppleWebKit/537.36 (KHTML, like Gecko) Chrome/90.0.4430.72 Safari/537.36 Edg/90.0.818.42'),(1061,16,'Submitted 49 : MDMDDM',1619396025,'::1','Mozilla/5.0 (Windows NT 10.0; Win64; x64) AppleWebKit/537.36 (KHTML, like Gecko) Chrome/90.0.4430.72 Safari/537.36 Edg/90.0.818.42'),(1062,16,'Submitted 50 : Chicken Feed',1619396025,'::1','Mozilla/5.0 (Windows NT 10.0; Win64; x64) AppleWebKit/537.36 (KHTML, like Gecko) Chrome/90.0.4430.72 Safari/537.36 Edg/90.0.818.42'),(1063,16,'Submitted 51 : Weed Killer',1619396025,'::1','Mozilla/5.0 (Windows NT 10.0; Win64; x64) AppleWebKit/537.36 (KHTML, like Gecko) Chrome/90.0.4430.72 Safari/537.36 Edg/90.0.818.42'),(1064,16,'Submitted 52 : Maize Seed',1619396025,'::1','Mozilla/5.0 (Windows NT 10.0; Win64; x64) AppleWebKit/537.36 (KHTML, like Gecko) Chrome/90.0.4430.72 Safari/537.36 Edg/90.0.818.42'),(1065,16,'Submitted 53 : D Compound',1619396025,'::1','Mozilla/5.0 (Windows NT 10.0; Win64; x64) AppleWebKit/537.36 (KHTML, like Gecko) Chrome/90.0.4430.72 Safari/537.36 Edg/90.0.818.42'),(1066,16,'Submitted 48 : D Compound',1619397208,'::1','Mozilla/5.0 (Windows NT 10.0; Win64; x64) AppleWebKit/537.36 (KHTML, like Gecko) Chrome/90.0.4430.72 Safari/537.36 Edg/90.0.818.42'),(1067,16,'Submitted 49 : MDMDDM',1619397208,'::1','Mozilla/5.0 (Windows NT 10.0; Win64; x64) AppleWebKit/537.36 (KHTML, like Gecko) Chrome/90.0.4430.72 Safari/537.36 Edg/90.0.818.42'),(1068,16,'Submitted 50 : Chicken Feed',1619397209,'::1','Mozilla/5.0 (Windows NT 10.0; Win64; x64) AppleWebKit/537.36 (KHTML, like Gecko) Chrome/90.0.4430.72 Safari/537.36 Edg/90.0.818.42'),(1069,16,'Submitted 51 : Weed Killer',1619397209,'::1','Mozilla/5.0 (Windows NT 10.0; Win64; x64) AppleWebKit/537.36 (KHTML, like Gecko) Chrome/90.0.4430.72 Safari/537.36 Edg/90.0.818.42'),(1070,16,'Submitted 52 : Maize Seed',1619397209,'::1','Mozilla/5.0 (Windows NT 10.0; Win64; x64) AppleWebKit/537.36 (KHTML, like Gecko) Chrome/90.0.4430.72 Safari/537.36 Edg/90.0.818.42'),(1071,16,'Submitted 53 : D Compound',1619397209,'::1','Mozilla/5.0 (Windows NT 10.0; Win64; x64) AppleWebKit/537.36 (KHTML, like Gecko) Chrome/90.0.4430.72 Safari/537.36 Edg/90.0.818.42'),(1072,16,'Decline budget line 48 : D Compound',1619400665,'::1','Mozilla/5.0 (Windows NT 10.0; Win64; x64) AppleWebKit/537.36 (KHTML, like Gecko) Chrome/90.0.4430.72 Safari/537.36 Edg/90.0.818.42'),(1073,16,'Decline budget line 49 : MDMDDM',1619400665,'::1','Mozilla/5.0 (Windows NT 10.0; Win64; x64) AppleWebKit/537.36 (KHTML, like Gecko) Chrome/90.0.4430.72 Safari/537.36 Edg/90.0.818.42'),(1074,16,'Decline budget line 50 : Chicken Feed',1619400665,'::1','Mozilla/5.0 (Windows NT 10.0; Win64; x64) AppleWebKit/537.36 (KHTML, like Gecko) Chrome/90.0.4430.72 Safari/537.36 Edg/90.0.818.42'),(1075,16,'Decline budget line 51 : Weed Killer',1619400665,'::1','Mozilla/5.0 (Windows NT 10.0; Win64; x64) AppleWebKit/537.36 (KHTML, like Gecko) Chrome/90.0.4430.72 Safari/537.36 Edg/90.0.818.42'),(1076,16,'Decline budget line 52 : Maize Seed',1619400665,'::1','Mozilla/5.0 (Windows NT 10.0; Win64; x64) AppleWebKit/537.36 (KHTML, like Gecko) Chrome/90.0.4430.72 Safari/537.36 Edg/90.0.818.42'),(1077,16,'Decline budget line 53 : D Compound',1619400665,'::1','Mozilla/5.0 (Windows NT 10.0; Win64; x64) AppleWebKit/537.36 (KHTML, like Gecko) Chrome/90.0.4430.72 Safari/537.36 Edg/90.0.818.42'),(1078,16,'Submitted 48 : D Compound',1619434748,'::1','Mozilla/5.0 (Windows NT 10.0; Win64; x64) AppleWebKit/537.36 (KHTML, like Gecko) Chrome/90.0.4430.85 Safari/537.36 Edg/90.0.818.46'),(1079,16,'Submitted 49 : MDMDDM',1619435166,'::1','Mozilla/5.0 (Windows NT 10.0; Win64; x64) AppleWebKit/537.36 (KHTML, like Gecko) Chrome/90.0.4430.85 Safari/537.36 Edg/90.0.818.46'),(1080,16,'Submitted 50 : Chicken Feed',1619435166,'::1','Mozilla/5.0 (Windows NT 10.0; Win64; x64) AppleWebKit/537.36 (KHTML, like Gecko) Chrome/90.0.4430.85 Safari/537.36 Edg/90.0.818.46'),(1081,16,'Submitted 50 : Chicken Feed',1619435166,'::1','Mozilla/5.0 (Windows NT 10.0; Win64; x64) AppleWebKit/537.36 (KHTML, like Gecko) Chrome/90.0.4430.85 Safari/537.36 Edg/90.0.818.46'),(1082,16,'Submitted 51 : Weed Killer',1619435166,'::1','Mozilla/5.0 (Windows NT 10.0; Win64; x64) AppleWebKit/537.36 (KHTML, like Gecko) Chrome/90.0.4430.85 Safari/537.36 Edg/90.0.818.46'),(1083,16,'Submitted 51 : Weed Killer',1619435166,'::1','Mozilla/5.0 (Windows NT 10.0; Win64; x64) AppleWebKit/537.36 (KHTML, like Gecko) Chrome/90.0.4430.85 Safari/537.36 Edg/90.0.818.46'),(1084,16,'Submitted 52 : Maize Seed',1619435166,'::1','Mozilla/5.0 (Windows NT 10.0; Win64; x64) AppleWebKit/537.36 (KHTML, like Gecko) Chrome/90.0.4430.85 Safari/537.36 Edg/90.0.818.46'),(1085,16,'Submitted 52 : Maize Seed',1619435166,'::1','Mozilla/5.0 (Windows NT 10.0; Win64; x64) AppleWebKit/537.36 (KHTML, like Gecko) Chrome/90.0.4430.85 Safari/537.36 Edg/90.0.818.46'),(1086,16,'Submitted 53 : D Compound',1619435166,'::1','Mozilla/5.0 (Windows NT 10.0; Win64; x64) AppleWebKit/537.36 (KHTML, like Gecko) Chrome/90.0.4430.85 Safari/537.36 Edg/90.0.818.46'),(1087,16,'Submitted 53 : D Compound',1619435166,'::1','Mozilla/5.0 (Windows NT 10.0; Win64; x64) AppleWebKit/537.36 (KHTML, like Gecko) Chrome/90.0.4430.85 Safari/537.36 Edg/90.0.818.46'),(1088,16,'Submitted 48 : D Compound',1619447993,'::1','Mozilla/5.0 (Windows NT 10.0; Win64; x64) AppleWebKit/537.36 (KHTML, like Gecko) Chrome/90.0.4430.85 Safari/537.36 Edg/90.0.818.46'),(1089,16,'Submitted 49 : MDMDDM',1619447993,'::1','Mozilla/5.0 (Windows NT 10.0; Win64; x64) AppleWebKit/537.36 (KHTML, like Gecko) Chrome/90.0.4430.85 Safari/537.36 Edg/90.0.818.46'),(1090,16,'Submitted 50 : Chicken Feed',1619447993,'::1','Mozilla/5.0 (Windows NT 10.0; Win64; x64) AppleWebKit/537.36 (KHTML, like Gecko) Chrome/90.0.4430.85 Safari/537.36 Edg/90.0.818.46'),(1091,16,'Submitted 51 : Weed Killer',1619447993,'::1','Mozilla/5.0 (Windows NT 10.0; Win64; x64) AppleWebKit/537.36 (KHTML, like Gecko) Chrome/90.0.4430.85 Safari/537.36 Edg/90.0.818.46'),(1092,16,'Submitted 52 : Maize Seed',1619447993,'::1','Mozilla/5.0 (Windows NT 10.0; Win64; x64) AppleWebKit/537.36 (KHTML, like Gecko) Chrome/90.0.4430.85 Safari/537.36 Edg/90.0.818.46'),(1093,16,'Submitted 53 : D Compound',1619447993,'::1','Mozilla/5.0 (Windows NT 10.0; Win64; x64) AppleWebKit/537.36 (KHTML, like Gecko) Chrome/90.0.4430.85 Safari/537.36 Edg/90.0.818.46'),(1094,16,'Submitted 48 : D Compound',1619451057,'::1','Mozilla/5.0 (Windows NT 10.0; Win64; x64) AppleWebKit/537.36 (KHTML, like Gecko) Chrome/90.0.4430.85 Safari/537.36 Edg/90.0.818.46'),(1095,16,'Submitted 49 : MDMDDM',1619451057,'::1','Mozilla/5.0 (Windows NT 10.0; Win64; x64) AppleWebKit/537.36 (KHTML, like Gecko) Chrome/90.0.4430.85 Safari/537.36 Edg/90.0.818.46'),(1096,16,'Submitted 50 : Chicken Feed',1619451058,'::1','Mozilla/5.0 (Windows NT 10.0; Win64; x64) AppleWebKit/537.36 (KHTML, like Gecko) Chrome/90.0.4430.85 Safari/537.36 Edg/90.0.818.46'),(1097,16,'Submitted 51 : Weed Killer',1619451058,'::1','Mozilla/5.0 (Windows NT 10.0; Win64; x64) AppleWebKit/537.36 (KHTML, like Gecko) Chrome/90.0.4430.85 Safari/537.36 Edg/90.0.818.46'),(1098,16,'Submitted 52 : Maize Seed',1619451058,'::1','Mozilla/5.0 (Windows NT 10.0; Win64; x64) AppleWebKit/537.36 (KHTML, like Gecko) Chrome/90.0.4430.85 Safari/537.36 Edg/90.0.818.46'),(1099,16,'Submitted 53 : D Compound',1619451058,'::1','Mozilla/5.0 (Windows NT 10.0; Win64; x64) AppleWebKit/537.36 (KHTML, like Gecko) Chrome/90.0.4430.85 Safari/537.36 Edg/90.0.818.46'),(1100,15,'Added AWPB Activitly Line : Testing Today',1619452831,'::1','Mozilla/5.0 (Windows NT 10.0; Win64; x64) AppleWebKit/537.36 (KHTML, like Gecko) Chrome/90.0.4430.85 Safari/537.36'),(1101,15,'Submitted 51 : Weed Killer',1619455911,'::1','Mozilla/5.0 (Windows NT 10.0; Win64; x64) AppleWebKit/537.36 (KHTML, like Gecko) Chrome/90.0.4430.85 Safari/537.36'),(1102,15,'Submitted 52 : Maize Seed',1619455911,'::1','Mozilla/5.0 (Windows NT 10.0; Win64; x64) AppleWebKit/537.36 (KHTML, like Gecko) Chrome/90.0.4430.85 Safari/537.36'),(1103,15,'Submitted 53 : D Compound',1619455911,'::1','Mozilla/5.0 (Windows NT 10.0; Win64; x64) AppleWebKit/537.36 (KHTML, like Gecko) Chrome/90.0.4430.85 Safari/537.36'),(1104,15,'Submitted 54 : Testing Today',1619455911,'::1','Mozilla/5.0 (Windows NT 10.0; Win64; x64) AppleWebKit/537.36 (KHTML, like Gecko) Chrome/90.0.4430.85 Safari/537.36'),(1105,14,'Submitted 51 : Weed Killer',1619456341,'::1','Mozilla/5.0 (Windows NT 10.0; Win64; x64) AppleWebKit/537.36 (KHTML, like Gecko) Chrome/90.0.4430.85 Safari/537.36'),(1106,14,'Submitted 52 : Maize Seed',1619456342,'::1','Mozilla/5.0 (Windows NT 10.0; Win64; x64) AppleWebKit/537.36 (KHTML, like Gecko) Chrome/90.0.4430.85 Safari/537.36'),(1107,14,'Submitted 53 : D Compound',1619456342,'::1','Mozilla/5.0 (Windows NT 10.0; Win64; x64) AppleWebKit/537.36 (KHTML, like Gecko) Chrome/90.0.4430.85 Safari/537.36'),(1108,14,'Submitted 54 : Testing Today',1619456342,'::1','Mozilla/5.0 (Windows NT 10.0; Win64; x64) AppleWebKit/537.36 (KHTML, like Gecko) Chrome/90.0.4430.85 Safari/537.36'),(1109,16,'Submitted 51 : Weed Killer',1619456442,'::1','Mozilla/5.0 (Windows NT 10.0; Win64; x64) AppleWebKit/537.36 (KHTML, like Gecko) Chrome/90.0.4430.85 Safari/537.36 Edg/90.0.818.46'),(1110,16,'Submitted 52 : Maize Seed',1619456443,'::1','Mozilla/5.0 (Windows NT 10.0; Win64; x64) AppleWebKit/537.36 (KHTML, like Gecko) Chrome/90.0.4430.85 Safari/537.36 Edg/90.0.818.46'),(1111,16,'Submitted 53 : D Compound',1619456443,'::1','Mozilla/5.0 (Windows NT 10.0; Win64; x64) AppleWebKit/537.36 (KHTML, like Gecko) Chrome/90.0.4430.85 Safari/537.36 Edg/90.0.818.46'),(1112,16,'Submitted 54 : Testing Today',1619456443,'::1','Mozilla/5.0 (Windows NT 10.0; Win64; x64) AppleWebKit/537.36 (KHTML, like Gecko) Chrome/90.0.4430.85 Safari/537.36 Edg/90.0.818.46'),(1113,16,'Decline budget line 51 : Weed Killer',1619456490,'::1','Mozilla/5.0 (Windows NT 10.0; Win64; x64) AppleWebKit/537.36 (KHTML, like Gecko) Chrome/90.0.4430.85 Safari/537.36 Edg/90.0.818.46'),(1114,16,'Decline budget line 52 : Maize Seed',1619456490,'::1','Mozilla/5.0 (Windows NT 10.0; Win64; x64) AppleWebKit/537.36 (KHTML, like Gecko) Chrome/90.0.4430.85 Safari/537.36 Edg/90.0.818.46'),(1115,16,'Decline budget line 53 : D Compound',1619456491,'::1','Mozilla/5.0 (Windows NT 10.0; Win64; x64) AppleWebKit/537.36 (KHTML, like Gecko) Chrome/90.0.4430.85 Safari/537.36 Edg/90.0.818.46'),(1116,16,'Decline budget line 54 : Testing Today',1619456491,'::1','Mozilla/5.0 (Windows NT 10.0; Win64; x64) AppleWebKit/537.36 (KHTML, like Gecko) Chrome/90.0.4430.85 Safari/537.36 Edg/90.0.818.46'),(1117,16,'Decline budget line 51 : Weed Killer',1619456515,'::1','Mozilla/5.0 (Windows NT 10.0; Win64; x64) AppleWebKit/537.36 (KHTML, like Gecko) Chrome/90.0.4430.85 Safari/537.36 Edg/90.0.818.46'),(1118,16,'Decline budget line 52 : Maize Seed',1619456515,'::1','Mozilla/5.0 (Windows NT 10.0; Win64; x64) AppleWebKit/537.36 (KHTML, like Gecko) Chrome/90.0.4430.85 Safari/537.36 Edg/90.0.818.46'),(1119,16,'Decline budget line 53 : D Compound',1619456515,'::1','Mozilla/5.0 (Windows NT 10.0; Win64; x64) AppleWebKit/537.36 (KHTML, like Gecko) Chrome/90.0.4430.85 Safari/537.36 Edg/90.0.818.46'),(1120,16,'Decline budget line 54 : Testing Today',1619456516,'::1','Mozilla/5.0 (Windows NT 10.0; Win64; x64) AppleWebKit/537.36 (KHTML, like Gecko) Chrome/90.0.4430.85 Safari/537.36 Edg/90.0.818.46'),(1121,14,'Decline budget line 51 : Weed Killer',1619456967,'::1','Mozilla/5.0 (Windows NT 10.0; Win64; x64) AppleWebKit/537.36 (KHTML, like Gecko) Chrome/90.0.4430.85 Safari/537.36'),(1122,14,'Decline budget line 52 : Maize Seed',1619456967,'::1','Mozilla/5.0 (Windows NT 10.0; Win64; x64) AppleWebKit/537.36 (KHTML, like Gecko) Chrome/90.0.4430.85 Safari/537.36'),(1123,14,'Decline budget line 53 : D Compound',1619456967,'::1','Mozilla/5.0 (Windows NT 10.0; Win64; x64) AppleWebKit/537.36 (KHTML, like Gecko) Chrome/90.0.4430.85 Safari/537.36'),(1124,14,'Decline budget line 54 : Testing Today',1619456967,'::1','Mozilla/5.0 (Windows NT 10.0; Win64; x64) AppleWebKit/537.36 (KHTML, like Gecko) Chrome/90.0.4430.85 Safari/537.36'),(1125,15,'Submitted 51 : Weed Killer',1619457066,'::1','Mozilla/5.0 (Windows NT 10.0; Win64; x64) AppleWebKit/537.36 (KHTML, like Gecko) Chrome/90.0.4430.85 Safari/537.36'),(1126,15,'Submitted 51 : Weed Killer',1619457066,'::1','Mozilla/5.0 (Windows NT 10.0; Win64; x64) AppleWebKit/537.36 (KHTML, like Gecko) Chrome/90.0.4430.85 Safari/537.36'),(1127,15,'Submitted 52 : Maize Seed',1619457066,'::1','Mozilla/5.0 (Windows NT 10.0; Win64; x64) AppleWebKit/537.36 (KHTML, like Gecko) Chrome/90.0.4430.85 Safari/537.36'),(1128,15,'Submitted 52 : Maize Seed',1619457066,'::1','Mozilla/5.0 (Windows NT 10.0; Win64; x64) AppleWebKit/537.36 (KHTML, like Gecko) Chrome/90.0.4430.85 Safari/537.36'),(1129,15,'Submitted 53 : D Compound',1619457066,'::1','Mozilla/5.0 (Windows NT 10.0; Win64; x64) AppleWebKit/537.36 (KHTML, like Gecko) Chrome/90.0.4430.85 Safari/537.36'),(1130,15,'Submitted 53 : D Compound',1619457066,'::1','Mozilla/5.0 (Windows NT 10.0; Win64; x64) AppleWebKit/537.36 (KHTML, like Gecko) Chrome/90.0.4430.85 Safari/537.36'),(1131,15,'Submitted 54 : Testing Today',1619457066,'::1','Mozilla/5.0 (Windows NT 10.0; Win64; x64) AppleWebKit/537.36 (KHTML, like Gecko) Chrome/90.0.4430.85 Safari/537.36'),(1132,15,'Submitted 54 : Testing Today',1619457066,'::1','Mozilla/5.0 (Windows NT 10.0; Win64; x64) AppleWebKit/537.36 (KHTML, like Gecko) Chrome/90.0.4430.85 Safari/537.36'),(1133,14,'Decline budget line 51 : Weed Killer',1619457133,'::1','Mozilla/5.0 (Windows NT 10.0; Win64; x64) AppleWebKit/537.36 (KHTML, like Gecko) Chrome/90.0.4430.85 Safari/537.36'),(1134,14,'Decline budget line 52 : Maize Seed',1619457133,'::1','Mozilla/5.0 (Windows NT 10.0; Win64; x64) AppleWebKit/537.36 (KHTML, like Gecko) Chrome/90.0.4430.85 Safari/537.36'),(1135,14,'Decline budget line 53 : D Compound',1619457133,'::1','Mozilla/5.0 (Windows NT 10.0; Win64; x64) AppleWebKit/537.36 (KHTML, like Gecko) Chrome/90.0.4430.85 Safari/537.36'),(1136,14,'Decline budget line 54 : Testing Today',1619457134,'::1','Mozilla/5.0 (Windows NT 10.0; Win64; x64) AppleWebKit/537.36 (KHTML, like Gecko) Chrome/90.0.4430.85 Safari/537.36'),(1137,15,'Submitted 51 : Weed Killer',1619457469,'::1','Mozilla/5.0 (Windows NT 10.0; Win64; x64) AppleWebKit/537.36 (KHTML, like Gecko) Chrome/90.0.4430.85 Safari/537.36'),(1138,15,'Submitted 52 : Maize Seed',1619457469,'::1','Mozilla/5.0 (Windows NT 10.0; Win64; x64) AppleWebKit/537.36 (KHTML, like Gecko) Chrome/90.0.4430.85 Safari/537.36'),(1139,15,'Submitted 53 : D Compound',1619457470,'::1','Mozilla/5.0 (Windows NT 10.0; Win64; x64) AppleWebKit/537.36 (KHTML, like Gecko) Chrome/90.0.4430.85 Safari/537.36'),(1140,15,'Submitted 54 : Testing Today',1619457470,'::1','Mozilla/5.0 (Windows NT 10.0; Win64; x64) AppleWebKit/537.36 (KHTML, like Gecko) Chrome/90.0.4430.85 Safari/537.36'),(1141,14,'Decline budget line 51 : Weed Killer',1619457503,'::1','Mozilla/5.0 (Windows NT 10.0; Win64; x64) AppleWebKit/537.36 (KHTML, like Gecko) Chrome/90.0.4430.85 Safari/537.36'),(1142,14,'Decline budget line 52 : Maize Seed',1619457503,'::1','Mozilla/5.0 (Windows NT 10.0; Win64; x64) AppleWebKit/537.36 (KHTML, like Gecko) Chrome/90.0.4430.85 Safari/537.36'),(1143,14,'Decline budget line 53 : D Compound',1619457504,'::1','Mozilla/5.0 (Windows NT 10.0; Win64; x64) AppleWebKit/537.36 (KHTML, like Gecko) Chrome/90.0.4430.85 Safari/537.36'),(1144,14,'Decline budget line 54 : Testing Today',1619457504,'::1','Mozilla/5.0 (Windows NT 10.0; Win64; x64) AppleWebKit/537.36 (KHTML, like Gecko) Chrome/90.0.4430.85 Safari/537.36'),(1145,15,'Submitted 51 : Weed Killer',1619457681,'::1','Mozilla/5.0 (Windows NT 10.0; Win64; x64) AppleWebKit/537.36 (KHTML, like Gecko) Chrome/90.0.4430.85 Safari/537.36'),(1146,15,'Submitted 51 : Weed Killer',1619457681,'::1','Mozilla/5.0 (Windows NT 10.0; Win64; x64) AppleWebKit/537.36 (KHTML, like Gecko) Chrome/90.0.4430.85 Safari/537.36'),(1147,15,'Submitted 52 : Maize Seed',1619457681,'::1','Mozilla/5.0 (Windows NT 10.0; Win64; x64) AppleWebKit/537.36 (KHTML, like Gecko) Chrome/90.0.4430.85 Safari/537.36'),(1148,15,'Submitted 52 : Maize Seed',1619457681,'::1','Mozilla/5.0 (Windows NT 10.0; Win64; x64) AppleWebKit/537.36 (KHTML, like Gecko) Chrome/90.0.4430.85 Safari/537.36'),(1149,15,'Submitted 52 : Maize Seed',1619457681,'::1','Mozilla/5.0 (Windows NT 10.0; Win64; x64) AppleWebKit/537.36 (KHTML, like Gecko) Chrome/90.0.4430.85 Safari/537.36'),(1150,15,'Submitted 53 : D Compound',1619457681,'::1','Mozilla/5.0 (Windows NT 10.0; Win64; x64) AppleWebKit/537.36 (KHTML, like Gecko) Chrome/90.0.4430.85 Safari/537.36'),(1151,15,'Submitted 53 : D Compound',1619457681,'::1','Mozilla/5.0 (Windows NT 10.0; Win64; x64) AppleWebKit/537.36 (KHTML, like Gecko) Chrome/90.0.4430.85 Safari/537.36'),(1152,15,'Submitted 53 : D Compound',1619457681,'::1','Mozilla/5.0 (Windows NT 10.0; Win64; x64) AppleWebKit/537.36 (KHTML, like Gecko) Chrome/90.0.4430.85 Safari/537.36'),(1153,15,'Submitted 54 : Testing Today',1619457682,'::1','Mozilla/5.0 (Windows NT 10.0; Win64; x64) AppleWebKit/537.36 (KHTML, like Gecko) Chrome/90.0.4430.85 Safari/537.36'),(1154,15,'Submitted 54 : Testing Today',1619457682,'::1','Mozilla/5.0 (Windows NT 10.0; Win64; x64) AppleWebKit/537.36 (KHTML, like Gecko) Chrome/90.0.4430.85 Safari/537.36'),(1155,15,'Submitted 54 : Testing Today',1619457682,'::1','Mozilla/5.0 (Windows NT 10.0; Win64; x64) AppleWebKit/537.36 (KHTML, like Gecko) Chrome/90.0.4430.85 Safari/537.36'),(1156,14,'Decline budget line 51 : Weed Killer',1619457715,'::1','Mozilla/5.0 (Windows NT 10.0; Win64; x64) AppleWebKit/537.36 (KHTML, like Gecko) Chrome/90.0.4430.85 Safari/537.36'),(1157,14,'Decline budget line 52 : Maize Seed',1619457715,'::1','Mozilla/5.0 (Windows NT 10.0; Win64; x64) AppleWebKit/537.36 (KHTML, like Gecko) Chrome/90.0.4430.85 Safari/537.36'),(1158,14,'Decline budget line 53 : D Compound',1619457715,'::1','Mozilla/5.0 (Windows NT 10.0; Win64; x64) AppleWebKit/537.36 (KHTML, like Gecko) Chrome/90.0.4430.85 Safari/537.36'),(1159,14,'Decline budget line 54 : Testing Today',1619457715,'::1','Mozilla/5.0 (Windows NT 10.0; Win64; x64) AppleWebKit/537.36 (KHTML, like Gecko) Chrome/90.0.4430.85 Safari/537.36'),(1160,15,'Submitted 51 : Weed Killer',1619458146,'::1','Mozilla/5.0 (Windows NT 10.0; Win64; x64) AppleWebKit/537.36 (KHTML, like Gecko) Chrome/90.0.4430.85 Safari/537.36'),(1161,15,'Submitted 52 : Maize Seed',1619458146,'::1','Mozilla/5.0 (Windows NT 10.0; Win64; x64) AppleWebKit/537.36 (KHTML, like Gecko) Chrome/90.0.4430.85 Safari/537.36'),(1162,15,'Submitted 53 : D Compound',1619458146,'::1','Mozilla/5.0 (Windows NT 10.0; Win64; x64) AppleWebKit/537.36 (KHTML, like Gecko) Chrome/90.0.4430.85 Safari/537.36'),(1163,15,'Submitted 54 : Testing Today',1619458147,'::1','Mozilla/5.0 (Windows NT 10.0; Win64; x64) AppleWebKit/537.36 (KHTML, like Gecko) Chrome/90.0.4430.85 Safari/537.36'),(1164,14,'Submitted 51 : Weed Killer',1619458172,'::1','Mozilla/5.0 (Windows NT 10.0; Win64; x64) AppleWebKit/537.36 (KHTML, like Gecko) Chrome/90.0.4430.85 Safari/537.36'),(1165,14,'Submitted 52 : Maize Seed',1619458172,'::1','Mozilla/5.0 (Windows NT 10.0; Win64; x64) AppleWebKit/537.36 (KHTML, like Gecko) Chrome/90.0.4430.85 Safari/537.36'),(1166,14,'Submitted 53 : D Compound',1619458173,'::1','Mozilla/5.0 (Windows NT 10.0; Win64; x64) AppleWebKit/537.36 (KHTML, like Gecko) Chrome/90.0.4430.85 Safari/537.36'),(1167,14,'Submitted 54 : Testing Today',1619458173,'::1','Mozilla/5.0 (Windows NT 10.0; Win64; x64) AppleWebKit/537.36 (KHTML, like Gecko) Chrome/90.0.4430.85 Safari/537.36'),(1168,16,'Decline budget line 51 : Weed Killer',1619458208,'::1','Mozilla/5.0 (Windows NT 10.0; Win64; x64) AppleWebKit/537.36 (KHTML, like Gecko) Chrome/90.0.4430.85 Safari/537.36 Edg/90.0.818.46'),(1169,16,'Decline budget line 52 : Maize Seed',1619458208,'::1','Mozilla/5.0 (Windows NT 10.0; Win64; x64) AppleWebKit/537.36 (KHTML, like Gecko) Chrome/90.0.4430.85 Safari/537.36 Edg/90.0.818.46'),(1170,16,'Decline budget line 53 : D Compound',1619458208,'::1','Mozilla/5.0 (Windows NT 10.0; Win64; x64) AppleWebKit/537.36 (KHTML, like Gecko) Chrome/90.0.4430.85 Safari/537.36 Edg/90.0.818.46'),(1171,16,'Decline budget line 54 : Testing Today',1619458208,'::1','Mozilla/5.0 (Windows NT 10.0; Win64; x64) AppleWebKit/537.36 (KHTML, like Gecko) Chrome/90.0.4430.85 Safari/537.36 Edg/90.0.818.46'),(1172,14,'Submitted 51 : Weed Killer',1619458219,'::1','Mozilla/5.0 (Windows NT 10.0; Win64; x64) AppleWebKit/537.36 (KHTML, like Gecko) Chrome/90.0.4430.85 Safari/537.36'),(1173,14,'Submitted 52 : Maize Seed',1619458219,'::1','Mozilla/5.0 (Windows NT 10.0; Win64; x64) AppleWebKit/537.36 (KHTML, like Gecko) Chrome/90.0.4430.85 Safari/537.36'),(1174,14,'Submitted 53 : D Compound',1619458219,'::1','Mozilla/5.0 (Windows NT 10.0; Win64; x64) AppleWebKit/537.36 (KHTML, like Gecko) Chrome/90.0.4430.85 Safari/537.36'),(1175,14,'Submitted 54 : Testing Today',1619458219,'::1','Mozilla/5.0 (Windows NT 10.0; Win64; x64) AppleWebKit/537.36 (KHTML, like Gecko) Chrome/90.0.4430.85 Safari/537.36'),(1176,16,'Submitted 51 : Weed Killer',1619458235,'::1','Mozilla/5.0 (Windows NT 10.0; Win64; x64) AppleWebKit/537.36 (KHTML, like Gecko) Chrome/90.0.4430.85 Safari/537.36 Edg/90.0.818.46'),(1177,16,'Submitted 52 : Maize Seed',1619458236,'::1','Mozilla/5.0 (Windows NT 10.0; Win64; x64) AppleWebKit/537.36 (KHTML, like Gecko) Chrome/90.0.4430.85 Safari/537.36 Edg/90.0.818.46'),(1178,16,'Submitted 53 : D Compound',1619458237,'::1','Mozilla/5.0 (Windows NT 10.0; Win64; x64) AppleWebKit/537.36 (KHTML, like Gecko) Chrome/90.0.4430.85 Safari/537.36 Edg/90.0.818.46'),(1179,16,'Submitted 54 : Testing Today',1619458237,'::1','Mozilla/5.0 (Windows NT 10.0; Win64; x64) AppleWebKit/537.36 (KHTML, like Gecko) Chrome/90.0.4430.85 Safari/537.36 Edg/90.0.818.46'),(1180,16,'Decline budget line 51 : Weed Killer',1619458261,'::1','Mozilla/5.0 (Windows NT 10.0; Win64; x64) AppleWebKit/537.36 (KHTML, like Gecko) Chrome/90.0.4430.85 Safari/537.36 Edg/90.0.818.46'),(1181,16,'Decline budget line 52 : Maize Seed',1619458261,'::1','Mozilla/5.0 (Windows NT 10.0; Win64; x64) AppleWebKit/537.36 (KHTML, like Gecko) Chrome/90.0.4430.85 Safari/537.36 Edg/90.0.818.46'),(1182,16,'Decline budget line 53 : D Compound',1619458261,'::1','Mozilla/5.0 (Windows NT 10.0; Win64; x64) AppleWebKit/537.36 (KHTML, like Gecko) Chrome/90.0.4430.85 Safari/537.36 Edg/90.0.818.46'),(1183,16,'Decline budget line 54 : Testing Today',1619458261,'::1','Mozilla/5.0 (Windows NT 10.0; Win64; x64) AppleWebKit/537.36 (KHTML, like Gecko) Chrome/90.0.4430.85 Safari/537.36 Edg/90.0.818.46'),(1184,16,'Submitted 51 : Weed Killer',1619458276,'::1','Mozilla/5.0 (Windows NT 10.0; Win64; x64) AppleWebKit/537.36 (KHTML, like Gecko) Chrome/90.0.4430.85 Safari/537.36 Edg/90.0.818.46'),(1185,16,'Submitted 52 : Maize Seed',1619458276,'::1','Mozilla/5.0 (Windows NT 10.0; Win64; x64) AppleWebKit/537.36 (KHTML, like Gecko) Chrome/90.0.4430.85 Safari/537.36 Edg/90.0.818.46'),(1186,16,'Submitted 53 : D Compound',1619458276,'::1','Mozilla/5.0 (Windows NT 10.0; Win64; x64) AppleWebKit/537.36 (KHTML, like Gecko) Chrome/90.0.4430.85 Safari/537.36 Edg/90.0.818.46'),(1187,16,'Submitted 54 : Testing Today',1619458277,'::1','Mozilla/5.0 (Windows NT 10.0; Win64; x64) AppleWebKit/537.36 (KHTML, like Gecko) Chrome/90.0.4430.85 Safari/537.36 Edg/90.0.818.46'),(1188,16,'Submitted 51 : Weed Killer',1619458305,'::1','Mozilla/5.0 (Windows NT 10.0; Win64; x64) AppleWebKit/537.36 (KHTML, like Gecko) Chrome/90.0.4430.85 Safari/537.36 Edg/90.0.818.46'),(1189,16,'Submitted 52 : Maize Seed',1619458305,'::1','Mozilla/5.0 (Windows NT 10.0; Win64; x64) AppleWebKit/537.36 (KHTML, like Gecko) Chrome/90.0.4430.85 Safari/537.36 Edg/90.0.818.46'),(1190,16,'Submitted 53 : D Compound',1619458305,'::1','Mozilla/5.0 (Windows NT 10.0; Win64; x64) AppleWebKit/537.36 (KHTML, like Gecko) Chrome/90.0.4430.85 Safari/537.36 Edg/90.0.818.46'),(1191,16,'Submitted 54 : Testing Today',1619458306,'::1','Mozilla/5.0 (Windows NT 10.0; Win64; x64) AppleWebKit/537.36 (KHTML, like Gecko) Chrome/90.0.4430.85 Safari/537.36 Edg/90.0.818.46'),(1192,15,'Added AWPB Activitly Line : Test 5',1619458616,'::1','Mozilla/5.0 (Windows NT 10.0; Win64; x64) AppleWebKit/537.36 (KHTML, like Gecko) Chrome/90.0.4430.85 Safari/537.36'),(1193,14,'Update role Administrator',1619464265,'::1','Mozilla/5.0 (Windows NT 10.0; Win64; x64) AppleWebKit/537.36 (KHTML, like Gecko) Chrome/90.0.4430.85 Safari/537.36'),(1194,14,'Update role User',1619465911,'::1','Mozilla/5.0 (Windows NT 10.0; Win64; x64) AppleWebKit/537.36 (KHTML, like Gecko) Chrome/90.0.4430.85 Safari/537.36'),(1195,14,'Added activity : 2.1.C Today',1619466139,'::1','Mozilla/5.0 (Windows NT 10.0; Win64; x64) AppleWebKit/537.36 (KHTML, like Gecko) Chrome/90.0.4430.85 Safari/537.36 Edg/90.0.818.46'),(1196,14,'Added activity : 2.1.C1 Comp 3 Indicator Testing Today',1619470407,'::1','Mozilla/5.0 (Windows NT 10.0; Win64; x64) AppleWebKit/537.36 (KHTML, like Gecko) Chrome/90.0.4430.85 Safari/537.36 Edg/90.0.818.46'),(1197,15,'Added AWPB Activitly Line : Traing',1619543537,'::1','Mozilla/5.0 (Windows NT 10.0; Win64; x64) AppleWebKit/537.36 (KHTML, like Gecko) Chrome/90.0.4430.93 Safari/537.36'),(1198,15,'Update AWPB Activitly Line : Test 5',1619625801,'::1','Mozilla/5.0 (Windows NT 10.0; Win64; x64) AppleWebKit/537.36 (KHTML, like Gecko) Chrome/90.0.4430.93 Safari/537.36'),(1199,15,'Update AWPB Activitly Line : Test 5',1619625801,'::1','Mozilla/5.0 (Windows NT 10.0; Win64; x64) AppleWebKit/537.36 (KHTML, like Gecko) Chrome/90.0.4430.93 Safari/537.36'),(1200,15,'Update AWPB Activitly Line : Test 5',1619627082,'::1','Mozilla/5.0 (Windows NT 10.0; Win64; x64) AppleWebKit/537.36 (KHTML, like Gecko) Chrome/90.0.4430.93 Safari/537.36'),(1201,12,'Submitted 49 : MDMDDM',1619627857,'::1','Mozilla/5.0 (Windows NT 10.0; Win64; x64) AppleWebKit/537.36 (KHTML, like Gecko) Chrome/90.0.4430.93 Safari/537.36'),(1202,12,'Submitted 50 : Chicken Feed',1619627857,'::1','Mozilla/5.0 (Windows NT 10.0; Win64; x64) AppleWebKit/537.36 (KHTML, like Gecko) Chrome/90.0.4430.93 Safari/537.36'),(1203,14,'Created role Ministry',1619636078,'::1','Mozilla/5.0 (Windows NT 10.0; Win64; x64) AppleWebKit/537.36 (KHTML, like Gecko) Chrome/90.0.4430.93 Safari/537.36'),(1204,14,'Update role Ministry',1619636408,'::1','Mozilla/5.0 (Windows NT 10.0; Win64; x64) AppleWebKit/537.36 (KHTML, like Gecko) Chrome/90.0.4430.93 Safari/537.36'),(1205,14,'Update role Ministry',1619638710,'::1','Mozilla/5.0 (Windows NT 10.0; Win64; x64) AppleWebKit/537.36 (KHTML, like Gecko) Chrome/90.0.4430.93 Safari/537.36'),(1206,14,'Update role Ministry',1619639369,'::1','Mozilla/5.0 (Windows NT 10.0; Win64; x64) AppleWebKit/537.36 (KHTML, like Gecko) Chrome/90.0.4430.93 Safari/537.36'),(1207,14,'Update role Ministry',1619639750,'::1','Mozilla/5.0 (Windows NT 10.0; Win64; x64) AppleWebKit/537.36 (KHTML, like Gecko) Chrome/90.0.4430.93 Safari/537.36'),(1208,14,'Update role Ministry',1619640148,'::1','Mozilla/5.0 (Windows NT 10.0; Win64; x64) AppleWebKit/537.36 (KHTML, like Gecko) Chrome/90.0.4430.93 Safari/537.36'),(1209,14,'Created role PCO',1619640426,'::1','Mozilla/5.0 (Windows NT 10.0; Win64; x64) AppleWebKit/537.36 (KHTML, like Gecko) Chrome/90.0.4430.93 Safari/537.36'),(1210,14,'Created role Budget Committee Programme-Wide',1619691776,'::1','Mozilla/5.0 (Windows NT 10.0; Win64; x64) AppleWebKit/537.36 (KHTML, like Gecko) Chrome/90.0.4430.93 Safari/537.36'),(1211,14,'Update role Budget Committee Programme-Wide',1619692017,'::1','Mozilla/5.0 (Windows NT 10.0; Win64; x64) AppleWebKit/537.36 (KHTML, like Gecko) Chrome/90.0.4430.93 Safari/537.36'),(1212,14,'Created user with email: pw.costcentre@esapp.org.zm',1619693453,'::1','Mozilla/5.0 (Windows NT 10.0; Win64; x64) AppleWebKit/537.36 (KHTML, like Gecko) Chrome/90.0.4430.93 Safari/537.36'),(1213,14,'Update role Budget Committee Programme-Wide',1619707186,'::1','Mozilla/5.0 (Windows NT 10.0; Win64; x64) AppleWebKit/537.36 (KHTML, like Gecko) Chrome/90.0.4430.93 Safari/537.36'),(1214,14,'Update role Budget Committee Programme-Wide',1619710847,'::1','Mozilla/5.0 (Windows NT 10.0; Win64; x64) AppleWebKit/537.36 (KHTML, like Gecko) Chrome/90.0.4430.93 Safari/537.36'),(1215,17,'Submitted 48 : D Compound',1619711170,'::1','Mozilla/5.0 (Windows NT 10.0; Win64; x64) AppleWebKit/537.36 (KHTML, like Gecko) Chrome/90.0.4430.93 Safari/537.36'),(1216,17,'Submitted 55 : Test 5',1619711171,'::1','Mozilla/5.0 (Windows NT 10.0; Win64; x64) AppleWebKit/537.36 (KHTML, like Gecko) Chrome/90.0.4430.93 Safari/537.36'),(1217,17,'Submitted 56 : Traing',1619711171,'::1','Mozilla/5.0 (Windows NT 10.0; Win64; x64) AppleWebKit/537.36 (KHTML, like Gecko) Chrome/90.0.4430.93 Safari/537.36'),(1218,15,'Declined budget line 48 : D Compound',1619714685,'::1','Mozilla/5.0 (Windows NT 10.0; Win64; x64) AppleWebKit/537.36 (KHTML, like Gecko) Chrome/90.0.4430.93 Safari/537.36'),(1219,15,'Declined budget line 55 : Test 5',1619714685,'::1','Mozilla/5.0 (Windows NT 10.0; Win64; x64) AppleWebKit/537.36 (KHTML, like Gecko) Chrome/90.0.4430.93 Safari/537.36'),(1220,15,'Declined budget line 56 : Traing',1619714685,'::1','Mozilla/5.0 (Windows NT 10.0; Win64; x64) AppleWebKit/537.36 (KHTML, like Gecko) Chrome/90.0.4430.93 Safari/537.36'),(1221,17,'Submitted 48 : D Compound',1619714716,'::1','Mozilla/5.0 (Windows NT 10.0; Win64; x64) AppleWebKit/537.36 (KHTML, like Gecko) Chrome/90.0.4430.93 Safari/537.36'),(1222,17,'Submitted 55 : Test 5',1619714716,'::1','Mozilla/5.0 (Windows NT 10.0; Win64; x64) AppleWebKit/537.36 (KHTML, like Gecko) Chrome/90.0.4430.93 Safari/537.36'),(1223,17,'Submitted 56 : Traing',1619714717,'::1','Mozilla/5.0 (Windows NT 10.0; Win64; x64) AppleWebKit/537.36 (KHTML, like Gecko) Chrome/90.0.4430.93 Safari/537.36'),(1224,15,'Submitted 48 : D Compound',1619716277,'::1','Mozilla/5.0 (Windows NT 10.0; Win64; x64) AppleWebKit/537.36 (KHTML, like Gecko) Chrome/90.0.4430.93 Safari/537.36'),(1225,15,'Submitted 55 : Test 5',1619716277,'::1','Mozilla/5.0 (Windows NT 10.0; Win64; x64) AppleWebKit/537.36 (KHTML, like Gecko) Chrome/90.0.4430.93 Safari/537.36'),(1226,15,'Submitted 56 : Traing',1619716277,'::1','Mozilla/5.0 (Windows NT 10.0; Win64; x64) AppleWebKit/537.36 (KHTML, like Gecko) Chrome/90.0.4430.93 Safari/537.36'),(1227,16,'Submitted 48 : D Compound',1619719269,'::1','Mozilla/5.0 (Windows NT 10.0; Win64; x64) AppleWebKit/537.36 (KHTML, like Gecko) Chrome/90.0.4430.93 Safari/537.36'),(1228,16,'Submitted 55 : Test 5',1619719269,'::1','Mozilla/5.0 (Windows NT 10.0; Win64; x64) AppleWebKit/537.36 (KHTML, like Gecko) Chrome/90.0.4430.93 Safari/537.36'),(1229,16,'Submitted 56 : Traing',1619719270,'::1','Mozilla/5.0 (Windows NT 10.0; Win64; x64) AppleWebKit/537.36 (KHTML, like Gecko) Chrome/90.0.4430.93 Safari/537.36'),(1230,16,'Decline budget line 48 : D Compound',1619720313,'::1','Mozilla/5.0 (Windows NT 10.0; Win64; x64) AppleWebKit/537.36 (KHTML, like Gecko) Chrome/90.0.4430.93 Safari/537.36'),(1231,16,'Decline budget line 55 : Test 5',1619720313,'::1','Mozilla/5.0 (Windows NT 10.0; Win64; x64) AppleWebKit/537.36 (KHTML, like Gecko) Chrome/90.0.4430.93 Safari/537.36'),(1232,16,'Decline budget line 56 : Traing',1619720313,'::1','Mozilla/5.0 (Windows NT 10.0; Win64; x64) AppleWebKit/537.36 (KHTML, like Gecko) Chrome/90.0.4430.93 Safari/537.36'),(1233,15,'Submitted 48 : D Compound',1619720662,'::1','Mozilla/5.0 (Windows NT 10.0; Win64; x64) AppleWebKit/537.36 (KHTML, like Gecko) Chrome/90.0.4430.93 Safari/537.36'),(1234,15,'Submitted 48 : D Compound',1619720662,'::1','Mozilla/5.0 (Windows NT 10.0; Win64; x64) AppleWebKit/537.36 (KHTML, like Gecko) Chrome/90.0.4430.93 Safari/537.36'),(1235,15,'Submitted 55 : Test 5',1619720662,'::1','Mozilla/5.0 (Windows NT 10.0; Win64; x64) AppleWebKit/537.36 (KHTML, like Gecko) Chrome/90.0.4430.93 Safari/537.36'),(1236,15,'Submitted 55 : Test 5',1619720662,'::1','Mozilla/5.0 (Windows NT 10.0; Win64; x64) AppleWebKit/537.36 (KHTML, like Gecko) Chrome/90.0.4430.93 Safari/537.36'),(1237,15,'Submitted 55 : Test 5',1619720662,'::1','Mozilla/5.0 (Windows NT 10.0; Win64; x64) AppleWebKit/537.36 (KHTML, like Gecko) Chrome/90.0.4430.93 Safari/537.36'),(1238,15,'Submitted 56 : Traing',1619720663,'::1','Mozilla/5.0 (Windows NT 10.0; Win64; x64) AppleWebKit/537.36 (KHTML, like Gecko) Chrome/90.0.4430.93 Safari/537.36'),(1239,15,'Submitted 56 : Traing',1619720663,'::1','Mozilla/5.0 (Windows NT 10.0; Win64; x64) AppleWebKit/537.36 (KHTML, like Gecko) Chrome/90.0.4430.93 Safari/537.36'),(1240,15,'Submitted 56 : Traing',1619720663,'::1','Mozilla/5.0 (Windows NT 10.0; Win64; x64) AppleWebKit/537.36 (KHTML, like Gecko) Chrome/90.0.4430.93 Safari/537.36'),(1241,16,'Submitted 48 : D Compound',1619721233,'::1','Mozilla/5.0 (Windows NT 10.0; Win64; x64) AppleWebKit/537.36 (KHTML, like Gecko) Chrome/90.0.4430.93 Safari/537.36'),(1242,16,'Submitted 55 : Test 5',1619721233,'::1','Mozilla/5.0 (Windows NT 10.0; Win64; x64) AppleWebKit/537.36 (KHTML, like Gecko) Chrome/90.0.4430.93 Safari/537.36'),(1243,16,'Submitted 56 : Traing',1619721233,'::1','Mozilla/5.0 (Windows NT 10.0; Win64; x64) AppleWebKit/537.36 (KHTML, like Gecko) Chrome/90.0.4430.93 Safari/537.36'),(1244,16,'Submitted 48 : D Compound',1619721668,'::1','Mozilla/5.0 (Windows NT 10.0; Win64; x64) AppleWebKit/537.36 (KHTML, like Gecko) Chrome/90.0.4430.93 Safari/537.36'),(1245,16,'Submitted 55 : Test 5',1619721669,'::1','Mozilla/5.0 (Windows NT 10.0; Win64; x64) AppleWebKit/537.36 (KHTML, like Gecko) Chrome/90.0.4430.93 Safari/537.36'),(1246,16,'Submitted 56 : Traing',1619721669,'::1','Mozilla/5.0 (Windows NT 10.0; Win64; x64) AppleWebKit/537.36 (KHTML, like Gecko) Chrome/90.0.4430.93 Safari/537.36'),(1247,16,'Submitted 48 : D Compound',1619722180,'::1','Mozilla/5.0 (Windows NT 10.0; Win64; x64) AppleWebKit/537.36 (KHTML, like Gecko) Chrome/90.0.4430.93 Safari/537.36'),(1248,16,'Submitted 55 : Test 5',1619722180,'::1','Mozilla/5.0 (Windows NT 10.0; Win64; x64) AppleWebKit/537.36 (KHTML, like Gecko) Chrome/90.0.4430.93 Safari/537.36'),(1249,16,'Submitted 56 : Traing',1619722180,'::1','Mozilla/5.0 (Windows NT 10.0; Win64; x64) AppleWebKit/537.36 (KHTML, like Gecko) Chrome/90.0.4430.93 Safari/537.36'),(1250,16,'Submitted 48 : D Compound',1619722231,'::1','Mozilla/5.0 (Windows NT 10.0; Win64; x64) AppleWebKit/537.36 (KHTML, like Gecko) Chrome/90.0.4430.93 Safari/537.36'),(1251,16,'Submitted 55 : Test 5',1619722231,'::1','Mozilla/5.0 (Windows NT 10.0; Win64; x64) AppleWebKit/537.36 (KHTML, like Gecko) Chrome/90.0.4430.93 Safari/537.36'),(1252,16,'Submitted 56 : Traing',1619722231,'::1','Mozilla/5.0 (Windows NT 10.0; Win64; x64) AppleWebKit/537.36 (KHTML, like Gecko) Chrome/90.0.4430.93 Safari/537.36'),(1253,16,'Submitted 48 : D Compound',1619722765,'::1','Mozilla/5.0 (Windows NT 10.0; Win64; x64) AppleWebKit/537.36 (KHTML, like Gecko) Chrome/90.0.4430.93 Safari/537.36'),(1254,16,'Submitted 55 : Test 5',1619722765,'::1','Mozilla/5.0 (Windows NT 10.0; Win64; x64) AppleWebKit/537.36 (KHTML, like Gecko) Chrome/90.0.4430.93 Safari/537.36'),(1255,16,'Submitted 56 : Traing',1619722766,'::1','Mozilla/5.0 (Windows NT 10.0; Win64; x64) AppleWebKit/537.36 (KHTML, like Gecko) Chrome/90.0.4430.93 Safari/537.36'),(1256,16,'Submitted 48 : D Compound',1619723212,'::1','Mozilla/5.0 (Windows NT 10.0; Win64; x64) AppleWebKit/537.36 (KHTML, like Gecko) Chrome/90.0.4430.93 Safari/537.36'),(1257,16,'Submitted 55 : Test 5',1619723212,'::1','Mozilla/5.0 (Windows NT 10.0; Win64; x64) AppleWebKit/537.36 (KHTML, like Gecko) Chrome/90.0.4430.93 Safari/537.36'),(1258,16,'Submitted 56 : Traing',1619723212,'::1','Mozilla/5.0 (Windows NT 10.0; Win64; x64) AppleWebKit/537.36 (KHTML, like Gecko) Chrome/90.0.4430.93 Safari/537.36'),(1259,16,'Submitted 48 : D Compound',1620149665,'::1','Mozilla/5.0 (Windows NT 10.0; Win64; x64) AppleWebKit/537.36 (KHTML, like Gecko) Chrome/90.0.4430.93 Safari/537.36'),(1260,16,'Submitted 55 : Test 5',1620149665,'::1','Mozilla/5.0 (Windows NT 10.0; Win64; x64) AppleWebKit/537.36 (KHTML, like Gecko) Chrome/90.0.4430.93 Safari/537.36'),(1261,16,'Submitted 56 : Traing',1620149665,'::1','Mozilla/5.0 (Windows NT 10.0; Win64; x64) AppleWebKit/537.36 (KHTML, like Gecko) Chrome/90.0.4430.93 Safari/537.36'),(1262,16,'Submitted 48 : D Compound',1620150063,'::1','Mozilla/5.0 (Windows NT 10.0; Win64; x64) AppleWebKit/537.36 (KHTML, like Gecko) Chrome/90.0.4430.93 Safari/537.36'),(1263,16,'Submitted 55 : Test 5',1620150064,'::1','Mozilla/5.0 (Windows NT 10.0; Win64; x64) AppleWebKit/537.36 (KHTML, like Gecko) Chrome/90.0.4430.93 Safari/537.36'),(1264,16,'Submitted 56 : Traing',1620150065,'::1','Mozilla/5.0 (Windows NT 10.0; Win64; x64) AppleWebKit/537.36 (KHTML, like Gecko) Chrome/90.0.4430.93 Safari/537.36'),(1265,16,'Submitted 48 : D Compound',1620150264,'::1','Mozilla/5.0 (Windows NT 10.0; Win64; x64) AppleWebKit/537.36 (KHTML, like Gecko) Chrome/90.0.4430.93 Safari/537.36'),(1266,16,'Submitted 55 : Test 5',1620150264,'::1','Mozilla/5.0 (Windows NT 10.0; Win64; x64) AppleWebKit/537.36 (KHTML, like Gecko) Chrome/90.0.4430.93 Safari/537.36'),(1267,16,'Submitted 56 : Traing',1620150264,'::1','Mozilla/5.0 (Windows NT 10.0; Win64; x64) AppleWebKit/537.36 (KHTML, like Gecko) Chrome/90.0.4430.93 Safari/537.36'),(1268,16,'Submitted 48 : D Compound',1620151000,'::1','Mozilla/5.0 (Windows NT 10.0; Win64; x64) AppleWebKit/537.36 (KHTML, like Gecko) Chrome/90.0.4430.93 Safari/537.36'),(1269,16,'Submitted 56 : Traing',1620151000,'::1','Mozilla/5.0 (Windows NT 10.0; Win64; x64) AppleWebKit/537.36 (KHTML, like Gecko) Chrome/90.0.4430.93 Safari/537.36'),(1270,16,'Submitted 48 : D Compound',1620151588,'::1','Mozilla/5.0 (Windows NT 10.0; Win64; x64) AppleWebKit/537.36 (KHTML, like Gecko) Chrome/90.0.4430.93 Safari/537.36'),(1271,16,'Submitted 55 : Test 5',1620151588,'::1','Mozilla/5.0 (Windows NT 10.0; Win64; x64) AppleWebKit/537.36 (KHTML, like Gecko) Chrome/90.0.4430.93 Safari/537.36'),(1272,16,'Submitted 56 : Traing',1620151588,'::1','Mozilla/5.0 (Windows NT 10.0; Win64; x64) AppleWebKit/537.36 (KHTML, like Gecko) Chrome/90.0.4430.93 Safari/537.36'),(1273,16,'Submitted 48 : D Compound',1620152266,'::1','Mozilla/5.0 (Windows NT 10.0; Win64; x64) AppleWebKit/537.36 (KHTML, like Gecko) Chrome/90.0.4430.93 Safari/537.36'),(1274,16,'Submitted 55 : Test 5',1620152267,'::1','Mozilla/5.0 (Windows NT 10.0; Win64; x64) AppleWebKit/537.36 (KHTML, like Gecko) Chrome/90.0.4430.93 Safari/537.36'),(1275,16,'Submitted 56 : Traing',1620152267,'::1','Mozilla/5.0 (Windows NT 10.0; Win64; x64) AppleWebKit/537.36 (KHTML, like Gecko) Chrome/90.0.4430.93 Safari/537.36'),(1276,15,'Submitted 48 : D Compound',1620152525,'::1','Mozilla/5.0 (Windows NT 10.0; Win64; x64) AppleWebKit/537.36 (KHTML, like Gecko) Chrome/90.0.4430.93 Safari/537.36'),(1277,15,'Submitted 55 : Test 5',1620152525,'::1','Mozilla/5.0 (Windows NT 10.0; Win64; x64) AppleWebKit/537.36 (KHTML, like Gecko) Chrome/90.0.4430.93 Safari/537.36'),(1278,15,'Submitted 56 : Traing',1620152525,'::1','Mozilla/5.0 (Windows NT 10.0; Win64; x64) AppleWebKit/537.36 (KHTML, like Gecko) Chrome/90.0.4430.93 Safari/537.36'),(1279,16,'Decline budget line 48 : D Compound',1620152656,'::1','Mozilla/5.0 (Windows NT 10.0; Win64; x64) AppleWebKit/537.36 (KHTML, like Gecko) Chrome/90.0.4430.93 Safari/537.36 Edg/90.0.818.51'),(1280,16,'Decline budget line 55 : Test 5',1620152656,'::1','Mozilla/5.0 (Windows NT 10.0; Win64; x64) AppleWebKit/537.36 (KHTML, like Gecko) Chrome/90.0.4430.93 Safari/537.36 Edg/90.0.818.51'),(1281,16,'Decline budget line 56 : Traing',1620152656,'::1','Mozilla/5.0 (Windows NT 10.0; Win64; x64) AppleWebKit/537.36 (KHTML, like Gecko) Chrome/90.0.4430.93 Safari/537.36 Edg/90.0.818.51'),(1282,15,'Submitted 48 : D Compound',1620152697,'::1','Mozilla/5.0 (Windows NT 10.0; Win64; x64) AppleWebKit/537.36 (KHTML, like Gecko) Chrome/90.0.4430.93 Safari/537.36'),(1283,15,'Submitted 55 : Test 5',1620152697,'::1','Mozilla/5.0 (Windows NT 10.0; Win64; x64) AppleWebKit/537.36 (KHTML, like Gecko) Chrome/90.0.4430.93 Safari/537.36'),(1284,15,'Submitted 56 : Traing',1620152697,'::1','Mozilla/5.0 (Windows NT 10.0; Win64; x64) AppleWebKit/537.36 (KHTML, like Gecko) Chrome/90.0.4430.93 Safari/537.36'),(1285,16,'Decline budget line 48 : D Compound',1620152802,'::1','Mozilla/5.0 (Windows NT 10.0; Win64; x64) AppleWebKit/537.36 (KHTML, like Gecko) Chrome/90.0.4430.93 Safari/537.36 Edg/90.0.818.51'),(1286,16,'Decline budget line 55 : Test 5',1620152802,'::1','Mozilla/5.0 (Windows NT 10.0; Win64; x64) AppleWebKit/537.36 (KHTML, like Gecko) Chrome/90.0.4430.93 Safari/537.36 Edg/90.0.818.51'),(1287,16,'Decline budget line 56 : Traing',1620152802,'::1','Mozilla/5.0 (Windows NT 10.0; Win64; x64) AppleWebKit/537.36 (KHTML, like Gecko) Chrome/90.0.4430.93 Safari/537.36 Edg/90.0.818.51'),(1288,15,'Submitted 48 : D Compound',1620152822,'::1','Mozilla/5.0 (Windows NT 10.0; Win64; x64) AppleWebKit/537.36 (KHTML, like Gecko) Chrome/90.0.4430.93 Safari/537.36'),(1289,15,'Submitted 55 : Test 5',1620152822,'::1','Mozilla/5.0 (Windows NT 10.0; Win64; x64) AppleWebKit/537.36 (KHTML, like Gecko) Chrome/90.0.4430.93 Safari/537.36'),(1290,15,'Submitted 56 : Traing',1620152822,'::1','Mozilla/5.0 (Windows NT 10.0; Win64; x64) AppleWebKit/537.36 (KHTML, like Gecko) Chrome/90.0.4430.93 Safari/537.36'),(1291,16,'Submitted 48 : D Compound',1620152889,'::1','Mozilla/5.0 (Windows NT 10.0; Win64; x64) AppleWebKit/537.36 (KHTML, like Gecko) Chrome/90.0.4430.93 Safari/537.36 Edg/90.0.818.51'),(1292,16,'Submitted 55 : Test 5',1620152890,'::1','Mozilla/5.0 (Windows NT 10.0; Win64; x64) AppleWebKit/537.36 (KHTML, like Gecko) Chrome/90.0.4430.93 Safari/537.36 Edg/90.0.818.51'),(1293,16,'Submitted 56 : Traing',1620152890,'::1','Mozilla/5.0 (Windows NT 10.0; Win64; x64) AppleWebKit/537.36 (KHTML, like Gecko) Chrome/90.0.4430.93 Safari/537.36 Edg/90.0.818.51'),(1294,14,'Updated component: 1 - Enabling Environment for Agribusiness Development Growth',1620209727,'::1','Mozilla/5.0 (Windows NT 10.0; Win64; x64) AppleWebKit/537.36 (KHTML, like Gecko) Chrome/90.0.4430.93 Safari/537.36'),(1295,14,'Updated component: 2 - Sustainable Agribusiness Partnerships',1620209748,'::1','Mozilla/5.0 (Windows NT 10.0; Win64; x64) AppleWebKit/537.36 (KHTML, like Gecko) Chrome/90.0.4430.93 Safari/537.36'),(1296,14,'Added component : Enabling Environment for Agribusiness Development Growth',1620667962,'::1','Mozilla/5.0 (Windows NT 10.0; Win64; x64) AppleWebKit/537.36 (KHTML, like Gecko) Chrome/90.0.4430.93 Safari/537.36 Edg/90.0.818.56'),(1297,14,'Updated component: 1 - Enabling Environment for Agribusiness Development Growth',1620668007,'::1','Mozilla/5.0 (Windows NT 10.0; Win64; x64) AppleWebKit/537.36 (KHTML, like Gecko) Chrome/90.0.4430.93 Safari/537.36 Edg/90.0.818.56'),(1298,14,'Added component : Agribusiness Policy Development',1621243560,'::1','Mozilla/5.0 (Windows NT 10.0; Win64; x64) AppleWebKit/537.36 (KHTML, like Gecko) Chrome/90.0.4430.93 Safari/537.36 Edg/90.0.818.56'),(1299,14,'Updated component: 1.1 - Agribusiness Policy Development',1621262154,'::1','Mozilla/5.0 (Windows NT 10.0; Win64; x64) AppleWebKit/537.36 (KHTML, like Gecko) Chrome/90.0.4430.212 Safari/537.36 Edg/90.0.818.62'),(1300,14,'Updated component: 1.1 - Agribusiness Policy Development',1621262178,'::1','Mozilla/5.0 (Windows NT 10.0; Win64; x64) AppleWebKit/537.36 (KHTML, like Gecko) Chrome/90.0.4430.212 Safari/537.36 Edg/90.0.818.62'),(1301,14,'Updated component: 1 - Enabling Environment for Agribusiness Development Growth',1621262192,'::1','Mozilla/5.0 (Windows NT 10.0; Win64; x64) AppleWebKit/537.36 (KHTML, like Gecko) Chrome/90.0.4430.212 Safari/537.36 Edg/90.0.818.62'),(1302,14,'Added activity : 1.1.A1 Provincial Validation of the ZNADS',1621278355,'::1','Mozilla/5.0 (Windows NT 10.0; Win64; x64) AppleWebKit/537.36 (KHTML, like Gecko) Chrome/90.0.4430.212 Safari/537.36 Edg/90.0.818.62'),(1303,14,'Added activity : 1.1.A2  ZNADS launch',1621278448,'::1','Mozilla/5.0 (Windows NT 10.0; Win64; x64) AppleWebKit/537.36 (KHTML, like Gecko) Chrome/90.0.4430.212 Safari/537.36 Edg/90.0.818.62'),(1304,14,'Added activity : 1.1.A2 Drafting of the ZNADS',1621281291,'::1','Mozilla/5.0 (Windows NT 10.0; Win64; x64) AppleWebKit/537.36 (KHTML, like Gecko) Chrome/90.0.4430.212 Safari/537.36 Edg/90.0.818.62'),(1305,14,'Added activity : 1.1.B  ZNADS implementation activities ',1621282942,'::1','Mozilla/5.0 (Windows NT 10.0; Win64; x64) AppleWebKit/537.36 (KHTML, like Gecko) Chrome/90.0.4430.212 Safari/537.36 Edg/90.0.818.62'),(1306,14,'Added activity : 1.1.B1 Dissemination of the Strategy    ',1621283049,'::1','Mozilla/5.0 (Windows NT 10.0; Win64; x64) AppleWebKit/537.36 (KHTML, like Gecko) Chrome/90.0.4430.212 Safari/537.36 Edg/90.0.818.62'),(1307,14,'Updated 2022 AWPB template',1621372116,'::1','Mozilla/5.0 (Windows NT 10.0; Win64; x64) AppleWebKit/537.36 (KHTML, like Gecko) Chrome/90.0.4430.212 Safari/537.36 Edg/90.0.818.62'),(1308,14,'Updated 2022 AWPB template',1621372230,'::1','Mozilla/5.0 (Windows NT 10.0; Win64; x64) AppleWebKit/537.36 (KHTML, like Gecko) Chrome/90.0.4430.212 Safari/537.36 Edg/90.0.818.62'),(1309,14,'Updated 2022 AWPB template',1621372272,'::1','Mozilla/5.0 (Windows NT 10.0; Win64; x64) AppleWebKit/537.36 (KHTML, like Gecko) Chrome/90.0.4430.212 Safari/537.36 Edg/90.0.818.62'),(1310,14,'Updated 2022 AWPB template',1621372988,'::1','Mozilla/5.0 (Windows NT 10.0; Win64; x64) AppleWebKit/537.36 (KHTML, like Gecko) Chrome/90.0.4430.212 Safari/537.36 Edg/90.0.818.62'),(1311,14,'Updated 2022 AWPB template',1621373114,'::1','Mozilla/5.0 (Windows NT 10.0; Win64; x64) AppleWebKit/537.36 (KHTML, like Gecko) Chrome/90.0.4430.212 Safari/537.36 Edg/90.0.818.62'),(1312,14,'Updated 2022 AWPB template',1621373691,'::1','Mozilla/5.0 (Windows NT 10.0; Win64; x64) AppleWebKit/537.36 (KHTML, like Gecko) Chrome/90.0.4430.212 Safari/537.36 Edg/90.0.818.62'),(1313,14,'Updated 2022 AWPB template',1621373943,'::1','Mozilla/5.0 (Windows NT 10.0; Win64; x64) AppleWebKit/537.36 (KHTML, like Gecko) Chrome/90.0.4430.212 Safari/537.36 Edg/90.0.818.62'),(1314,14,'Updated 2022 AWPB template',1621374039,'::1','Mozilla/5.0 (Windows NT 10.0; Win64; x64) AppleWebKit/537.36 (KHTML, like Gecko) Chrome/90.0.4430.212 Safari/537.36 Edg/90.0.818.62'),(1315,14,'Updated 2022 AWPB template',1621374114,'::1','Mozilla/5.0 (Windows NT 10.0; Win64; x64) AppleWebKit/537.36 (KHTML, like Gecko) Chrome/90.0.4430.212 Safari/537.36 Edg/90.0.818.62'),(1316,14,'Updated 2022 AWPB template',1621374181,'::1','Mozilla/5.0 (Windows NT 10.0; Win64; x64) AppleWebKit/537.36 (KHTML, like Gecko) Chrome/90.0.4430.212 Safari/537.36 Edg/90.0.818.62'),(1317,14,'Updated 2022 AWPB template',1621374546,'::1','Mozilla/5.0 (Windows NT 10.0; Win64; x64) AppleWebKit/537.36 (KHTML, like Gecko) Chrome/90.0.4430.212 Safari/537.36 Edg/90.0.818.62'),(1318,14,'Updated 2022 AWPB template',1621374649,'::1','Mozilla/5.0 (Windows NT 10.0; Win64; x64) AppleWebKit/537.36 (KHTML, like Gecko) Chrome/90.0.4430.212 Safari/537.36 Edg/90.0.818.62'),(1319,14,'Updated 2022 AWPB template',1621374824,'::1','Mozilla/5.0 (Windows NT 10.0; Win64; x64) AppleWebKit/537.36 (KHTML, like Gecko) Chrome/90.0.4430.212 Safari/537.36 Edg/90.0.818.62'),(1320,14,'Updated 2022 AWPB template',1621375046,'::1','Mozilla/5.0 (Windows NT 10.0; Win64; x64) AppleWebKit/537.36 (KHTML, like Gecko) Chrome/90.0.4430.212 Safari/537.36 Edg/90.0.818.62'),(1321,14,'Updated 2022 AWPB template',1621375056,'::1','Mozilla/5.0 (Windows NT 10.0; Win64; x64) AppleWebKit/537.36 (KHTML, like Gecko) Chrome/90.0.4430.212 Safari/537.36 Edg/90.0.818.62'),(1322,14,'Updated 2022 AWPB template',1621375065,'::1','Mozilla/5.0 (Windows NT 10.0; Win64; x64) AppleWebKit/537.36 (KHTML, like Gecko) Chrome/90.0.4430.212 Safari/537.36 Edg/90.0.818.62'),(1323,14,'Updated 2022 AWPB template',1621375486,'::1','Mozilla/5.0 (Windows NT 10.0; Win64; x64) AppleWebKit/537.36 (KHTML, like Gecko) Chrome/90.0.4430.212 Safari/537.36 Edg/90.0.818.62'),(1324,14,'Updated 2022 AWPB template',1621375500,'::1','Mozilla/5.0 (Windows NT 10.0; Win64; x64) AppleWebKit/537.36 (KHTML, like Gecko) Chrome/90.0.4430.212 Safari/537.36 Edg/90.0.818.62'),(1325,14,'Updated 2022 AWPB template',1621375725,'::1','Mozilla/5.0 (Windows NT 10.0; Win64; x64) AppleWebKit/537.36 (KHTML, like Gecko) Chrome/90.0.4430.212 Safari/537.36'),(1326,14,'Updated 2022 AWPB template',1621375882,'::1','Mozilla/5.0 (Windows NT 10.0; Win64; x64) AppleWebKit/537.36 (KHTML, like Gecko) Chrome/90.0.4430.212 Safari/537.36'),(1327,14,'Updated 2022 AWPB template',1621376141,'::1','Mozilla/5.0 (Windows NT 10.0; Win64; x64) AppleWebKit/537.36 (KHTML, like Gecko) Chrome/90.0.4430.212 Safari/537.36'),(1328,14,'Updated 2022 AWPB template',1621376278,'::1','Mozilla/5.0 (Windows NT 10.0; Win64; x64) AppleWebKit/537.36 (KHTML, like Gecko) Chrome/90.0.4430.212 Safari/537.36'),(1329,14,'Updated 2022 AWPB template',1621376278,'::1','Mozilla/5.0 (Windows NT 10.0; Win64; x64) AppleWebKit/537.36 (KHTML, like Gecko) Chrome/90.0.4430.212 Safari/537.36'),(1330,14,'Updated 2022 AWPB template',1621376446,'::1','Mozilla/5.0 (Windows NT 10.0; Win64; x64) AppleWebKit/537.36 (KHTML, like Gecko) Chrome/90.0.4430.212 Safari/537.36'),(1331,14,'Updated 2022 AWPB template',1621376608,'::1','Mozilla/5.0 (Windows NT 10.0; Win64; x64) AppleWebKit/537.36 (KHTML, like Gecko) Chrome/90.0.4430.212 Safari/537.36'),(1332,14,'Updated 2022 AWPB template',1621376714,'::1','Mozilla/5.0 (Windows NT 10.0; Win64; x64) AppleWebKit/537.36 (KHTML, like Gecko) Chrome/90.0.4430.212 Safari/537.36'),(1333,14,'Updated 2022 AWPB template',1621377151,'::1','Mozilla/5.0 (Windows NT 10.0; Win64; x64) AppleWebKit/537.36 (KHTML, like Gecko) Chrome/90.0.4430.212 Safari/537.36'),(1334,14,'Updated 2022 AWPB template',1621377190,'::1','Mozilla/5.0 (Windows NT 10.0; Win64; x64) AppleWebKit/537.36 (KHTML, like Gecko) Chrome/90.0.4430.212 Safari/537.36'),(1335,14,'Updated 2022 AWPB template',1621377640,'::1','Mozilla/5.0 (Windows NT 10.0; Win64; x64) AppleWebKit/537.36 (KHTML, like Gecko) Chrome/90.0.4430.212 Safari/537.36'),(1336,14,'Updated 2022 AWPB template',1621379098,'::1','Mozilla/5.0 (Windows NT 10.0; Win64; x64) AppleWebKit/537.36 (KHTML, like Gecko) Chrome/90.0.4430.212 Safari/537.36'),(1337,14,'Updated 2022 AWPB template',1621379168,'::1','Mozilla/5.0 (Windows NT 10.0; Win64; x64) AppleWebKit/537.36 (KHTML, like Gecko) Chrome/90.0.4430.212 Safari/537.36'),(1338,14,'Updated 2022 AWPB template',1621379230,'::1','Mozilla/5.0 (Windows NT 10.0; Win64; x64) AppleWebKit/537.36 (KHTML, like Gecko) Chrome/90.0.4430.212 Safari/537.36'),(1339,14,'Updated 2022 AWPB template',1621379305,'::1','Mozilla/5.0 (Windows NT 10.0; Win64; x64) AppleWebKit/537.36 (KHTML, like Gecko) Chrome/90.0.4430.212 Safari/537.36'),(1340,14,'Updated 2022 AWPB template',1621379377,'::1','Mozilla/5.0 (Windows NT 10.0; Win64; x64) AppleWebKit/537.36 (KHTML, like Gecko) Chrome/90.0.4430.212 Safari/537.36'),(1341,14,'Updated 2022 AWPB template',1621379457,'::1','Mozilla/5.0 (Windows NT 10.0; Win64; x64) AppleWebKit/537.36 (KHTML, like Gecko) Chrome/90.0.4430.212 Safari/537.36'),(1342,14,'Updated 2022 AWPB template',1621379663,'::1','Mozilla/5.0 (Windows NT 10.0; Win64; x64) AppleWebKit/537.36 (KHTML, like Gecko) Chrome/90.0.4430.212 Safari/537.36'),(1343,14,'Updated 2022 AWPB template',1621379691,'::1','Mozilla/5.0 (Windows NT 10.0; Win64; x64) AppleWebKit/537.36 (KHTML, like Gecko) Chrome/90.0.4430.212 Safari/537.36'),(1344,14,'Updated 2022 AWPB template',1621379806,'::1','Mozilla/5.0 (Windows NT 10.0; Win64; x64) AppleWebKit/537.36 (KHTML, like Gecko) Chrome/90.0.4430.212 Safari/537.36'),(1345,14,'Updated 2022 AWPB template',1621379992,'::1','Mozilla/5.0 (Windows NT 10.0; Win64; x64) AppleWebKit/537.36 (KHTML, like Gecko) Chrome/90.0.4430.212 Safari/537.36'),(1346,14,'Updated 2022 AWPB template',1621380002,'::1','Mozilla/5.0 (Windows NT 10.0; Win64; x64) AppleWebKit/537.36 (KHTML, like Gecko) Chrome/90.0.4430.212 Safari/537.36'),(1347,14,'Updated 2022 AWPB template',1621380461,'::1','Mozilla/5.0 (Windows NT 10.0; Win64; x64) AppleWebKit/537.36 (KHTML, like Gecko) Chrome/90.0.4430.212 Safari/537.36'),(1348,14,'Updated 2022 AWPB template',1621380523,'::1','Mozilla/5.0 (Windows NT 10.0; Win64; x64) AppleWebKit/537.36 (KHTML, like Gecko) Chrome/90.0.4430.212 Safari/537.36'),(1349,14,'Updated 2022 AWPB template',1621381068,'::1','Mozilla/5.0 (Windows NT 10.0; Win64; x64) AppleWebKit/537.36 (KHTML, like Gecko) Chrome/90.0.4430.212 Safari/537.36'),(1350,14,'Updated 2022 AWPB template',1621381078,'::1','Mozilla/5.0 (Windows NT 10.0; Win64; x64) AppleWebKit/537.36 (KHTML, like Gecko) Chrome/90.0.4430.212 Safari/537.36'),(1351,14,'Updated 2022 AWPB template',1621381147,'::1','Mozilla/5.0 (Windows NT 10.0; Win64; x64) AppleWebKit/537.36 (KHTML, like Gecko) Chrome/90.0.4430.212 Safari/537.36'),(1352,14,'Updated 2022 fiscal year',1621556497,'::1','Mozilla/5.0 (Windows NT 10.0; Win64; x64) AppleWebKit/537.36 (KHTML, like Gecko) Chrome/90.0.4430.212 Safari/537.36'),(1353,14,'Updated 2022 fiscal year',1621556507,'::1','Mozilla/5.0 (Windows NT 10.0; Win64; x64) AppleWebKit/537.36 (KHTML, like Gecko) Chrome/90.0.4430.212 Safari/537.36'),(1354,14,'Downloaded FaaBS training attendance sheet',1621593305,'::1','Mozilla/5.0 (Windows NT 10.0; Win64; x64) AppleWebKit/537.36 (KHTML, like Gecko) Chrome/90.0.4430.212 Safari/537.36'),(1355,14,'Update role Administrator',1621599103,'::1','Mozilla/5.0 (Windows NT 10.0; Win64; x64) AppleWebKit/537.36 (KHTML, like Gecko) Chrome/90.0.4430.212 Safari/537.36'),(1356,14,'Updated 2022 fiscal year',1621758431,'::1','Mozilla/5.0 (Windows NT 10.0; Win64; x64) AppleWebKit/537.36 (KHTML, like Gecko) Chrome/90.0.4430.212 Safari/537.36'),(1357,14,'Update role Administrator',1621783259,'::1','Mozilla/5.0 (Windows NT 10.0; Win64; x64) AppleWebKit/537.36 (KHTML, like Gecko) Chrome/90.0.4430.212 Safari/537.36'),(1358,14,'Added story of change: My Test',1621783354,'::1','Mozilla/5.0 (Windows NT 10.0; Win64; x64) AppleWebKit/537.36 (KHTML, like Gecko) Chrome/90.0.4430.212 Safari/537.36'),(1359,14,'Exported Story of change:My Test to pdf',1621928749,'::1','Mozilla/5.0 (Windows NT 10.0; Win64; x64) AppleWebKit/537.36 (KHTML, like Gecko) Chrome/90.0.4430.212 Safari/537.36'),(1360,14,'Added template : 2019',1621939470,'::1','Mozilla/5.0 (Windows NT 10.0; Win64; x64) AppleWebKit/537.36 (KHTML, like Gecko) Chrome/90.0.4430.212 Safari/537.36'),(1361,14,'2019 Budget guideline was downloaded',1621948419,'::1','Mozilla/5.0 (Windows NT 10.0; Win64; x64) AppleWebKit/537.36 (KHTML, like Gecko) Chrome/90.0.4430.212 Safari/537.36'),(1362,14,'2019 Budget guideline was downloaded',1621948448,'::1','Mozilla/5.0 (Windows NT 10.0; Win64; x64) AppleWebKit/537.36 (KHTML, like Gecko) Chrome/90.0.4430.212 Safari/537.36'),(1363,14,'2019 Budget guideline was downloaded',1621948566,'::1','Mozilla/5.0 (Windows NT 10.0; Win64; x64) AppleWebKit/537.36 (KHTML, like Gecko) Chrome/90.0.4430.212 Safari/537.36'),(1364,14,'2019 Budget guideline was downloaded',1621948581,'::1','Mozilla/5.0 (Windows NT 10.0; Win64; x64) AppleWebKit/537.36 (KHTML, like Gecko) Chrome/90.0.4430.212 Safari/537.36'),(1365,14,'2019 Budget guideline was downloaded',1621949857,'::1','Mozilla/5.0 (Windows NT 10.0; Win64; x64) AppleWebKit/537.36 (KHTML, like Gecko) Chrome/90.0.4430.212 Safari/537.36'),(1366,14,'2019 Budget guideline was downloaded',1621949971,'::1','Mozilla/5.0 (Windows NT 10.0; Win64; x64) AppleWebKit/537.36 (KHTML, like Gecko) Chrome/90.0.4430.212 Safari/537.36'),(1367,14,'2019 Budget guideline was downloaded',1621950037,'::1','Mozilla/5.0 (Windows NT 10.0; Win64; x64) AppleWebKit/537.36 (KHTML, like Gecko) Chrome/90.0.4430.212 Safari/537.36'),(1368,14,'2019 Budget guideline was downloaded',1621950131,'::1','Mozilla/5.0 (Windows NT 10.0; Win64; x64) AppleWebKit/537.36 (KHTML, like Gecko) Chrome/90.0.4430.212 Safari/537.36'),(1369,14,'2019 Budget guideline was downloaded',1621950160,'::1','Mozilla/5.0 (Windows NT 10.0; Win64; x64) AppleWebKit/537.36 (KHTML, like Gecko) Chrome/90.0.4430.212 Safari/537.36'),(1370,14,'2019 Budget guideline was downloaded',1621950245,'::1','Mozilla/5.0 (Windows NT 10.0; Win64; x64) AppleWebKit/537.36 (KHTML, like Gecko) Chrome/90.0.4430.212 Safari/537.36'),(1371,14,'2019 Budget guideline was downloaded',1621950351,'::1','Mozilla/5.0 (Windows NT 10.0; Win64; x64) AppleWebKit/537.36 (KHTML, like Gecko) Chrome/90.0.4430.212 Safari/537.36'),(1372,14,'2019 Budget guideline was downloaded',1621950479,'::1','Mozilla/5.0 (Windows NT 10.0; Win64; x64) AppleWebKit/537.36 (KHTML, like Gecko) Chrome/90.0.4430.212 Safari/537.36'),(1373,14,'2019 Budget guideline was downloaded',1621950687,'::1','Mozilla/5.0 (Windows NT 10.0; Win64; x64) AppleWebKit/537.36 (KHTML, like Gecko) Chrome/90.0.4430.212 Safari/537.36'),(1374,14,'2019 Budget guideline was downloaded',1621950785,'::1','Mozilla/5.0 (Windows NT 10.0; Win64; x64) AppleWebKit/537.36 (KHTML, like Gecko) Chrome/90.0.4430.212 Safari/537.36'),(1375,14,'2019 Budget guideline was downloaded',1621950792,'::1','Mozilla/5.0 (Windows NT 10.0; Win64; x64) AppleWebKit/537.36 (KHTML, like Gecko) Chrome/90.0.4430.212 Safari/537.36'),(1376,14,'2019 Budget guideline was downloaded',1621950806,'::1','Mozilla/5.0 (Windows NT 10.0; Win64; x64) AppleWebKit/537.36 (KHTML, like Gecko) Chrome/90.0.4430.212 Safari/537.36'),(1377,14,'2019 Budget guideline was downloaded',1621950884,'::1','Mozilla/5.0 (Windows NT 10.0; Win64; x64) AppleWebKit/537.36 (KHTML, like Gecko) Chrome/90.0.4430.212 Safari/537.36'),(1378,14,'2019 Budget guideline was downloaded',1621950888,'::1','Mozilla/5.0 (Windows NT 10.0; Win64; x64) AppleWebKit/537.36 (KHTML, like Gecko) Chrome/90.0.4430.212 Safari/537.36'),(1379,14,'2019 Budget guideline was downloaded',1621950902,'::1','Mozilla/5.0 (Windows NT 10.0; Win64; x64) AppleWebKit/537.36 (KHTML, like Gecko) Chrome/90.0.4430.212 Safari/537.36'),(1380,14,'2019 Budget guideline was downloaded',1621950991,'::1','Mozilla/5.0 (Windows NT 10.0; Win64; x64) AppleWebKit/537.36 (KHTML, like Gecko) Chrome/90.0.4430.212 Safari/537.36'),(1381,14,'2019 Budget guideline was downloaded',1621951100,'::1','Mozilla/5.0 (Windows NT 10.0; Win64; x64) AppleWebKit/537.36 (KHTML, like Gecko) Chrome/90.0.4430.212 Safari/537.36'),(1382,14,'2019 Budget guideline was downloaded',1621951401,'::1','Mozilla/5.0 (Windows NT 10.0; Win64; x64) AppleWebKit/537.36 (KHTML, like Gecko) Chrome/90.0.4430.212 Safari/537.36'),(1383,14,'2019 Budget guideline was downloaded',1621951788,'::1','Mozilla/5.0 (Windows NT 10.0; Win64; x64) AppleWebKit/537.36 (KHTML, like Gecko) Chrome/90.0.4430.212 Safari/537.36'),(1384,14,'Added story of change media: Completed Interview guide',1621951888,'::1','Mozilla/5.0 (Windows NT 10.0; Win64; x64) AppleWebKit/537.36 (KHTML, like Gecko) Chrome/90.0.4430.212 Safari/537.36'),(1385,14,'Completed interview guide template was downloaded',1621951907,'::1','Mozilla/5.0 (Windows NT 10.0; Win64; x64) AppleWebKit/537.36 (KHTML, like Gecko) Chrome/90.0.4430.212 Safari/537.36'),(1386,14,'2019 AWPB guideline file uploaded. ',1621961970,'::1','Mozilla/5.0 (Windows NT 10.0; Win64; x64) AppleWebKit/537.36 (KHTML, like Gecko) Chrome/90.0.4430.212 Safari/537.36 Edg/90.0.818.66'),(1387,14,'2019 AWPB guideline file uploaded. ',1621962301,'::1','Mozilla/5.0 (Windows NT 10.0; Win64; x64) AppleWebKit/537.36 (KHTML, like Gecko) Chrome/90.0.4430.212 Safari/537.36 Edg/90.0.818.66'),(1388,14,'Updated 2019 fiscal year',1621970772,'::1','Mozilla/5.0 (Windows NT 10.0; Win64; x64) AppleWebKit/537.36 (KHTML, like Gecko) Chrome/90.0.4430.212 Safari/537.36 Edg/90.0.818.66'),(1389,14,'Updated 2019 fiscal year',1621976958,'::1','Mozilla/5.0 (Windows NT 10.0; Win64; x64) AppleWebKit/537.36 (KHTML, like Gecko) Chrome/90.0.4430.212 Safari/537.36 Edg/90.0.818.66'),(1390,14,'Updated 2019 fiscal year',1621976958,'::1','Mozilla/5.0 (Windows NT 10.0; Win64; x64) AppleWebKit/537.36 (KHTML, like Gecko) Chrome/90.0.4430.212 Safari/537.36 Edg/90.0.818.66'),(1391,14,'Updated 2019 fiscal year',1621977081,'::1','Mozilla/5.0 (Windows NT 10.0; Win64; x64) AppleWebKit/537.36 (KHTML, like Gecko) Chrome/90.0.4430.212 Safari/537.36 Edg/90.0.818.66'),(1392,14,'Updated 2019 fiscal year',1621977135,'::1','Mozilla/5.0 (Windows NT 10.0; Win64; x64) AppleWebKit/537.36 (KHTML, like Gecko) Chrome/90.0.4430.212 Safari/537.36 Edg/90.0.818.66'),(1393,14,'Updated 2019 fiscal year',1621977403,'::1','Mozilla/5.0 (Windows NT 10.0; Win64; x64) AppleWebKit/537.36 (KHTML, like Gecko) Chrome/90.0.4430.212 Safari/537.36 Edg/90.0.818.66'),(1394,14,'Updated 2019 fiscal year',1621977414,'::1','Mozilla/5.0 (Windows NT 10.0; Win64; x64) AppleWebKit/537.36 (KHTML, like Gecko) Chrome/90.0.4430.212 Safari/537.36 Edg/90.0.818.66'),(1395,14,'Updated 2019 fiscal year',1621977504,'::1','Mozilla/5.0 (Windows NT 10.0; Win64; x64) AppleWebKit/537.36 (KHTML, like Gecko) Chrome/90.0.4430.212 Safari/537.36 Edg/90.0.818.66'),(1396,14,'Updated 2019 fiscal year',1622022177,'::1','Mozilla/5.0 (Windows NT 10.0; Win64; x64) AppleWebKit/537.36 (KHTML, like Gecko) Chrome/90.0.4430.212 Safari/537.36 Edg/90.0.818.66'),(1397,14,'Updated 2019 fiscal year',1622023591,'::1','Mozilla/5.0 (Windows NT 10.0; Win64; x64) AppleWebKit/537.36 (KHTML, like Gecko) Chrome/90.0.4430.212 Safari/537.36 Edg/90.0.818.66'),(1398,14,'Updated 2019 fiscal year',1622023845,'::1','Mozilla/5.0 (Windows NT 10.0; Win64; x64) AppleWebKit/537.36 (KHTML, like Gecko) Chrome/90.0.4430.212 Safari/537.36 Edg/90.0.818.66'),(1399,14,'Updated 2019 fiscal year',1622024081,'::1','Mozilla/5.0 (Windows NT 10.0; Win64; x64) AppleWebKit/537.36 (KHTML, like Gecko) Chrome/90.0.4430.212 Safari/537.36 Edg/90.0.818.66'),(1400,14,'Updated 2019 fiscal year',1622024149,'::1','Mozilla/5.0 (Windows NT 10.0; Win64; x64) AppleWebKit/537.36 (KHTML, like Gecko) Chrome/90.0.4430.212 Safari/537.36 Edg/90.0.818.66'),(1401,14,'Updated 2019 fiscal year',1622024161,'::1','Mozilla/5.0 (Windows NT 10.0; Win64; x64) AppleWebKit/537.36 (KHTML, like Gecko) Chrome/90.0.4430.212 Safari/537.36 Edg/90.0.818.66'),(1402,14,'Updated 2019 fiscal year',1622024224,'::1','Mozilla/5.0 (Windows NT 10.0; Win64; x64) AppleWebKit/537.36 (KHTML, like Gecko) Chrome/90.0.4430.212 Safari/537.36 Edg/90.0.818.66'),(1403,14,'Updated 2019 fiscal year',1622024655,'::1','Mozilla/5.0 (Windows NT 10.0; Win64; x64) AppleWebKit/537.36 (KHTML, like Gecko) Chrome/90.0.4430.212 Safari/537.36 Edg/90.0.818.66'),(1404,14,'Updated 2019 fiscal year',1622024694,'::1','Mozilla/5.0 (Windows NT 10.0; Win64; x64) AppleWebKit/537.36 (KHTML, like Gecko) Chrome/90.0.4430.212 Safari/537.36 Edg/90.0.818.66'),(1405,14,'Updated 2019 fiscal year',1622027120,'::1','Mozilla/5.0 (Windows NT 10.0; Win64; x64) AppleWebKit/537.36 (KHTML, like Gecko) Chrome/90.0.4430.212 Safari/537.36 Edg/90.0.818.66'),(1406,14,'Updated 2019 fiscal year',1622032741,'::1','Mozilla/5.0 (Windows NT 10.0; Win64; x64) AppleWebKit/537.36 (KHTML, like Gecko) Chrome/90.0.4430.212 Safari/537.36 Edg/90.0.818.66'),(1407,14,'Updated 2019 fiscal year',1622035468,'::1','Mozilla/5.0 (Windows NT 10.0; Win64; x64) AppleWebKit/537.36 (KHTML, like Gecko) Chrome/90.0.4430.212 Safari/537.36 Edg/90.0.818.66'),(1408,14,'Updated 2019 AWPB user list',1622143229,'::1','Mozilla/5.0 (Windows NT 10.0; Win64; x64) AppleWebKit/537.36 (KHTML, like Gecko) Chrome/90.0.4430.212 Safari/537.36 Edg/90.0.818.66'),(1409,14,'Updated 2019 AWPB user list',1622143278,'::1','Mozilla/5.0 (Windows NT 10.0; Win64; x64) AppleWebKit/537.36 (KHTML, like Gecko) Chrome/90.0.4430.212 Safari/537.36 Edg/90.0.818.66'),(1410,14,'Updated 2019 AWPB user list',1622143278,'::1','Mozilla/5.0 (Windows NT 10.0; Win64; x64) AppleWebKit/537.36 (KHTML, like Gecko) Chrome/90.0.4430.212 Safari/537.36 Edg/90.0.818.66'),(1411,14,'Updated 2019 AWPB user list',1622143829,'::1','Mozilla/5.0 (Windows NT 10.0; Win64; x64) AppleWebKit/537.36 (KHTML, like Gecko) Chrome/90.0.4430.212 Safari/537.36 Edg/90.0.818.66'),(1412,14,'Updated 2019 AWPB user list',1622144040,'::1','Mozilla/5.0 (Windows NT 10.0; Win64; x64) AppleWebKit/537.36 (KHTML, like Gecko) Chrome/90.0.4430.212 Safari/537.36 Edg/90.0.818.66'),(1413,14,'Updated 2019 AWPB user list',1622144189,'::1','Mozilla/5.0 (Windows NT 10.0; Win64; x64) AppleWebKit/537.36 (KHTML, like Gecko) Chrome/90.0.4430.212 Safari/537.36 Edg/90.0.818.66'),(1414,14,'Updated 2019 AWPB user list',1622144243,'::1','Mozilla/5.0 (Windows NT 10.0; Win64; x64) AppleWebKit/537.36 (KHTML, like Gecko) Chrome/90.0.4430.212 Safari/537.36 Edg/90.0.818.66'),(1415,14,'Updated 2019 AWPB user list',1622144271,'::1','Mozilla/5.0 (Windows NT 10.0; Win64; x64) AppleWebKit/537.36 (KHTML, like Gecko) Chrome/90.0.4430.212 Safari/537.36 Edg/90.0.818.66'),(1416,14,'Updated 2019 AWPB user list',1622144766,'::1','Mozilla/5.0 (Windows NT 10.0; Win64; x64) AppleWebKit/537.36 (KHTML, like Gecko) Chrome/90.0.4430.212 Safari/537.36 Edg/90.0.818.66'),(1417,14,'Updated 2019 AWPB user list',1622144947,'::1','Mozilla/5.0 (Windows NT 10.0; Win64; x64) AppleWebKit/537.36 (KHTML, like Gecko) Chrome/90.0.4430.212 Safari/537.36 Edg/90.0.818.66'),(1418,14,'Updated 2019 AWPB user list',1622145032,'::1','Mozilla/5.0 (Windows NT 10.0; Win64; x64) AppleWebKit/537.36 (KHTML, like Gecko) Chrome/90.0.4430.212 Safari/537.36 Edg/90.0.818.66'),(1419,14,'Updated 2019 AWPB user list',1622145061,'::1','Mozilla/5.0 (Windows NT 10.0; Win64; x64) AppleWebKit/537.36 (KHTML, like Gecko) Chrome/90.0.4430.212 Safari/537.36 Edg/90.0.818.66'),(1420,14,'Updated 2019 AWPB user list',1622145095,'::1','Mozilla/5.0 (Windows NT 10.0; Win64; x64) AppleWebKit/537.36 (KHTML, like Gecko) Chrome/90.0.4430.212 Safari/537.36 Edg/90.0.818.66'),(1421,14,'Updated 2019 AWPB user list',1622145287,'::1','Mozilla/5.0 (Windows NT 10.0; Win64; x64) AppleWebKit/537.36 (KHTML, like Gecko) Chrome/90.0.4430.212 Safari/537.36 Edg/90.0.818.66'),(1422,14,'Updated 2019 AWPB user list',1622145502,'::1','Mozilla/5.0 (Windows NT 10.0; Win64; x64) AppleWebKit/537.36 (KHTML, like Gecko) Chrome/90.0.4430.212 Safari/537.36 Edg/90.0.818.66'),(1423,14,'Updated 2019 AWPB user list',1622145721,'::1','Mozilla/5.0 (Windows NT 10.0; Win64; x64) AppleWebKit/537.36 (KHTML, like Gecko) Chrome/90.0.4430.212 Safari/537.36 Edg/90.0.818.66'),(1424,14,'Updated 2019 AWPB user list',1622145779,'::1','Mozilla/5.0 (Windows NT 10.0; Win64; x64) AppleWebKit/537.36 (KHTML, like Gecko) Chrome/90.0.4430.212 Safari/537.36 Edg/90.0.818.66'),(1425,14,'Updated 2019 AWPB user list',1622145853,'::1','Mozilla/5.0 (Windows NT 10.0; Win64; x64) AppleWebKit/537.36 (KHTML, like Gecko) Chrome/90.0.4430.212 Safari/537.36 Edg/90.0.818.66'),(1426,14,'Updated 2019 AWPB user list',1622146428,'::1','Mozilla/5.0 (Windows NT 10.0; Win64; x64) AppleWebKit/537.36 (KHTML, like Gecko) Chrome/90.0.4430.212 Safari/537.36 Edg/90.0.818.66'),(1427,14,'Updated 2019 AWPB user list',1622146520,'::1','Mozilla/5.0 (Windows NT 10.0; Win64; x64) AppleWebKit/537.36 (KHTML, like Gecko) Chrome/90.0.4430.212 Safari/537.36 Edg/90.0.818.66'),(1428,14,'Updated 2019 AWPB user list',1622146734,'::1','Mozilla/5.0 (Windows NT 10.0; Win64; x64) AppleWebKit/537.36 (KHTML, like Gecko) Chrome/90.0.4430.212 Safari/537.36 Edg/90.0.818.66'),(1429,14,'Updated 2019 AWPB user list',1622147090,'::1','Mozilla/5.0 (Windows NT 10.0; Win64; x64) AppleWebKit/537.36 (KHTML, like Gecko) Chrome/90.0.4430.212 Safari/537.36 Edg/90.0.818.66'),(1430,14,'Updated 2019 AWPB user list',1622148071,'::1','Mozilla/5.0 (Windows NT 10.0; Win64; x64) AppleWebKit/537.36 (KHTML, like Gecko) Chrome/90.0.4430.212 Safari/537.36 Edg/90.0.818.66'),(1431,14,'Updated 2019 AWPB user list',1622148617,'::1','Mozilla/5.0 (Windows NT 10.0; Win64; x64) AppleWebKit/537.36 (KHTML, like Gecko) Chrome/90.0.4430.212 Safari/537.36 Edg/90.0.818.66'),(1432,14,'Updated 2019 AWPB user list',1622151071,'::1','Mozilla/5.0 (Windows NT 10.0; Win64; x64) AppleWebKit/537.36 (KHTML, like Gecko) Chrome/90.0.4430.212 Safari/537.36 Edg/90.0.818.66'),(1433,14,'Updated 2019 AWPB user list',1622154077,'::1','Mozilla/5.0 (Windows NT 10.0; Win64; x64) AppleWebKit/537.36 (KHTML, like Gecko) Chrome/90.0.4430.212 Safari/537.36 Edg/90.0.818.66'),(1434,14,'Updated 2019 AWPB user list',1622154329,'::1','Mozilla/5.0 (Windows NT 10.0; Win64; x64) AppleWebKit/537.36 (KHTML, like Gecko) Chrome/90.0.4430.212 Safari/537.36 Edg/90.0.818.66'),(1435,14,'Updated 2019 AWPB user list',1622154351,'::1','Mozilla/5.0 (Windows NT 10.0; Win64; x64) AppleWebKit/537.36 (KHTML, like Gecko) Chrome/90.0.4430.212 Safari/537.36 Edg/90.0.818.66'),(1436,14,'Updated 2019 fiscal year',1622154808,'::1','Mozilla/5.0 (Windows NT 10.0; Win64; x64) AppleWebKit/537.36 (KHTML, like Gecko) Chrome/90.0.4430.212 Safari/537.36 Edg/90.0.818.66'),(1437,14,'Updated 2019 AWPB user list',1622156510,'::1','Mozilla/5.0 (Windows NT 10.0; Win64; x64) AppleWebKit/537.36 (KHTML, like Gecko) Chrome/90.0.4430.212 Safari/537.36 Edg/90.0.818.66'),(1438,14,'Published  \'2019 AWPB Template',1622159640,'::1','Mozilla/5.0 (Windows NT 10.0; Win64; x64) AppleWebKit/537.36 (KHTML, like Gecko) Chrome/90.0.4430.212 Safari/537.36 Edg/90.0.818.66'),(1439,14,'Published  \'2019 AWPB Template',1622159839,'::1','Mozilla/5.0 (Windows NT 10.0; Win64; x64) AppleWebKit/537.36 (KHTML, like Gecko) Chrome/90.0.4430.212 Safari/537.36 Edg/90.0.818.66'),(1440,14,'Published  \'2019 AWPB Template',1622159890,'::1','Mozilla/5.0 (Windows NT 10.0; Win64; x64) AppleWebKit/537.36 (KHTML, like Gecko) Chrome/90.0.4430.212 Safari/537.36 Edg/90.0.818.66'),(1441,14,'Published  \'2019 AWPB Template',1622159997,'::1','Mozilla/5.0 (Windows NT 10.0; Win64; x64) AppleWebKit/537.36 (KHTML, like Gecko) Chrome/90.0.4430.212 Safari/537.36 Edg/90.0.818.66'),(1442,14,'Published  \'2019 AWPB Template',1622160055,'::1','Mozilla/5.0 (Windows NT 10.0; Win64; x64) AppleWebKit/537.36 (KHTML, like Gecko) Chrome/90.0.4430.212 Safari/537.36 Edg/90.0.818.66'),(1443,14,'Published  \'2019 AWPB Template',1622160352,'::1','Mozilla/5.0 (Windows NT 10.0; Win64; x64) AppleWebKit/537.36 (KHTML, like Gecko) Chrome/90.0.4430.212 Safari/537.36 Edg/90.0.818.66'),(1444,14,'Published  \'2019 AWPB Template',1622160392,'::1','Mozilla/5.0 (Windows NT 10.0; Win64; x64) AppleWebKit/537.36 (KHTML, like Gecko) Chrome/90.0.4430.212 Safari/537.36 Edg/90.0.818.66'),(1445,14,'Published  \'2019 AWPB Template',1622160762,'::1','Mozilla/5.0 (Windows NT 10.0; Win64; x64) AppleWebKit/537.36 (KHTML, like Gecko) Chrome/90.0.4430.212 Safari/537.36 Edg/90.0.818.66'),(1446,14,'Update role Budget Committee Programme-Wide',1622203136,'::1','Mozilla/5.0 (Windows NT 10.0; Win64; x64) AppleWebKit/537.36 (KHTML, like Gecko) Chrome/90.0.4430.212 Safari/537.36'),(1447,14,'Updated 2019 fiscal year',1622204085,'::1','Mozilla/5.0 (Windows NT 10.0; Win64; x64) AppleWebKit/537.36 (KHTML, like Gecko) Chrome/90.0.4430.212 Safari/537.36'),(1448,14,'Added component : Sustainable Agribusiness Partnerships	',1622208929,'::1','Mozilla/5.0 (Windows NT 10.0; Win64; x64) AppleWebKit/537.36 (KHTML, like Gecko) Chrome/90.0.4430.212 Safari/537.36'),(1449,14,'Updated component: 1 - Enabling Environment for Agribusiness Development Growth',1622213174,'::1','Mozilla/5.0 (Windows NT 10.0; Win64; x64) AppleWebKit/537.36 (KHTML, like Gecko) Chrome/90.0.4430.212 Safari/537.36'),(1450,14,'Updated component: 1 - Enabling Environment for Agribusiness Development Growth',1622213516,'::1','Mozilla/5.0 (Windows NT 10.0; Win64; x64) AppleWebKit/537.36 (KHTML, like Gecko) Chrome/90.0.4430.212 Safari/537.36'),(1451,14,'Updated 2019 fiscal year',1622213728,'::1','Mozilla/5.0 (Windows NT 10.0; Win64; x64) AppleWebKit/537.36 (KHTML, like Gecko) Chrome/90.0.4430.212 Safari/537.36'),(1452,14,'Updated 2019 fiscal year',1622221991,'::1','Mozilla/5.0 (Windows NT 10.0; Win64; x64) AppleWebKit/537.36 (KHTML, like Gecko) Chrome/90.0.4430.212 Safari/537.36'),(1453,14,'Published  \'2019 AWPB Template',1622225682,'::1','Mozilla/5.0 (Windows NT 10.0; Win64; x64) AppleWebKit/537.36 (KHTML, like Gecko) Chrome/90.0.4430.212 Safari/537.36'),(1454,14,'Updated 2019 fiscal year',1622228174,'::1','Mozilla/5.0 (Windows NT 10.0; Win64; x64) AppleWebKit/537.36 (KHTML, like Gecko) Chrome/90.0.4430.212 Safari/537.36'),(1455,14,'Updated component: 1 - Enabling Environment for Agribusiness Development Growth',1622228337,'::1','Mozilla/5.0 (Windows NT 10.0; Win64; x64) AppleWebKit/537.36 (KHTML, like Gecko) Chrome/90.0.4430.212 Safari/537.36'),(1456,14,'Published  \'2019 AWPB Template',1622228369,'::1','Mozilla/5.0 (Windows NT 10.0; Win64; x64) AppleWebKit/537.36 (KHTML, like Gecko) Chrome/90.0.4430.212 Safari/537.36'),(1457,14,'Added component : Strategic Linkages of Graduating Subsistence Farmers to Markets',1622370991,'::1','Mozilla/5.0 (Windows NT 10.0; Win64; x64) AppleWebKit/537.36 (KHTML, like Gecko) Chrome/90.0.4430.212 Safari/537.36'),(1458,14,'Added activity : 2.1.A Activity 2.1.A',1622381978,'::1','Mozilla/5.0 (Windows NT 10.0; Win64; x64) AppleWebKit/537.36 (KHTML, like Gecko) Chrome/90.0.4430.212 Safari/537.36'),(1459,14,'Added activity : 2.1.A1 Activity 2.1.A1',1622386805,'::1','Mozilla/5.0 (Windows NT 10.0; Win64; x64) AppleWebKit/537.36 (KHTML, like Gecko) Chrome/90.0.4430.212 Safari/537.36'),(1460,14,'Updated 2019 fiscal year',1622565946,'::1','Mozilla/5.0 (Windows NT 10.0; Win64; x64) AppleWebKit/537.36 (KHTML, like Gecko) Chrome/91.0.4472.77 Safari/537.36 Edg/91.0.864.37'),(1461,14,'Published  \'2019 AWPB Template',1622565986,'::1','Mozilla/5.0 (Windows NT 10.0; Win64; x64) AppleWebKit/537.36 (KHTML, like Gecko) Chrome/91.0.4472.77 Safari/537.36 Edg/91.0.864.37'),(1462,14,'Updated 2019 fiscal year',1622573252,'::1','Mozilla/5.0 (Windows NT 10.0; Win64; x64) AppleWebKit/537.36 (KHTML, like Gecko) Chrome/91.0.4472.77 Safari/537.36 Edg/91.0.864.37'),(1463,14,'Published  \'2019 AWPB Template',1622573307,'::1','Mozilla/5.0 (Windows NT 10.0; Win64; x64) AppleWebKit/537.36 (KHTML, like Gecko) Chrome/91.0.4472.77 Safari/537.36 Edg/91.0.864.37'),(1464,14,'Added AWPB Indicator : 14',1622927123,'::1','Mozilla/5.0 (Windows NT 10.0; Win64; x64) AppleWebKit/537.36 (KHTML, like Gecko) Chrome/91.0.4472.77 Safari/537.36 Edg/91.0.864.37'),(1465,14,'Update role Administrator',1623359443,'::1','Mozilla/5.0 (Windows NT 10.0; Win64; x64) AppleWebKit/537.36 (KHTML, like Gecko) Chrome/91.0.4472.77 Safari/537.36 Edg/91.0.864.41'),(1466,14,'Added AWPB input : Test # 2',1623364697,'::1','Mozilla/5.0 (Windows NT 10.0; Win64; x64) AppleWebKit/537.36 (KHTML, like Gecko) Chrome/91.0.4472.77 Safari/537.36 Edg/91.0.864.41'),(1467,14,'Added AWPB input : Test # 3',1623365636,'::1','Mozilla/5.0 (Windows NT 10.0; Win64; x64) AppleWebKit/537.36 (KHTML, like Gecko) Chrome/91.0.4472.77 Safari/537.36 Edg/91.0.864.41'),(1468,14,'Added AWPB input : Test # 4',1623367381,'::1','Mozilla/5.0 (Windows NT 10.0; Win64; x64) AppleWebKit/537.36 (KHTML, like Gecko) Chrome/91.0.4472.77 Safari/537.36 Edg/91.0.864.41'),(1469,14,'Update AWPB Activitly Line : MM',1623493202,'::1','Mozilla/5.0 (Windows NT 10.0; Win64; x64) AppleWebKit/537.36 (KHTML, like Gecko) Chrome/91.0.4472.77 Safari/537.36 Edg/91.0.864.41'),(1470,14,'Update AWPB Indicator : MM : 59',1623493924,'::1','Mozilla/5.0 (Windows NT 10.0; Win64; x64) AppleWebKit/537.36 (KHTML, like Gecko) Chrome/91.0.4472.77 Safari/537.36 Edg/91.0.864.41'),(1471,14,'Update AWPB Input : Test',1623503505,'::1','Mozilla/5.0 (Windows NT 10.0; Win64; x64) AppleWebKit/537.36 (KHTML, like Gecko) Chrome/91.0.4472.77 Safari/537.36 Edg/91.0.864.41'),(1472,14,'Update AWPB Input : Test',1623503559,'::1','Mozilla/5.0 (Windows NT 10.0; Win64; x64) AppleWebKit/537.36 (KHTML, like Gecko) Chrome/91.0.4472.77 Safari/537.36 Edg/91.0.864.41'),(1473,14,'Update role Administrator',1623517112,'::1','Mozilla/5.0 (Windows NT 10.0; Win64; x64) AppleWebKit/537.36 (KHTML, like Gecko) Chrome/91.0.4472.77 Safari/537.36 Edg/91.0.864.41'),(1474,14,'Added AWPB input : Maize Seed # 5',1623537193,'::1','Mozilla/5.0 (Windows NT 10.0; Win64; x64) AppleWebKit/537.36 (KHTML, like Gecko) Chrome/91.0.4472.77 Safari/537.36 Edg/91.0.864.41'),(1475,14,'Added AWPB Indicator : 15',1623538161,'::1','Mozilla/5.0 (Windows NT 10.0; Win64; x64) AppleWebKit/537.36 (KHTML, like Gecko) Chrome/91.0.4472.77 Safari/537.36 Edg/91.0.864.41'),(1476,14,'Update AWPB Indicator : MM : 60',1623538800,'::1','Mozilla/5.0 (Windows NT 10.0; Win64; x64) AppleWebKit/537.36 (KHTML, like Gecko) Chrome/91.0.4472.77 Safari/537.36 Edg/91.0.864.41'),(1477,14,'Update AWPB Indicator : MM : 60',1623538815,'::1','Mozilla/5.0 (Windows NT 10.0; Win64; x64) AppleWebKit/537.36 (KHTML, like Gecko) Chrome/91.0.4472.77 Safari/537.36 Edg/91.0.864.41'),(1478,14,'Update AWPB Indicator : MM : 60',1623538924,'::1','Mozilla/5.0 (Windows NT 10.0; Win64; x64) AppleWebKit/537.36 (KHTML, like Gecko) Chrome/91.0.4472.77 Safari/537.36 Edg/91.0.864.41'),(1479,14,'Update AWPB Indicator : MM : 60',1623538969,'::1','Mozilla/5.0 (Windows NT 10.0; Win64; x64) AppleWebKit/537.36 (KHTML, like Gecko) Chrome/91.0.4472.77 Safari/537.36 Edg/91.0.864.41'),(1480,14,'Update AWPB Indicator : MM : 60',1623538988,'::1','Mozilla/5.0 (Windows NT 10.0; Win64; x64) AppleWebKit/537.36 (KHTML, like Gecko) Chrome/91.0.4472.77 Safari/537.36 Edg/91.0.864.41'),(1481,14,'Update AWPB Indicator : MM : 60',1623539020,'::1','Mozilla/5.0 (Windows NT 10.0; Win64; x64) AppleWebKit/537.36 (KHTML, like Gecko) Chrome/91.0.4472.77 Safari/537.36 Edg/91.0.864.41'),(1482,14,'Update AWPB Indicator : MM : 60',1623539086,'::1','Mozilla/5.0 (Windows NT 10.0; Win64; x64) AppleWebKit/537.36 (KHTML, like Gecko) Chrome/91.0.4472.77 Safari/537.36 Edg/91.0.864.41'),(1483,14,'Update AWPB Indicator : MM : 60',1623539123,'::1','Mozilla/5.0 (Windows NT 10.0; Win64; x64) AppleWebKit/537.36 (KHTML, like Gecko) Chrome/91.0.4472.77 Safari/537.36 Edg/91.0.864.41'),(1484,14,'Update AWPB Indicator : Number of Category A female farmers Mobi : 60',1623539297,'::1','Mozilla/5.0 (Windows NT 10.0; Win64; x64) AppleWebKit/537.36 (KHTML, like Gecko) Chrome/91.0.4472.77 Safari/537.36 Edg/91.0.864.41'),(1485,14,'Update AWPB: Number of Category A female farmers Mobi : 60',1623541786,'::1','Mozilla/5.0 (Windows NT 10.0; Win64; x64) AppleWebKit/537.36 (KHTML, like Gecko) Chrome/91.0.4472.77 Safari/537.36 Edg/91.0.864.41'),(1486,14,'Added AWPB input : D compound # 7',1623543996,'::1','Mozilla/5.0 (Windows NT 10.0; Win64; x64) AppleWebKit/537.36 (KHTML, like Gecko) Chrome/91.0.4472.77 Safari/537.36 Edg/91.0.864.41'),(1487,14,'Update AWPB: Number of Category A farmers mobilised : 59',1623545371,'::1','Mozilla/5.0 (Windows NT 10.0; Win64; x64) AppleWebKit/537.36 (KHTML, like Gecko) Chrome/91.0.4472.77 Safari/537.36 Edg/91.0.864.41'),(1488,14,'Submitted 59 : Number of Category A farmers mobilised',1623545961,'::1','Mozilla/5.0 (Windows NT 10.0; Win64; x64) AppleWebKit/537.36 (KHTML, like Gecko) Chrome/91.0.4472.77 Safari/537.36 Edg/91.0.864.41'),(1489,14,'Submitted 60 : Number of Category A female farmers Mobi',1623545961,'::1','Mozilla/5.0 (Windows NT 10.0; Win64; x64) AppleWebKit/537.36 (KHTML, like Gecko) Chrome/91.0.4472.77 Safari/537.36 Edg/91.0.864.41'),(1490,14,'Created user with email: district@esapp.org.zm',1623546364,'::1','Mozilla/5.0 (Windows NT 10.0; Win64; x64) AppleWebKit/537.36 (KHTML, like Gecko) Chrome/91.0.4472.77 Safari/537.36 Edg/91.0.864.41'),(1491,14,'Created role District',1623546651,'::1','Mozilla/5.0 (Windows NT 10.0; Win64; x64) AppleWebKit/537.36 (KHTML, like Gecko) Chrome/91.0.4472.77 Safari/537.36 Edg/91.0.864.41'),(1492,14,'Updated user details with email: district@esapp.org.zm',1623546681,'::1','Mozilla/5.0 (Windows NT 10.0; Win64; x64) AppleWebKit/537.36 (KHTML, like Gecko) Chrome/91.0.4472.77 Safari/537.36 Edg/91.0.864.41'),(1493,18,'Added AWPB Indicator : 17',1623546812,'::1','Mozilla/5.0 (Windows NT 10.0; Win64; x64) AppleWebKit/537.36 (KHTML, like Gecko) Chrome/91.0.4472.77 Safari/537.36 Edg/91.0.864.41'),(1494,18,'Added AWPB input : Groundnuts Seeds # 8',1623546865,'::1','Mozilla/5.0 (Windows NT 10.0; Win64; x64) AppleWebKit/537.36 (KHTML, like Gecko) Chrome/91.0.4472.77 Safari/537.36 Edg/91.0.864.41'),(1495,18,'Added AWPB input : Tractor High # 9',1623546908,'::1','Mozilla/5.0 (Windows NT 10.0; Win64; x64) AppleWebKit/537.36 (KHTML, like Gecko) Chrome/91.0.4472.77 Safari/537.36 Edg/91.0.864.41'),(1496,14,'Update role District',1623547122,'::1','Mozilla/5.0 (Windows NT 10.0; Win64; x64) AppleWebKit/537.36 (KHTML, like Gecko) Chrome/91.0.4472.77 Safari/537.36 Edg/91.0.864.41'),(1497,18,'Submitted 61 : Number of Category A Female Headed House',1623547158,'::1','Mozilla/5.0 (Windows NT 10.0; Win64; x64) AppleWebKit/537.36 (KHTML, like Gecko) Chrome/91.0.4472.77 Safari/537.36 Edg/91.0.864.41'),(1498,14,'Created role Provincial',1623547430,'::1','Mozilla/5.0 (Windows NT 10.0; Win64; x64) AppleWebKit/537.36 (KHTML, like Gecko) Chrome/91.0.4472.77 Safari/537.36 Edg/91.0.864.41'),(1499,14,'Updated user details with email: provincial@esapp.org.zm',1623547517,'::1','Mozilla/5.0 (Windows NT 10.0; Win64; x64) AppleWebKit/537.36 (KHTML, like Gecko) Chrome/91.0.4472.77 Safari/537.36 Edg/91.0.864.41'),(1500,18,'Update AWPB: Number of Category A Female Headed House : 61',1623550761,'::1','Mozilla/5.0 (Windows NT 10.0; Win64; x64) AppleWebKit/537.36 (KHTML, like Gecko) Chrome/91.0.4472.77 Safari/537.36 Edg/91.0.864.41'),(1501,18,'Update AWPB Input : Groundnuts Seeds',1623552016,'::1','Mozilla/5.0 (Windows NT 10.0; Win64; x64) AppleWebKit/537.36 (KHTML, like Gecko) Chrome/91.0.4472.77 Safari/537.36 Edg/91.0.864.41'),(1502,18,'Update AWPB Input : Groundnuts Seeds',1623552030,'::1','Mozilla/5.0 (Windows NT 10.0; Win64; x64) AppleWebKit/537.36 (KHTML, like Gecko) Chrome/91.0.4472.77 Safari/537.36 Edg/91.0.864.41'),(1503,18,'Update AWPB Input : Tractor High',1623552043,'::1','Mozilla/5.0 (Windows NT 10.0; Win64; x64) AppleWebKit/537.36 (KHTML, like Gecko) Chrome/91.0.4472.77 Safari/537.36 Edg/91.0.864.41'),(1504,18,'Update AWPB Input : Groundnuts Seeds',1623552128,'::1','Mozilla/5.0 (Windows NT 10.0; Win64; x64) AppleWebKit/537.36 (KHTML, like Gecko) Chrome/91.0.4472.77 Safari/537.36 Edg/91.0.864.41'),(1505,18,'Update AWPB Input : Groundnuts Seeds',1623553485,'::1','Mozilla/5.0 (Windows NT 10.0; Win64; x64) AppleWebKit/537.36 (KHTML, like Gecko) Chrome/91.0.4472.77 Safari/537.36 Edg/91.0.864.41'),(1506,18,'Update AWPB Input : Groundnuts Seeds',1623553517,'::1','Mozilla/5.0 (Windows NT 10.0; Win64; x64) AppleWebKit/537.36 (KHTML, like Gecko) Chrome/91.0.4472.77 Safari/537.36 Edg/91.0.864.41'),(1507,18,'Update AWPB Input : Groundnuts Seeds',1623553529,'::1','Mozilla/5.0 (Windows NT 10.0; Win64; x64) AppleWebKit/537.36 (KHTML, like Gecko) Chrome/91.0.4472.77 Safari/537.36 Edg/91.0.864.41'),(1508,18,'Submitted 61 : Number of Category A Female Headed House',1623554279,'::1','Mozilla/5.0 (Windows NT 10.0; Win64; x64) AppleWebKit/537.36 (KHTML, like Gecko) Chrome/91.0.4472.77 Safari/537.36 Edg/91.0.864.41'),(1509,14,'Submitted 59 : Number of Category A farmers mobilised',1624269646,'::1','Mozilla/5.0 (Windows NT 10.0; Win64; x64) AppleWebKit/537.36 (KHTML, like Gecko) Chrome/91.0.4472.101 Safari/537.36 Edg/91.0.864.48'),(1510,14,'Submitted 60 : Number of Category A female farmers Mobi',1624269646,'::1','Mozilla/5.0 (Windows NT 10.0; Win64; x64) AppleWebKit/537.36 (KHTML, like Gecko) Chrome/91.0.4472.101 Safari/537.36 Edg/91.0.864.48'),(1511,14,'Update role Provincial',1624298613,'::1','Mozilla/5.0 (Windows NT 10.0; Win64; x64) AppleWebKit/537.36 (KHTML, like Gecko) Chrome/91.0.4472.101 Safari/537.36 Edg/91.0.864.48'),(1512,12,'Submitted 61 : Number of Category A Female Headed House',1624380874,'::1','Mozilla/5.0 (Windows NT 10.0; Win64; x64) AppleWebKit/537.36 (KHTML, like Gecko) Chrome/91.0.4472.101 Safari/537.36 Edg/91.0.864.48'),(1513,15,'Submitted 61 : Number of Category A Female Headed House',1624471888,'::1','Mozilla/5.0 (Windows NT 10.0; Win64; x64) AppleWebKit/537.36 (KHTML, like Gecko) Chrome/91.0.4472.114 Safari/537.36 Edg/91.0.864.54'),(1514,15,'Submitted 61 : Number of Category A Female Headed House',1624471983,'::1','Mozilla/5.0 (Windows NT 10.0; Win64; x64) AppleWebKit/537.36 (KHTML, like Gecko) Chrome/91.0.4472.114 Safari/537.36 Edg/91.0.864.54'),(1515,15,'Submitted 61 : Number of Category A Female Headed House',1624472055,'::1','Mozilla/5.0 (Windows NT 10.0; Win64; x64) AppleWebKit/537.36 (KHTML, like Gecko) Chrome/91.0.4472.114 Safari/537.36 Edg/91.0.864.54'),(1516,15,'Submitted 61 : Number of Category A Female Headed House',1624478988,'::1','Mozilla/5.0 (Windows NT 10.0; Win64; x64) AppleWebKit/537.36 (KHTML, like Gecko) Chrome/91.0.4472.114 Safari/537.36 Edg/91.0.864.54'),(1517,15,'Submitted 61 : Number of Category A Female Headed House',1624484394,'::1','Mozilla/5.0 (Windows NT 10.0; Win64; x64) AppleWebKit/537.36 (KHTML, like Gecko) Chrome/91.0.4472.114 Safari/537.36 Edg/91.0.864.54'),(1518,15,'Submitted 61 : Number of Category A Female Headed House',1624484624,'::1','Mozilla/5.0 (Windows NT 10.0; Win64; x64) AppleWebKit/537.36 (KHTML, like Gecko) Chrome/91.0.4472.114 Safari/537.36 Edg/91.0.864.54'),(1519,15,'Submitted 61 : Number of Category A Female Headed House',1624485818,'::1','Mozilla/5.0 (Windows NT 10.0; Win64; x64) AppleWebKit/537.36 (KHTML, like Gecko) Chrome/91.0.4472.114 Safari/537.36 Edg/91.0.864.54'),(1520,15,'Submitted 61 : Number of Category A Female Headed House',1624486178,'::1','Mozilla/5.0 (Windows NT 10.0; Win64; x64) AppleWebKit/537.36 (KHTML, like Gecko) Chrome/91.0.4472.114 Safari/537.36 Edg/91.0.864.54'),(1521,15,'Submitted 61 : Number of Category A Female Headed House',1624486526,'::1','Mozilla/5.0 (Windows NT 10.0; Win64; x64) AppleWebKit/537.36 (KHTML, like Gecko) Chrome/91.0.4472.114 Safari/537.36 Edg/91.0.864.54'),(1522,15,'Submitted 61 : Number of Category A Female Headed House',1624490266,'::1','Mozilla/5.0 (Windows NT 10.0; Win64; x64) AppleWebKit/537.36 (KHTML, like Gecko) Chrome/91.0.4472.114 Safari/537.36 Edg/91.0.864.54'),(1523,15,'Submitted 61 : Number of Category A Female Headed House',1624490595,'::1','Mozilla/5.0 (Windows NT 10.0; Win64; x64) AppleWebKit/537.36 (KHTML, like Gecko) Chrome/91.0.4472.114 Safari/537.36 Edg/91.0.864.54'),(1524,15,'Submitted 61 : Number of Category A Female Headed House',1624490770,'::1','Mozilla/5.0 (Windows NT 10.0; Win64; x64) AppleWebKit/537.36 (KHTML, like Gecko) Chrome/91.0.4472.114 Safari/537.36 Edg/91.0.864.54'),(1525,15,'Submitted 61 : Number of Category A Female Headed House',1624491147,'::1','Mozilla/5.0 (Windows NT 10.0; Win64; x64) AppleWebKit/537.36 (KHTML, like Gecko) Chrome/91.0.4472.114 Safari/537.36 Edg/91.0.864.54'),(1526,15,'Submitted 61 : Number of Category A Female Headed House',1624491465,'::1','Mozilla/5.0 (Windows NT 10.0; Win64; x64) AppleWebKit/537.36 (KHTML, like Gecko) Chrome/91.0.4472.114 Safari/537.36 Edg/91.0.864.54'),(1527,15,'Submitted 61 : Number of Category A Female Headed House',1624491587,'::1','Mozilla/5.0 (Windows NT 10.0; Win64; x64) AppleWebKit/537.36 (KHTML, like Gecko) Chrome/91.0.4472.114 Safari/537.36 Edg/91.0.864.54'),(1528,15,'Submitted 61 : Number of Category A Female Headed House',1624492106,'::1','Mozilla/5.0 (Windows NT 10.0; Win64; x64) AppleWebKit/537.36 (KHTML, like Gecko) Chrome/91.0.4472.114 Safari/537.36 Edg/91.0.864.54'),(1529,18,'Added AWPB Indicator : 14',1624609480,'::1','Mozilla/5.0 (Windows NT 10.0; Win64; x64) AppleWebKit/537.36 (KHTML, like Gecko) Chrome/91.0.4472.114 Safari/537.36 Edg/91.0.864.54'),(1530,14,'Update role Administrator',1624610664,'::1','Mozilla/5.0 (Windows NT 10.0; Win64; x64) AppleWebKit/537.36 (KHTML, like Gecko) Chrome/91.0.4472.114 Safari/537.36 Edg/91.0.864.54'),(1531,14,'Added Camp four camp work effort for month June',1624610721,'::1','Mozilla/5.0 (Windows NT 10.0; Win64; x64) AppleWebKit/537.36 (KHTML, like Gecko) Chrome/91.0.4472.114 Safari/537.36 Edg/91.0.864.54'),(1532,14,'Update role Administrator',1624610786,'::1','Mozilla/5.0 (Windows NT 10.0; Win64; x64) AppleWebKit/537.36 (KHTML, like Gecko) Chrome/91.0.4472.114 Safari/537.36 Edg/91.0.864.54'),(1533,14,'Updated Camp four camp work effort for month June',1624610818,'::1','Mozilla/5.0 (Windows NT 10.0; Win64; x64) AppleWebKit/537.36 (KHTML, like Gecko) Chrome/91.0.4472.114 Safari/537.36 Edg/91.0.864.54'),(1534,18,'Added AWPB Indicator : 14',1624633310,'::1','Mozilla/5.0 (Windows NT 10.0; Win64; x64) AppleWebKit/537.36 (KHTML, like Gecko) Chrome/91.0.4472.114 Safari/537.36 Edg/91.0.864.54'),(1535,18,'Added AWPB input : Working # 10',1624637833,'::1','Mozilla/5.0 (Windows NT 10.0; Win64; x64) AppleWebKit/537.36 (KHTML, like Gecko) Chrome/91.0.4472.114 Safari/537.36 Edg/91.0.864.54'),(1536,18,'Update AWPB Input : Venue Hire',1624638444,'::1','Mozilla/5.0 (Windows NT 10.0; Win64; x64) AppleWebKit/537.36 (KHTML, like Gecko) Chrome/91.0.4472.114 Safari/537.36 Edg/91.0.864.54'),(1537,18,'Update AWPB: Number of Category A farmers mobilised : 62',1624987090,'::1','Mozilla/5.0 (Windows NT 10.0; Win64; x64) AppleWebKit/537.36 (KHTML, like Gecko) Chrome/91.0.4472.114 Safari/537.36 Edg/91.0.864.59'),(1538,18,'Update AWPB: Number of Category A farmers mobilised : 62',1624987158,'::1','Mozilla/5.0 (Windows NT 10.0; Win64; x64) AppleWebKit/537.36 (KHTML, like Gecko) Chrome/91.0.4472.114 Safari/537.36 Edg/91.0.864.59'),(1539,18,'Update AWPB: Number of Category A farmers mobilised : 62',1624987442,'::1','Mozilla/5.0 (Windows NT 10.0; Win64; x64) AppleWebKit/537.36 (KHTML, like Gecko) Chrome/91.0.4472.114 Safari/537.36 Edg/91.0.864.59'),(1540,18,'Update AWPB: Number of Category A farmers mobilised : 62',1624987632,'::1','Mozilla/5.0 (Windows NT 10.0; Win64; x64) AppleWebKit/537.36 (KHTML, like Gecko) Chrome/91.0.4472.114 Safari/537.36 Edg/91.0.864.59'),(1541,18,'Update AWPB: Number of Category A farmers mobilised : 62',1624988185,'::1','Mozilla/5.0 (Windows NT 10.0; Win64; x64) AppleWebKit/537.36 (KHTML, like Gecko) Chrome/91.0.4472.114 Safari/537.36 Edg/91.0.864.59'),(1542,18,'Added AWPB input : Maize Seed # 11',1624990505,'::1','Mozilla/5.0 (Windows NT 10.0; Win64; x64) AppleWebKit/537.36 (KHTML, like Gecko) Chrome/91.0.4472.114 Safari/537.36 Edg/91.0.864.59'),(1543,18,'Update AWPB Input : Maize Seed',1624999230,'::1','Mozilla/5.0 (Windows NT 10.0; Win64; x64) AppleWebKit/537.36 (KHTML, like Gecko) Chrome/91.0.4472.114 Safari/537.36 Edg/91.0.864.59'),(1544,18,'Added 1 activity line',1624999724,'::1','Mozilla/5.0 (Windows NT 10.0; Win64; x64) AppleWebKit/537.36 (KHTML, like Gecko) Chrome/91.0.4472.114 Safari/537.36 Edg/91.0.864.59'),(1545,18,'Update AWPB: Number of Category A farmers mobilised : 62',1624999724,'::1','Mozilla/5.0 (Windows NT 10.0; Win64; x64) AppleWebKit/537.36 (KHTML, like Gecko) Chrome/91.0.4472.114 Safari/537.36 Edg/91.0.864.59'),(1546,18,'Added 1 activity line',1624999736,'::1','Mozilla/5.0 (Windows NT 10.0; Win64; x64) AppleWebKit/537.36 (KHTML, like Gecko) Chrome/91.0.4472.114 Safari/537.36 Edg/91.0.864.59'),(1547,18,'Update AWPB: Number of Category A farmers mobilised : 62',1624999736,'::1','Mozilla/5.0 (Windows NT 10.0; Win64; x64) AppleWebKit/537.36 (KHTML, like Gecko) Chrome/91.0.4472.114 Safari/537.36 Edg/91.0.864.59'),(1548,18,'Update AWPB Input : Maize Seed',1625001735,'::1','Mozilla/5.0 (Windows NT 10.0; Win64; x64) AppleWebKit/537.36 (KHTML, like Gecko) Chrome/91.0.4472.114 Safari/537.36 Edg/91.0.864.59'),(1549,18,'Update AWPB Input : Venue Hire',1625002213,'::1','Mozilla/5.0 (Windows NT 10.0; Win64; x64) AppleWebKit/537.36 (KHTML, like Gecko) Chrome/91.0.4472.114 Safari/537.36 Edg/91.0.864.59'),(1550,18,'Added 2 activity line',1625003653,'::1','Mozilla/5.0 (Windows NT 10.0; Win64; x64) AppleWebKit/537.36 (KHTML, like Gecko) Chrome/91.0.4472.114 Safari/537.36 Edg/91.0.864.59'),(1551,18,'Update AWPB: Number of Category A Female Headed House : 61',1625003653,'::1','Mozilla/5.0 (Windows NT 10.0; Win64; x64) AppleWebKit/537.36 (KHTML, like Gecko) Chrome/91.0.4472.114 Safari/537.36 Edg/91.0.864.59'),(1552,18,'Submitted 62 : Number of Category A farmers mobilised',1625004157,'::1','Mozilla/5.0 (Windows NT 10.0; Win64; x64) AppleWebKit/537.36 (KHTML, like Gecko) Chrome/91.0.4472.114 Safari/537.36 Edg/91.0.864.59'),(1553,18,'Submitted 63 : Number of Category A farmers mobilised',1625004157,'::1','Mozilla/5.0 (Windows NT 10.0; Win64; x64) AppleWebKit/537.36 (KHTML, like Gecko) Chrome/91.0.4472.114 Safari/537.36 Edg/91.0.864.59'),(1554,12,'AWPB for Chilanga declined',1625186708,'::1','Mozilla/5.0 (Windows NT 10.0; Win64; x64) AppleWebKit/537.36 (KHTML, like Gecko) Chrome/91.0.4472.114 Safari/537.36 Edg/91.0.864.59'),(1555,18,'Update AWPB Input : Groundnuts Seeds',1625192275,'::1','Mozilla/5.0 (Windows NT 10.0; Win64; x64) AppleWebKit/537.36 (KHTML, like Gecko) Chrome/91.0.4472.114 Safari/537.36 Edg/91.0.864.59'),(1556,18,'Submitted 61 : Number of Category A Female Headed House',1625192363,'::1','Mozilla/5.0 (Windows NT 10.0; Win64; x64) AppleWebKit/537.36 (KHTML, like Gecko) Chrome/91.0.4472.114 Safari/537.36 Edg/91.0.864.59'),(1557,18,'Submitted 62 : Number of Category A farmers mobilised',1625192363,'::1','Mozilla/5.0 (Windows NT 10.0; Win64; x64) AppleWebKit/537.36 (KHTML, like Gecko) Chrome/91.0.4472.114 Safari/537.36 Edg/91.0.864.59'),(1558,18,'Submitted 63 : Number of Category A farmers mobilised',1625192363,'::1','Mozilla/5.0 (Windows NT 10.0; Win64; x64) AppleWebKit/537.36 (KHTML, like Gecko) Chrome/91.0.4472.114 Safari/537.36 Edg/91.0.864.59'),(1559,18,'Added AWPB Indicator : 17',1625193158,'::1','Mozilla/5.0 (Windows NT 10.0; Win64; x64) AppleWebKit/537.36 (KHTML, like Gecko) Chrome/91.0.4472.114 Safari/537.36 Edg/91.0.864.59'),(1560,18,'Added AWPB input : 445 # 12',1625195561,'::1','Mozilla/5.0 (Windows NT 10.0; Win64; x64) AppleWebKit/537.36 (KHTML, like Gecko) Chrome/91.0.4472.114 Safari/537.36 Edg/91.0.864.59'),(1561,12,'AWPB for Chilanga declined',1625196745,'::1','Mozilla/5.0 (Windows NT 10.0; Win64; x64) AppleWebKit/537.36 (KHTML, like Gecko) Chrome/91.0.4472.114 Safari/537.36 Edg/91.0.864.59'),(1562,18,'Added AWPB Indicator : 15',1625214988,'::1','Mozilla/5.0 (Windows NT 10.0; Win64; x64) AppleWebKit/537.36 (KHTML, like Gecko) Chrome/91.0.4472.114 Safari/537.36 Edg/91.0.864.59'),(1563,18,'Added AWPB input : Maize Seed # 13',1625217970,'::1','Mozilla/5.0 (Windows NT 10.0; Win64; x64) AppleWebKit/537.36 (KHTML, like Gecko) Chrome/91.0.4472.114 Safari/537.36 Edg/91.0.864.59'),(1564,18,'Update AWPB Input : Venue Hire',1625218750,'::1','Mozilla/5.0 (Windows NT 10.0; Win64; x64) AppleWebKit/537.36 (KHTML, like Gecko) Chrome/91.0.4472.114 Safari/537.36 Edg/91.0.864.59'),(1565,18,'Added AWPB input : Maize Seed # 14',1625220102,'::1','Mozilla/5.0 (Windows NT 10.0; Win64; x64) AppleWebKit/537.36 (KHTML, like Gecko) Chrome/91.0.4472.114 Safari/537.36 Edg/91.0.864.59'),(1566,18,'Update AWPB Input : Maize Seed',1625220157,'::1','Mozilla/5.0 (Windows NT 10.0; Win64; x64) AppleWebKit/537.36 (KHTML, like Gecko) Chrome/91.0.4472.114 Safari/537.36 Edg/91.0.864.59'),(1567,18,'Added AWPB input : Maize Seed # 15',1625237444,'::1','Mozilla/5.0 (Windows NT 10.0; Win64; x64) AppleWebKit/537.36 (KHTML, like Gecko) Chrome/91.0.4472.114 Safari/537.36 Edg/91.0.864.59'),(1568,18,'Added AWPB input : Maize Seed # 16',1625238436,'::1','Mozilla/5.0 (Windows NT 10.0; Win64; x64) AppleWebKit/537.36 (KHTML, like Gecko) Chrome/91.0.4472.114 Safari/537.36 Edg/91.0.864.59'),(1569,18,'Added AWPB input : Maize Seed # 17',1625238575,'::1','Mozilla/5.0 (Windows NT 10.0; Win64; x64) AppleWebKit/537.36 (KHTML, like Gecko) Chrome/91.0.4472.114 Safari/537.36 Edg/91.0.864.59'),(1570,18,'Added AWPB input : Maize Seed # 18',1625238639,'::1','Mozilla/5.0 (Windows NT 10.0; Win64; x64) AppleWebKit/537.36 (KHTML, like Gecko) Chrome/91.0.4472.114 Safari/537.36 Edg/91.0.864.59'),(1571,18,'Added AWPB input : Test # 19',1625238745,'::1','Mozilla/5.0 (Windows NT 10.0; Win64; x64) AppleWebKit/537.36 (KHTML, like Gecko) Chrome/91.0.4472.114 Safari/537.36 Edg/91.0.864.59'),(1572,18,'Added AWPB input : Maize Seed # 20',1625238804,'::1','Mozilla/5.0 (Windows NT 10.0; Win64; x64) AppleWebKit/537.36 (KHTML, like Gecko) Chrome/91.0.4472.114 Safari/537.36 Edg/91.0.864.59'),(1573,18,'Added AWPB input : Maize Seed # 21',1625238832,'::1','Mozilla/5.0 (Windows NT 10.0; Win64; x64) AppleWebKit/537.36 (KHTML, like Gecko) Chrome/91.0.4472.114 Safari/537.36 Edg/91.0.864.59'),(1574,18,'Added AWPB input : Maize Seed # 22',1625239214,'::1','Mozilla/5.0 (Windows NT 10.0; Win64; x64) AppleWebKit/537.36 (KHTML, like Gecko) Chrome/91.0.4472.114 Safari/537.36 Edg/91.0.864.59'),(1575,18,'Added AWPB Indicator : 14',1625241235,'::1','Mozilla/5.0 (Windows NT 10.0; Win64; x64) AppleWebKit/537.36 (KHTML, like Gecko) Chrome/91.0.4472.114 Safari/537.36 Edg/91.0.864.59'),(1576,18,'Added AWPB Indicator : 14',1625241582,'::1','Mozilla/5.0 (Windows NT 10.0; Win64; x64) AppleWebKit/537.36 (KHTML, like Gecko) Chrome/91.0.4472.114 Safari/537.36 Edg/91.0.864.59'),(1577,18,'Added AWPB Indicator : 14',1625241671,'::1','Mozilla/5.0 (Windows NT 10.0; Win64; x64) AppleWebKit/537.36 (KHTML, like Gecko) Chrome/91.0.4472.114 Safari/537.36 Edg/91.0.864.59'),(1578,18,'Added AWPB input : Maize Seed # 23',1625241703,'::1','Mozilla/5.0 (Windows NT 10.0; Win64; x64) AppleWebKit/537.36 (KHTML, like Gecko) Chrome/91.0.4472.114 Safari/537.36 Edg/91.0.864.59'),(1579,18,'Added AWPB input : Maize Seed # 24',1625242055,'::1','Mozilla/5.0 (Windows NT 10.0; Win64; x64) AppleWebKit/537.36 (KHTML, like Gecko) Chrome/91.0.4472.114 Safari/537.36 Edg/91.0.864.59'),(1580,18,'Update AWPB Input : Maize Seed',1625242285,'::1','Mozilla/5.0 (Windows NT 10.0; Win64; x64) AppleWebKit/537.36 (KHTML, like Gecko) Chrome/91.0.4472.114 Safari/537.36 Edg/91.0.864.59'),(1581,18,'Submitted 68 : Number of Category A farmers mobilised',1625499034,'::1','Mozilla/5.0 (Windows NT 10.0; Win64; x64) AppleWebKit/537.36 (KHTML, like Gecko) Chrome/91.0.4472.124 Safari/537.36 Edg/91.0.864.64'),(1582,14,'Update role Administrator',1625511341,'::1','Mozilla/5.0 (Windows NT 10.0; Win64; x64) AppleWebKit/537.36 (KHTML, like Gecko) Chrome/91.0.4472.124 Safari/537.36 Edg/91.0.864.64'),(1583,14,'Added cost centre Agribusiness',1625512639,'::1','Mozilla/5.0 (Windows NT 10.0; Win64; x64) AppleWebKit/537.36 (KHTML, like Gecko) Chrome/91.0.4472.124 Safari/537.36 Edg/91.0.864.64'),(1584,14,'updated cost centre name from Agribusiness to Agribusiness4',1625512716,'::1','Mozilla/5.0 (Windows NT 10.0; Win64; x64) AppleWebKit/537.36 (KHTML, like Gecko) Chrome/91.0.4472.124 Safari/537.36 Edg/91.0.864.64'),(1585,14,'updated cost centre name from Agribusiness4 to Agribusiness',1625512726,'::1','Mozilla/5.0 (Windows NT 10.0; Win64; x64) AppleWebKit/537.36 (KHTML, like Gecko) Chrome/91.0.4472.124 Safari/537.36 Edg/91.0.864.64'),(1586,14,'Updated user details with email: district@esapp.org.zm',1625516455,'::1','Mozilla/5.0 (Windows NT 10.0; Win64; x64) AppleWebKit/537.36 (KHTML, like Gecko) Chrome/91.0.4472.124 Safari/537.36 Edg/91.0.864.64'),(1587,14,'Updated user details with email: provincial@esapp.org.zm',1625516770,'::1','Mozilla/5.0 (Windows NT 10.0; Win64; x64) AppleWebKit/537.36 (KHTML, like Gecko) Chrome/91.0.4472.124 Safari/537.36 Edg/91.0.864.64'),(1588,14,'Updated user details with email: provincial@esapp.org.zm',1625516788,'::1','Mozilla/5.0 (Windows NT 10.0; Win64; x64) AppleWebKit/537.36 (KHTML, like Gecko) Chrome/91.0.4472.124 Safari/537.36 Edg/91.0.864.64'),(1589,12,'AWPB for Chibombo declined',1625516855,'::1','Mozilla/5.0 (Windows NT 10.0; Win64; x64) AppleWebKit/537.36 (KHTML, like Gecko) Chrome/91.0.4472.124 Safari/537.36 Edg/91.0.864.64'),(1590,12,'AWPB for Chilanga declined',1625516900,'::1','Mozilla/5.0 (Windows NT 10.0; Win64; x64) AppleWebKit/537.36 (KHTML, like Gecko) Chrome/91.0.4472.124 Safari/537.36 Edg/91.0.864.64'),(1591,18,'Update AWPB: Number of Category A farmers mobilised : 59',1625517456,'::1','Mozilla/5.0 (Windows NT 10.0; Win64; x64) AppleWebKit/537.36 (KHTML, like Gecko) Chrome/91.0.4472.124 Safari/537.36 Edg/91.0.864.64'),(1592,18,'Update AWPB: Number of Category A female farmers Mobi : 60',1625517477,'::1','Mozilla/5.0 (Windows NT 10.0; Win64; x64) AppleWebKit/537.36 (KHTML, like Gecko) Chrome/91.0.4472.124 Safari/537.36 Edg/91.0.864.64'),(1593,18,'Submitted 59 : Number of Category A farmers mobilised',1625517498,'::1','Mozilla/5.0 (Windows NT 10.0; Win64; x64) AppleWebKit/537.36 (KHTML, like Gecko) Chrome/91.0.4472.124 Safari/537.36 Edg/91.0.864.64'),(1594,18,'Submitted 60 : Number of Category A female farmers Mobi',1625517498,'::1','Mozilla/5.0 (Windows NT 10.0; Win64; x64) AppleWebKit/537.36 (KHTML, like Gecko) Chrome/91.0.4472.124 Safari/537.36 Edg/91.0.864.64'),(1595,12,'AWPB for Chibombo declined',1625518184,'::1','Mozilla/5.0 (Windows NT 10.0; Win64; x64) AppleWebKit/537.36 (KHTML, like Gecko) Chrome/91.0.4472.124 Safari/537.36 Edg/91.0.864.64'),(1596,18,'Submitted 59 : Number of Category A farmers mobilised',1625518226,'::1','Mozilla/5.0 (Windows NT 10.0; Win64; x64) AppleWebKit/537.36 (KHTML, like Gecko) Chrome/91.0.4472.124 Safari/537.36 Edg/91.0.864.64'),(1597,18,'Submitted 60 : Number of Category A female farmers Mobi',1625518227,'::1','Mozilla/5.0 (Windows NT 10.0; Win64; x64) AppleWebKit/537.36 (KHTML, like Gecko) Chrome/91.0.4472.124 Safari/537.36 Edg/91.0.864.64'),(1598,12,'Submitted 59 : Number of Category A farmers mobilised',1625518268,'::1','Mozilla/5.0 (Windows NT 10.0; Win64; x64) AppleWebKit/537.36 (KHTML, like Gecko) Chrome/91.0.4472.124 Safari/537.36 Edg/91.0.864.64'),(1599,12,'Submitted 60 : Number of Category A female farmers Mobi',1625518268,'::1','Mozilla/5.0 (Windows NT 10.0; Win64; x64) AppleWebKit/537.36 (KHTML, like Gecko) Chrome/91.0.4472.124 Safari/537.36 Edg/91.0.864.64'),(1600,14,'Updated 2019 AWPB district list',1625527280,'::1','Mozilla/5.0 (Windows NT 10.0; Win64; x64) AppleWebKit/537.36 (KHTML, like Gecko) Chrome/91.0.4472.124 Safari/537.36 Edg/91.0.864.64'),(1601,14,'Updated 2019 AWPB district list',1625527997,'::1','Mozilla/5.0 (Windows NT 10.0; Win64; x64) AppleWebKit/537.36 (KHTML, like Gecko) Chrome/91.0.4472.124 Safari/537.36 Edg/91.0.864.64'),(1602,14,'Updated 2019 AWPB district list',1625528049,'::1','Mozilla/5.0 (Windows NT 10.0; Win64; x64) AppleWebKit/537.36 (KHTML, like Gecko) Chrome/91.0.4472.124 Safari/537.36 Edg/91.0.864.64'),(1603,14,'Updated 2019 AWPB district list',1625528382,'::1','Mozilla/5.0 (Windows NT 10.0; Win64; x64) AppleWebKit/537.36 (KHTML, like Gecko) Chrome/91.0.4472.124 Safari/537.36 Edg/91.0.864.64'),(1604,14,'Updated 2019 AWPB district list',1625528566,'::1','Mozilla/5.0 (Windows NT 10.0; Win64; x64) AppleWebKit/537.36 (KHTML, like Gecko) Chrome/91.0.4472.124 Safari/537.36 Edg/91.0.864.64'),(1605,14,'Updated 2019 AWPB district list',1625528684,'::1','Mozilla/5.0 (Windows NT 10.0; Win64; x64) AppleWebKit/537.36 (KHTML, like Gecko) Chrome/91.0.4472.124 Safari/537.36 Edg/91.0.864.64'),(1606,14,'Updated 2019 AWPB district list',1625528713,'::1','Mozilla/5.0 (Windows NT 10.0; Win64; x64) AppleWebKit/537.36 (KHTML, like Gecko) Chrome/91.0.4472.124 Safari/537.36 Edg/91.0.864.64'),(1607,14,'Updated 2019 AWPB district list',1625528769,'::1','Mozilla/5.0 (Windows NT 10.0; Win64; x64) AppleWebKit/537.36 (KHTML, like Gecko) Chrome/91.0.4472.124 Safari/537.36 Edg/91.0.864.64'),(1608,14,'Updated 2019 AWPB district list',1625530095,'::1','Mozilla/5.0 (Windows NT 10.0; Win64; x64) AppleWebKit/537.36 (KHTML, like Gecko) Chrome/91.0.4472.124 Safari/537.36 Edg/91.0.864.64'),(1609,14,'Updated 2019 AWPB district list',1625530621,'::1','Mozilla/5.0 (Windows NT 10.0; Win64; x64) AppleWebKit/537.36 (KHTML, like Gecko) Chrome/91.0.4472.124 Safari/537.36 Edg/91.0.864.64'),(1610,14,'Published  \'2019 AWPB Template',1625552826,'::1','Mozilla/5.0 (Windows NT 10.0; Win64; x64) AppleWebKit/537.36 (KHTML, like Gecko) Chrome/91.0.4472.124 Safari/537.36 Edg/91.0.864.64'),(1611,14,'Published  \'2019 AWPB Template',1625553145,'::1','Mozilla/5.0 (Windows NT 10.0; Win64; x64) AppleWebKit/537.36 (KHTML, like Gecko) Chrome/91.0.4472.124 Safari/537.36 Edg/91.0.864.64'),(1612,14,'Updated 2019 fiscal year',1625553968,'::1','Mozilla/5.0 (Windows NT 10.0; Win64; x64) AppleWebKit/537.36 (KHTML, like Gecko) Chrome/91.0.4472.124 Safari/537.36 Edg/91.0.864.64'),(1613,14,'Updated 2019 fiscal year',1625554074,'::1','Mozilla/5.0 (Windows NT 10.0; Win64; x64) AppleWebKit/537.36 (KHTML, like Gecko) Chrome/91.0.4472.124 Safari/537.36 Edg/91.0.864.64'),(1614,14,'AWPB template \'. 2019.\' updated',1625556275,'::1','Mozilla/5.0 (Windows NT 10.0; Win64; x64) AppleWebKit/537.36 (KHTML, like Gecko) Chrome/91.0.4472.124 Safari/537.36 Edg/91.0.864.64'),(1615,14,'AWPB template \'. 2019.\' updated',1625556475,'::1','Mozilla/5.0 (Windows NT 10.0; Win64; x64) AppleWebKit/537.36 (KHTML, like Gecko) Chrome/91.0.4472.124 Safari/537.36 Edg/91.0.864.64'),(1616,14,'Published  \'2019 AWPB Template',1625557491,'::1','Mozilla/5.0 (Windows NT 10.0; Win64; x64) AppleWebKit/537.36 (KHTML, like Gecko) Chrome/91.0.4472.124 Safari/537.36 Edg/91.0.864.64'),(1617,14,'Updated 2019 AWPB district list',1625559513,'::1','Mozilla/5.0 (Windows NT 10.0; Win64; x64) AppleWebKit/537.36 (KHTML, like Gecko) Chrome/91.0.4472.124 Safari/537.36 Edg/91.0.864.64'),(1618,14,'Updated 2019 AWPB district list',1625565169,'::1','Mozilla/5.0 (Windows NT 10.0; Win64; x64) AppleWebKit/537.36 (KHTML, like Gecko) Chrome/91.0.4472.124 Safari/537.36 Edg/91.0.864.64'),(1619,14,'Updated 2019 AWPB district list',1625565247,'::1','Mozilla/5.0 (Windows NT 10.0; Win64; x64) AppleWebKit/537.36 (KHTML, like Gecko) Chrome/91.0.4472.124 Safari/537.36 Edg/91.0.864.64'),(1620,14,'Updated 2019 AWPB district list',1625565284,'::1','Mozilla/5.0 (Windows NT 10.0; Win64; x64) AppleWebKit/537.36 (KHTML, like Gecko) Chrome/91.0.4472.124 Safari/537.36 Edg/91.0.864.64'),(1621,14,'Updated 2019 AWPB district list',1625565377,'::1','Mozilla/5.0 (Windows NT 10.0; Win64; x64) AppleWebKit/537.36 (KHTML, like Gecko) Chrome/91.0.4472.124 Safari/537.36 Edg/91.0.864.64'),(1622,14,'Updated 2019 AWPB district list',1625565692,'::1','Mozilla/5.0 (Windows NT 10.0; Win64; x64) AppleWebKit/537.36 (KHTML, like Gecko) Chrome/91.0.4472.124 Safari/537.36 Edg/91.0.864.64'),(1623,14,'Updated 2019 AWPB district list',1625567060,'::1','Mozilla/5.0 (Windows NT 10.0; Win64; x64) AppleWebKit/537.36 (KHTML, like Gecko) Chrome/91.0.4472.124 Safari/537.36 Edg/91.0.864.64'),(1624,14,'Updated 2019 AWPB district list',1625582566,'::1','Mozilla/5.0 (Windows NT 10.0; Win64; x64) AppleWebKit/537.36 (KHTML, like Gecko) Chrome/91.0.4472.124 Safari/537.36 Edg/91.0.864.64'),(1625,14,'Updated 2019 AWPB district list',1625582581,'::1','Mozilla/5.0 (Windows NT 10.0; Win64; x64) AppleWebKit/537.36 (KHTML, like Gecko) Chrome/91.0.4472.124 Safari/537.36 Edg/91.0.864.64'),(1626,14,'Updated 2019 AWPB district list',1625582623,'::1','Mozilla/5.0 (Windows NT 10.0; Win64; x64) AppleWebKit/537.36 (KHTML, like Gecko) Chrome/91.0.4472.124 Safari/537.36 Edg/91.0.864.64'),(1627,12,'AWPB for Chibombo declined',1625588085,'::1','Mozilla/5.0 (Windows NT 10.0; Win64; x64) AppleWebKit/537.36 (KHTML, like Gecko) Chrome/91.0.4472.124 Safari/537.36 Edg/91.0.864.64'),(1628,18,'Submitted 59 : Number of Category A farmers mobilised',1625588132,'::1','Mozilla/5.0 (Windows NT 10.0; Win64; x64) AppleWebKit/537.36 (KHTML, like Gecko) Chrome/91.0.4472.124 Safari/537.36 Edg/91.0.864.64'),(1629,18,'Submitted 60 : Number of Category A female farmers Mobi',1625588132,'::1','Mozilla/5.0 (Windows NT 10.0; Win64; x64) AppleWebKit/537.36 (KHTML, like Gecko) Chrome/91.0.4472.124 Safari/537.36 Edg/91.0.864.64'),(1630,12,'Submitted 59 : Number of Category A farmers mobilised',1625588246,'::1','Mozilla/5.0 (Windows NT 10.0; Win64; x64) AppleWebKit/537.36 (KHTML, like Gecko) Chrome/91.0.4472.124 Safari/537.36 Edg/91.0.864.64'),(1631,12,'Submitted 60 : Number of Category A female farmers Mobi',1625588246,'::1','Mozilla/5.0 (Windows NT 10.0; Win64; x64) AppleWebKit/537.36 (KHTML, like Gecko) Chrome/91.0.4472.124 Safari/537.36 Edg/91.0.864.64'),(1632,14,'Update role Budget Committee Programme-Wide',1625597454,'::1','Mozilla/5.0 (Windows NT 10.0; Win64; x64) AppleWebKit/537.36 (KHTML, like Gecko) Chrome/91.0.4472.124 Safari/537.36 Edg/91.0.864.64'),(1633,14,'AWPB template \'. 2019.\' updated',1625599287,'::1','Mozilla/5.0 (Windows NT 10.0; Win64; x64) AppleWebKit/537.36 (KHTML, like Gecko) Chrome/91.0.4472.124 Safari/537.36 Edg/91.0.864.64'),(1634,14,'Published  \'2019 AWPB Template',1625600407,'::1','Mozilla/5.0 (Windows NT 10.0; Win64; x64) AppleWebKit/537.36 (KHTML, like Gecko) Chrome/91.0.4472.124 Safari/537.36 Edg/91.0.864.64'),(1635,14,'AWPB template \'. 2019.\' updated',1625600448,'::1','Mozilla/5.0 (Windows NT 10.0; Win64; x64) AppleWebKit/537.36 (KHTML, like Gecko) Chrome/91.0.4472.124 Safari/537.36 Edg/91.0.864.64'),(1636,14,'Published  \'2019 AWPB Template',1625600465,'::1','Mozilla/5.0 (Windows NT 10.0; Win64; x64) AppleWebKit/537.36 (KHTML, like Gecko) Chrome/91.0.4472.124 Safari/537.36 Edg/91.0.864.64'),(1637,14,'Added component : Institutional Strengthening For Agribusiness',1625644958,'::1','Mozilla/5.0 (Windows NT 10.0; Win64; x64) AppleWebKit/537.36 (KHTML, like Gecko) Chrome/91.0.4472.124 Safari/537.36 Edg/91.0.864.64'),(1638,14,'Updated component: 1.2 - Institutional Strengthening For Agribusiness',1625645042,'::1','Mozilla/5.0 (Windows NT 10.0; Win64; x64) AppleWebKit/537.36 (KHTML, like Gecko) Chrome/91.0.4472.124 Safari/537.36 Edg/91.0.864.64'),(1639,14,'Updated component: 1 - Enabling Environment for Agribusiness Development Growth',1625645087,'::1','Mozilla/5.0 (Windows NT 10.0; Win64; x64) AppleWebKit/537.36 (KHTML, like Gecko) Chrome/91.0.4472.124 Safari/537.36 Edg/91.0.864.64'),(1640,14,'Updated component: 1.2 - Institutional Strengthening For Agribusiness',1625645109,'::1','Mozilla/5.0 (Windows NT 10.0; Win64; x64) AppleWebKit/537.36 (KHTML, like Gecko) Chrome/91.0.4472.124 Safari/537.36 Edg/91.0.864.64'),(1641,14,'Updated component: 1.2 - Institutional Strengthening For Agribusiness',1625645136,'::1','Mozilla/5.0 (Windows NT 10.0; Win64; x64) AppleWebKit/537.36 (KHTML, like Gecko) Chrome/91.0.4472.124 Safari/537.36 Edg/91.0.864.64'),(1642,14,'Added component : Programme Implementation',1625645330,'::1','Mozilla/5.0 (Windows NT 10.0; Win64; x64) AppleWebKit/537.36 (KHTML, like Gecko) Chrome/91.0.4472.124 Safari/537.36 Edg/91.0.864.64'),(1643,14,'Added component :  Enhancing Agro-Micro, Small and Medium Enterprises (MSME)',1625645574,'::1','Mozilla/5.0 (Windows NT 10.0; Win64; x64) AppleWebKit/537.36 (KHTML, like Gecko) Chrome/91.0.4472.124 Safari/537.36 Edg/91.0.864.64'),(1644,14,'Updated component: 2.2 -  Enhancing Agro-Micro, Small and Medium Enterprises (MSME)',1625645587,'::1','Mozilla/5.0 (Windows NT 10.0; Win64; x64) AppleWebKit/537.36 (KHTML, like Gecko) Chrome/91.0.4472.124 Safari/537.36 Edg/91.0.864.64'),(1645,14,'Added component : Facilitating Pro-Smallholder Market-Pull Agribusiness Partnerships',1625645718,'::1','Mozilla/5.0 (Windows NT 10.0; Win64; x64) AppleWebKit/537.36 (KHTML, like Gecko) Chrome/91.0.4472.124 Safari/537.36 Edg/91.0.864.64'),(1646,14,'Updated component: 3 - Programme Implementation.',1625646159,'::1','Mozilla/5.0 (Windows NT 10.0; Win64; x64) AppleWebKit/537.36 (KHTML, like Gecko) Chrome/91.0.4472.124 Safari/537.36 Edg/91.0.864.64'),(1647,14,'Updated component: 3 - Programme Implementation.',1625646272,'::1','Mozilla/5.0 (Windows NT 10.0; Win64; x64) AppleWebKit/537.36 (KHTML, like Gecko) Chrome/91.0.4472.124 Safari/537.36 Edg/91.0.864.64'),(1648,14,'Updated component: 2.3 - Facilitating Pro-Smallholder Market-Pull Agribusiness Partnerships',1625649048,'::1','Mozilla/5.0 (Windows NT 10.0; Win64; x64) AppleWebKit/537.36 (KHTML, like Gecko) Chrome/91.0.4472.124 Safari/537.36 Edg/91.0.864.64'),(1649,14,'Updated component: 2.3 - Facilitating Pro-Smallholder Market-Pull Agribusiness Partnerships',1625649048,'::1','Mozilla/5.0 (Windows NT 10.0; Win64; x64) AppleWebKit/537.36 (KHTML, like Gecko) Chrome/91.0.4472.124 Safari/537.36 Edg/91.0.864.64'),(1650,14,'Updated component: 2.3 - Facilitating Pro-Smallholder Market-Pull Agribusiness Partnerships',1625649048,'::1','Mozilla/5.0 (Windows NT 10.0; Win64; x64) AppleWebKit/537.36 (KHTML, like Gecko) Chrome/91.0.4472.124 Safari/537.36 Edg/91.0.864.64'),(1651,14,'Added output :  Capacity of government and private sector to support smallholders and agribusiness partnerships str',1625652567,'::1','Mozilla/5.0 (Windows NT 10.0; Win64; x64) AppleWebKit/537.36 (KHTML, like Gecko) Chrome/91.0.4472.124 Safari/537.36 Edg/91.0.864.64'),(1652,14,'Added output : Number of households with targeted support to improve their nutrition',1625652777,'::1','Mozilla/5.0 (Windows NT 10.0; Win64; x64) AppleWebKit/537.36 (KHTML, like Gecko) Chrome/91.0.4472.124 Safari/537.36 Edg/91.0.864.64'),(1653,14,'Added activity : 1.1.A3 ZNADS launch',1625654005,'::1','Mozilla/5.0 (Windows NT 10.0; Win64; x64) AppleWebKit/537.36 (KHTML, like Gecko) Chrome/91.0.4472.124 Safari/537.36 Edg/91.0.864.64'),(1654,14,'Added activity : 1.1.C Key agribusiness studies related activities',1625667088,'::1','Mozilla/5.0 (Windows NT 10.0; Win64; x64) AppleWebKit/537.36 (KHTML, like Gecko) Chrome/91.0.4472.124 Safari/537.36 Edg/91.0.864.64'),(1655,14,'Added activity : 1.1.D Policy-relevant knowledge products activities',1625667150,'::1','Mozilla/5.0 (Windows NT 10.0; Win64; x64) AppleWebKit/537.36 (KHTML, like Gecko) Chrome/91.0.4472.124 Safari/537.36 Edg/91.0.864.64'),(1656,14,'Added activity : 1.1.E Number of policy forum related activities',1625667244,'::1','Mozilla/5.0 (Windows NT 10.0; Win64; x64) AppleWebKit/537.36 (KHTML, like Gecko) Chrome/91.0.4472.124 Safari/537.36 Edg/91.0.864.64'),(1657,14,'Updated activity1.1.A',1625671896,'::1','Mozilla/5.0 (Windows NT 10.0; Win64; x64) AppleWebKit/537.36 (KHTML, like Gecko) Chrome/91.0.4472.124 Safari/537.36 Edg/91.0.864.64'),(1658,14,'Updated activity1.1.A',1625671903,'::1','Mozilla/5.0 (Windows NT 10.0; Win64; x64) AppleWebKit/537.36 (KHTML, like Gecko) Chrome/91.0.4472.124 Safari/537.36 Edg/91.0.864.64'),(1659,14,'Updated activity1.1.A',1625672105,'::1','Mozilla/5.0 (Windows NT 10.0; Win64; x64) AppleWebKit/537.36 (KHTML, like Gecko) Chrome/91.0.4472.124 Safari/537.36 Edg/91.0.864.64'),(1660,17,'Added AWPB Indicator : 19',1625672242,'::1','Mozilla/5.0 (Windows NT 10.0; Win64; x64) AppleWebKit/537.36 (KHTML, like Gecko) Chrome/91.0.4472.124 Safari/537.36 Edg/91.0.864.64'),(1661,17,'Added AWPB input : Drafters Allowances # 25',1625675492,'::1','Mozilla/5.0 (Windows NT 10.0; Win64; x64) AppleWebKit/537.36 (KHTML, like Gecko) Chrome/91.0.4472.124 Safari/537.36 Edg/91.0.864.64'),(1662,17,'Added AWPB input : Stationery # 26',1625675953,'::1','Mozilla/5.0 (Windows NT 10.0; Win64; x64) AppleWebKit/537.36 (KHTML, like Gecko) Chrome/91.0.4472.124 Safari/537.36 Edg/91.0.864.64'),(1663,17,'Update AWPB Input : Drafters Allowances',1625676231,'::1','Mozilla/5.0 (Windows NT 10.0; Win64; x64) AppleWebKit/537.36 (KHTML, like Gecko) Chrome/91.0.4472.124 Safari/537.36 Edg/91.0.864.64'),(1664,17,'Update AWPB Input : Drafters Allowances',1625676427,'::1','Mozilla/5.0 (Windows NT 10.0; Win64; x64) AppleWebKit/537.36 (KHTML, like Gecko) Chrome/91.0.4472.124 Safari/537.36 Edg/91.0.864.64'),(1665,17,'Updated 2 input',1625680690,'::1','Mozilla/5.0 (Windows NT 10.0; Win64; x64) AppleWebKit/537.36 (KHTML, like Gecko) Chrome/91.0.4472.124 Safari/537.36 Edg/91.0.864.64'),(1666,17,'Update AWPB: Provincial Validation of the ZNAD : 69',1625680690,'::1','Mozilla/5.0 (Windows NT 10.0; Win64; x64) AppleWebKit/537.36 (KHTML, like Gecko) Chrome/91.0.4472.124 Safari/537.36 Edg/91.0.864.64'),(1667,17,'Updated 2 input',1625680928,'::1','Mozilla/5.0 (Windows NT 10.0; Win64; x64) AppleWebKit/537.36 (KHTML, like Gecko) Chrome/91.0.4472.124 Safari/537.36 Edg/91.0.864.64'),(1668,17,'Update AWPB: Provincial Validation of the ZNAD : 69',1625680928,'::1','Mozilla/5.0 (Windows NT 10.0; Win64; x64) AppleWebKit/537.36 (KHTML, like Gecko) Chrome/91.0.4472.124 Safari/537.36 Edg/91.0.864.64'),(1669,18,'Update AWPB Input : Test',1625698455,'::1','Mozilla/5.0 (Windows NT 10.0; Win64; x64) AppleWebKit/537.36 (KHTML, like Gecko) Chrome/91.0.4472.124 Safari/537.36 Edg/91.0.864.64'),(1670,18,'Update AWPB Input : Test',1625698473,'::1','Mozilla/5.0 (Windows NT 10.0; Win64; x64) AppleWebKit/537.36 (KHTML, like Gecko) Chrome/91.0.4472.124 Safari/537.36 Edg/91.0.864.64'),(1671,18,'Update AWPB Input : Test',1625698494,'::1','Mozilla/5.0 (Windows NT 10.0; Win64; x64) AppleWebKit/537.36 (KHTML, like Gecko) Chrome/91.0.4472.124 Safari/537.36 Edg/91.0.864.64'),(1672,18,'Update AWPB Input : Maize Seed',1625698519,'::1','Mozilla/5.0 (Windows NT 10.0; Win64; x64) AppleWebKit/537.36 (KHTML, like Gecko) Chrome/91.0.4472.124 Safari/537.36 Edg/91.0.864.64'),(1673,14,'Update role District',1625753543,'::1','Mozilla/5.0 (Windows NT 10.0; Win64; x64) AppleWebKit/537.36 (KHTML, like Gecko) Chrome/91.0.4472.124 Safari/537.36 Edg/91.0.864.64'),(1674,14,'Update role PCO',1625753587,'::1','Mozilla/5.0 (Windows NT 10.0; Win64; x64) AppleWebKit/537.36 (KHTML, like Gecko) Chrome/91.0.4472.124 Safari/537.36 Edg/91.0.864.64'),(1675,14,'Update role Administrator',1625753651,'::1','Mozilla/5.0 (Windows NT 10.0; Win64; x64) AppleWebKit/537.36 (KHTML, like Gecko) Chrome/91.0.4472.124 Safari/537.36 Edg/91.0.864.64'),(1676,17,'Added AWPB Indicator : 19',1625768219,'::1','Mozilla/5.0 (Windows NT 10.0; Win64; x64) AppleWebKit/537.36 (KHTML, like Gecko) Chrome/91.0.4472.124 Safari/537.36 Edg/91.0.864.64'),(1677,17,'Added AWPB input : Fuel # 27',1625768291,'::1','Mozilla/5.0 (Windows NT 10.0; Win64; x64) AppleWebKit/537.36 (KHTML, like Gecko) Chrome/91.0.4472.124 Safari/537.36 Edg/91.0.864.64'),(1678,14,'Update role District',1625769443,'::1','Mozilla/5.0 (Windows NT 10.0; Win64; x64) AppleWebKit/537.36 (KHTML, like Gecko) Chrome/91.0.4472.124 Safari/537.36 Edg/91.0.864.64'),(1679,18,'Quarter One funds requisition ',1625775813,'::1','Mozilla/5.0 (Windows NT 10.0; Win64; x64) AppleWebKit/537.36 (KHTML, like Gecko) Chrome/91.0.4472.124 Safari/537.36 Edg/91.0.864.64'),(1680,18,'Quarter One funds requisition ',1625775886,'::1','Mozilla/5.0 (Windows NT 10.0; Win64; x64) AppleWebKit/537.36 (KHTML, like Gecko) Chrome/91.0.4472.124 Safari/537.36 Edg/91.0.864.64'),(1681,18,'Quarter One funds requisition ',1625775888,'::1','Mozilla/5.0 (Windows NT 10.0; Win64; x64) AppleWebKit/537.36 (KHTML, like Gecko) Chrome/91.0.4472.124 Safari/537.36 Edg/91.0.864.64'),(1682,18,'Quarter Two funds requisition ',1625777852,'::1','Mozilla/5.0 (Windows NT 10.0; Win64; x64) AppleWebKit/537.36 (KHTML, like Gecko) Chrome/91.0.4472.124 Safari/537.36 Edg/91.0.864.64'),(1683,18,'Quarter Two funds requisition ',1625778463,'::1','Mozilla/5.0 (Windows NT 10.0; Win64; x64) AppleWebKit/537.36 (KHTML, like Gecko) Chrome/91.0.4472.124 Safari/537.36 Edg/91.0.864.64'),(1684,18,'Quarter Two funds requisition ',1625778469,'::1','Mozilla/5.0 (Windows NT 10.0; Win64; x64) AppleWebKit/537.36 (KHTML, like Gecko) Chrome/91.0.4472.124 Safari/537.36 Edg/91.0.864.64'),(1685,18,'Quarter Two funds requisition ',1625778492,'::1','Mozilla/5.0 (Windows NT 10.0; Win64; x64) AppleWebKit/537.36 (KHTML, like Gecko) Chrome/91.0.4472.124 Safari/537.36 Edg/91.0.864.64'),(1686,18,'Quarter One funds requisition  has been submitted.',1625778723,'::1','Mozilla/5.0 (Windows NT 10.0; Win64; x64) AppleWebKit/537.36 (KHTML, like Gecko) Chrome/91.0.4472.124 Safari/537.36 Edg/91.0.864.64'),(1687,18,'Quarter One funds requisition  has been submitted.',1625778924,'::1','Mozilla/5.0 (Windows NT 10.0; Win64; x64) AppleWebKit/537.36 (KHTML, like Gecko) Chrome/91.0.4472.124 Safari/537.36 Edg/91.0.864.64'),(1688,18,'Quarter One funds requisition ',1625779164,'::1','Mozilla/5.0 (Windows NT 10.0; Win64; x64) AppleWebKit/537.36 (KHTML, like Gecko) Chrome/91.0.4472.124 Safari/537.36 Edg/91.0.864.64'),(1689,18,'Quarter One funds requisition  has been submitted.',1625779416,'::1','Mozilla/5.0 (Windows NT 10.0; Win64; x64) AppleWebKit/537.36 (KHTML, like Gecko) Chrome/91.0.4472.124 Safari/537.36 Edg/91.0.864.64'),(1690,18,'Quarter One funds requisition  has been submitted.',1625821957,'::1','Mozilla/5.0 (Windows NT 10.0; Win64; x64) AppleWebKit/537.36 (KHTML, like Gecko) Chrome/91.0.4472.124 Safari/537.36 Edg/91.0.864.64'),(1691,18,'Quarter One funds requisition  has been submitted.',1625821976,'::1','Mozilla/5.0 (Windows NT 10.0; Win64; x64) AppleWebKit/537.36 (KHTML, like Gecko) Chrome/91.0.4472.124 Safari/537.36 Edg/91.0.864.64'),(1692,18,'Quarter One funds requisition ',1625822121,'::1','Mozilla/5.0 (Windows NT 10.0; Win64; x64) AppleWebKit/537.36 (KHTML, like Gecko) Chrome/91.0.4472.124 Safari/537.36 Edg/91.0.864.64'),(1693,18,'Quarter One funds requisition ',1625825961,'::1','Mozilla/5.0 (Windows NT 10.0; Win64; x64) AppleWebKit/537.36 (KHTML, like Gecko) Chrome/91.0.4472.124 Safari/537.36 Edg/91.0.864.64'),(1694,14,'Update role PCO',1625831587,'::1','Mozilla/5.0 (Windows NT 10.0; Win64; x64) AppleWebKit/537.36 (KHTML, like Gecko) Chrome/91.0.4472.124 Safari/537.36 Edg/91.0.864.64'),(1695,15,'Quarter One funds requisition ',1626010807,'::1','Mozilla/5.0 (Windows NT 10.0; Win64; x64) AppleWebKit/537.36 (KHTML, like Gecko) Chrome/91.0.4472.124 Safari/537.36 Edg/91.0.864.64'),(1696,14,'Update role PCO',1626015467,'::1','Mozilla/5.0 (Windows NT 10.0; Win64; x64) AppleWebKit/537.36 (KHTML, like Gecko) Chrome/91.0.4472.124 Safari/537.36 Edg/91.0.864.64'),(1697,15,'Quarter One funds requisition  have been disbursed.',1626020699,'::1','Mozilla/5.0 (Windows NT 10.0; Win64; x64) AppleWebKit/537.36 (KHTML, like Gecko) Chrome/91.0.4472.124 Safari/537.36 Edg/91.0.864.64'),(1698,15,'Quarter One funds requisition  have been disbursed.',1626020931,'::1','Mozilla/5.0 (Windows NT 10.0; Win64; x64) AppleWebKit/537.36 (KHTML, like Gecko) Chrome/91.0.4472.124 Safari/537.36 Edg/91.0.864.64'),(1699,15,'Quarter One funds requisition  have been disbursed.',1626021006,'::1','Mozilla/5.0 (Windows NT 10.0; Win64; x64) AppleWebKit/537.36 (KHTML, like Gecko) Chrome/91.0.4472.124 Safari/537.36 Edg/91.0.864.64'),(1700,15,'Quarter One funds requisition  have been disbursed.',1626021100,'::1','Mozilla/5.0 (Windows NT 10.0; Win64; x64) AppleWebKit/537.36 (KHTML, like Gecko) Chrome/91.0.4472.124 Safari/537.36 Edg/91.0.864.64'),(1701,15,'Quarter One funds requisition ',1626021209,'::1','Mozilla/5.0 (Windows NT 10.0; Win64; x64) AppleWebKit/537.36 (KHTML, like Gecko) Chrome/91.0.4472.124 Safari/537.36 Edg/91.0.864.64'),(1702,14,'Update role District',1626034408,'::1','Mozilla/5.0 (Windows NT 10.0; Win64; x64) AppleWebKit/537.36 (KHTML, like Gecko) Chrome/91.0.4472.124 Safari/537.36 Edg/91.0.864.64'),(1703,14,'Update role Budget Committee Programme-Wide',1626034916,'::1','Mozilla/5.0 (Windows NT 10.0; Win64; x64) AppleWebKit/537.36 (KHTML, like Gecko) Chrome/91.0.4472.124 Safari/537.36 Edg/91.0.864.64'),(1704,18,'Update AWPB Input : Test',1626036241,'::1','Mozilla/5.0 (Windows NT 10.0; Win64; x64) AppleWebKit/537.36 (KHTML, like Gecko) Chrome/91.0.4472.124 Safari/537.36 Edg/91.0.864.64'),(1705,18,'Update AWPB Input : Maize Seed',1626036265,'::1','Mozilla/5.0 (Windows NT 10.0; Win64; x64) AppleWebKit/537.36 (KHTML, like Gecko) Chrome/91.0.4472.124 Safari/537.36 Edg/91.0.864.64'),(1706,18,'Updated 3 input',1626041046,'::1','Mozilla/5.0 (Windows NT 10.0; Win64; x64) AppleWebKit/537.36 (KHTML, like Gecko) Chrome/91.0.4472.124 Safari/537.36 Edg/91.0.864.64'),(1707,18,'Update AWPB: Activity 2.1.A1 : 59',1626041046,'::1','Mozilla/5.0 (Windows NT 10.0; Win64; x64) AppleWebKit/537.36 (KHTML, like Gecko) Chrome/91.0.4472.124 Safari/537.36 Edg/91.0.864.64'),(1708,18,'Update AWPB: Activity 2.1.A1 : 60',1626041111,'::1','Mozilla/5.0 (Windows NT 10.0; Win64; x64) AppleWebKit/537.36 (KHTML, like Gecko) Chrome/91.0.4472.124 Safari/537.36 Edg/91.0.864.64'),(1709,14,'Added activity : 2.1.B Activities related to Physical access to Markets, processing and storage ',1626043429,'::1','Mozilla/5.0 (Windows NT 10.0; Win64; x64) AppleWebKit/537.36 (KHTML, like Gecko) Chrome/91.0.4472.124 Safari/537.36 Edg/91.0.864.64'),(1710,14,'Added activity : 2.1.C Activities related to production techniques and technologies and climate change',1626043522,'::1','Mozilla/5.0 (Windows NT 10.0; Win64; x64) AppleWebKit/537.36 (KHTML, like Gecko) Chrome/91.0.4472.124 Safari/537.36 Edg/91.0.864.64'),(1711,14,'Added activity : 2.1.D Activity D: Activities related to improving MDDW',1626043584,'::1','Mozilla/5.0 (Windows NT 10.0; Win64; x64) AppleWebKit/537.36 (KHTML, like Gecko) Chrome/91.0.4472.124 Safari/537.36 Edg/91.0.864.64'),(1712,14,'Added activity : 2.1.E Activities related to HHs with targeted support to improve their nutrition',1626043640,'::1','Mozilla/5.0 (Windows NT 10.0; Win64; x64) AppleWebKit/537.36 (KHTML, like Gecko) Chrome/91.0.4472.124 Safari/537.36 Edg/91.0.864.64'),(1713,14,'Added activity : 2.1.F M&E/KMC Related activities',1626043706,'::1','Mozilla/5.0 (Windows NT 10.0; Win64; x64) AppleWebKit/537.36 (KHTML, like Gecko) Chrome/91.0.4472.124 Safari/537.36 Edg/91.0.864.64'),(1714,14,'Added activity : 2.2.A Activities related to support to physical infrastructure and other investments',1626043774,'::1','Mozilla/5.0 (Windows NT 10.0; Win64; x64) AppleWebKit/537.36 (KHTML, like Gecko) Chrome/91.0.4472.124 Safari/537.36 Edg/91.0.864.64'),(1715,14,'Added activity : 2.2.B Activities related to trainings in processing, post-harvet and value addition',1626043841,'::1','Mozilla/5.0 (Windows NT 10.0; Win64; x64) AppleWebKit/537.36 (KHTML, like Gecko) Chrome/91.0.4472.124 Safari/537.36 Edg/91.0.864.64'),(1716,14,'Added activity : 2.2.C Fidisury',1626043912,'::1','Mozilla/5.0 (Windows NT 10.0; Win64; x64) AppleWebKit/537.36 (KHTML, like Gecko) Chrome/91.0.4472.124 Safari/537.36 Edg/91.0.864.64'),(1717,14,'Added activity : 3.1.A Fiduciary & Admin related activities',1626044040,'::1','Mozilla/5.0 (Windows NT 10.0; Win64; x64) AppleWebKit/537.36 (KHTML, like Gecko) Chrome/91.0.4472.124 Safari/537.36 Edg/91.0.864.64'),(1718,14,'Added activity : 3.1.B Procurement and Contracts',1626044152,'::1','Mozilla/5.0 (Windows NT 10.0; Win64; x64) AppleWebKit/537.36 (KHTML, like Gecko) Chrome/91.0.4472.124 Safari/537.36 Edg/91.0.864.64'),(1719,14,'Added activity : 3.1.D Management Information System',1626044194,'::1','Mozilla/5.0 (Windows NT 10.0; Win64; x64) AppleWebKit/537.36 (KHTML, like Gecko) Chrome/91.0.4472.124 Safari/537.36 Edg/91.0.864.64'),(1720,14,'Updated activity2.1.A1',1626044403,'::1','Mozilla/5.0 (Windows NT 10.0; Win64; x64) AppleWebKit/537.36 (KHTML, like Gecko) Chrome/91.0.4472.124 Safari/537.36 Edg/91.0.864.64'),(1721,14,'Updated 2019 fiscal year',1626044629,'::1','Mozilla/5.0 (Windows NT 10.0; Win64; x64) AppleWebKit/537.36 (KHTML, like Gecko) Chrome/91.0.4472.124 Safari/537.36 Edg/91.0.864.64'),(1722,14,'Published  \'2019 AWPB Template',1626044652,'::1','Mozilla/5.0 (Windows NT 10.0; Win64; x64) AppleWebKit/537.36 (KHTML, like Gecko) Chrome/91.0.4472.124 Safari/537.36 Edg/91.0.864.64'),(1723,14,'Updated 2019 fiscal year',1626045219,'::1','Mozilla/5.0 (Windows NT 10.0; Win64; x64) AppleWebKit/537.36 (KHTML, like Gecko) Chrome/91.0.4472.124 Safari/537.36 Edg/91.0.864.64'),(1724,14,'Updated 2019 fiscal year',1626075201,'::1','Mozilla/5.0 (Windows NT 10.0; Win64; x64) AppleWebKit/537.36 (KHTML, like Gecko) Chrome/91.0.4472.124 Safari/537.36 Edg/91.0.864.64'),(1725,14,'Updated 2019 fiscal year',1626075555,'::1','Mozilla/5.0 (Windows NT 10.0; Win64; x64) AppleWebKit/537.36 (KHTML, like Gecko) Chrome/91.0.4472.124 Safari/537.36 Edg/91.0.864.64'),(1726,14,'Updated 2019 fiscal year',1626075576,'::1','Mozilla/5.0 (Windows NT 10.0; Win64; x64) AppleWebKit/537.36 (KHTML, like Gecko) Chrome/91.0.4472.124 Safari/537.36 Edg/91.0.864.64'),(1727,14,'Updated 2019 fiscal year',1626076179,'::1','Mozilla/5.0 (Windows NT 10.0; Win64; x64) AppleWebKit/537.36 (KHTML, like Gecko) Chrome/91.0.4472.124 Safari/537.36 Edg/91.0.864.64'),(1728,14,'Updated 2019 fiscal year',1626076514,'::1','Mozilla/5.0 (Windows NT 10.0; Win64; x64) AppleWebKit/537.36 (KHTML, like Gecko) Chrome/91.0.4472.124 Safari/537.36 Edg/91.0.864.64'),(1729,14,'Updated 2019 fiscal year',1626076927,'::1','Mozilla/5.0 (Windows NT 10.0; Win64; x64) AppleWebKit/537.36 (KHTML, like Gecko) Chrome/91.0.4472.124 Safari/537.36 Edg/91.0.864.64'),(1730,14,'Updated 2019 fiscal year',1626077064,'::1','Mozilla/5.0 (Windows NT 10.0; Win64; x64) AppleWebKit/537.36 (KHTML, like Gecko) Chrome/91.0.4472.124 Safari/537.36 Edg/91.0.864.64'),(1731,14,'Updated 2019 fiscal year',1626077450,'::1','Mozilla/5.0 (Windows NT 10.0; Win64; x64) AppleWebKit/537.36 (KHTML, like Gecko) Chrome/91.0.4472.124 Safari/537.36 Edg/91.0.864.64'),(1732,14,'Published  \'2019 AWPB Template',1626077766,'::1','Mozilla/5.0 (Windows NT 10.0; Win64; x64) AppleWebKit/537.36 (KHTML, like Gecko) Chrome/91.0.4472.124 Safari/537.36 Edg/91.0.864.64'),(1733,14,'Update role PCO',1626078166,'::1','Mozilla/5.0 (Windows NT 10.0; Win64; x64) AppleWebKit/537.36 (KHTML, like Gecko) Chrome/91.0.4472.124 Safari/537.36 Edg/91.0.864.64'),(1734,14,'Update role Ministry',1626078306,'::1','Mozilla/5.0 (Windows NT 10.0; Win64; x64) AppleWebKit/537.36 (KHTML, like Gecko) Chrome/91.0.4472.124 Safari/537.36 Edg/91.0.864.64'),(1735,14,'Update role PCO',1626078399,'::1','Mozilla/5.0 (Windows NT 10.0; Win64; x64) AppleWebKit/537.36 (KHTML, like Gecko) Chrome/91.0.4472.124 Safari/537.36 Edg/91.0.864.64'),(1736,18,'Quarter One funds requisition ',1626079067,'::1','Mozilla/5.0 (Windows NT 10.0; Win64; x64) AppleWebKit/537.36 (KHTML, like Gecko) Chrome/91.0.4472.124 Safari/537.36 Edg/91.0.864.64'),(1737,14,'Update role PCO',1626079183,'::1','Mozilla/5.0 (Windows NT 10.0; Win64; x64) AppleWebKit/537.36 (KHTML, like Gecko) Chrome/91.0.4472.124 Safari/537.36 Edg/91.0.864.64'),(1738,15,'Quarter One funds requisition ',1626079289,'::1','Mozilla/5.0 (Windows NT 10.0; Win64; x64) AppleWebKit/537.36 (KHTML, like Gecko) Chrome/91.0.4472.124 Safari/537.36 Edg/91.0.864.64'),(1739,14,'Update role PCO',1626079356,'::1','Mozilla/5.0 (Windows NT 10.0; Win64; x64) AppleWebKit/537.36 (KHTML, like Gecko) Chrome/91.0.4472.124 Safari/537.36 Edg/91.0.864.64'),(1740,14,'Update role PCO',1626080763,'::1','Mozilla/5.0 (Windows NT 10.0; Win64; x64) AppleWebKit/537.36 (KHTML, like Gecko) Chrome/91.0.4472.124 Safari/537.36 Edg/91.0.864.64'),(1741,14,'Updated 2019 fiscal year',1626108890,'::1','Mozilla/5.0 (Windows NT 10.0; Win64; x64) AppleWebKit/537.36 (KHTML, like Gecko) Chrome/91.0.4472.124 Safari/537.36 Edg/91.0.864.64'),(1742,14,'Updated 2019 fiscal year',1626108956,'::1','Mozilla/5.0 (Windows NT 10.0; Win64; x64) AppleWebKit/537.36 (KHTML, like Gecko) Chrome/91.0.4472.124 Safari/537.36 Edg/91.0.864.64'),(1743,14,'Updated 2019 fiscal year',1626109011,'::1','Mozilla/5.0 (Windows NT 10.0; Win64; x64) AppleWebKit/537.36 (KHTML, like Gecko) Chrome/91.0.4472.124 Safari/537.36 Edg/91.0.864.64'),(1744,14,'Updated 2019 fiscal year',1626109167,'::1','Mozilla/5.0 (Windows NT 10.0; Win64; x64) AppleWebKit/537.36 (KHTML, like Gecko) Chrome/91.0.4472.124 Safari/537.36 Edg/91.0.864.64'),(1745,14,'Updated 2019 fiscal year',1626109342,'::1','Mozilla/5.0 (Windows NT 10.0; Win64; x64) AppleWebKit/537.36 (KHTML, like Gecko) Chrome/91.0.4472.124 Safari/537.36 Edg/91.0.864.64'),(1746,14,'Updated 2019 fiscal year',1626109373,'::1','Mozilla/5.0 (Windows NT 10.0; Win64; x64) AppleWebKit/537.36 (KHTML, like Gecko) Chrome/91.0.4472.124 Safari/537.36 Edg/91.0.864.64'),(1747,14,'Published  \'2019 AWPB Template',1626195087,'::1','Mozilla/5.0 (Windows NT 10.0; Win64; x64) AppleWebKit/537.36 (KHTML, like Gecko) Chrome/91.0.4472.124 Safari/537.36 Edg/91.0.864.64'),(1748,14,'Added activity : 2.1.A2 VC innovation  multi-stakeholder  engagement meetings',1626197636,'::1','Mozilla/5.0 (Windows NT 10.0; Win64; x64) AppleWebKit/537.36 (KHTML, like Gecko) Chrome/91.0.4472.124 Safari/537.36 Edg/91.0.864.64'),(1749,14,'Added activity : 2.1.A3 Technical support(training and mentorship) facilitation  in specialised production ',1626197795,'::1','Mozilla/5.0 (Windows NT 10.0; Win64; x64) AppleWebKit/537.36 (KHTML, like Gecko) Chrome/91.0.4472.124 Safari/537.36 Edg/91.0.864.64'),(1750,14,'Added activity : 2.2.A2 District Review of Applications and PCNs',1626197907,'::1','Mozilla/5.0 (Windows NT 10.0; Win64; x64) AppleWebKit/537.36 (KHTML, like Gecko) Chrome/91.0.4472.124 Safari/537.36 Edg/91.0.864.64'),(1751,14,'Updated 2019 fiscal year',1626199730,'::1','Mozilla/5.0 (Windows NT 10.0; Win64; x64) AppleWebKit/537.36 (KHTML, like Gecko) Chrome/91.0.4472.124 Safari/537.36 Edg/91.0.864.64'),(1752,14,'Updated 2019 fiscal year',1626199780,'::1','Mozilla/5.0 (Windows NT 10.0; Win64; x64) AppleWebKit/537.36 (KHTML, like Gecko) Chrome/91.0.4472.124 Safari/537.36 Edg/91.0.864.64'),(1753,14,'Updated 2019 fiscal year',1626199887,'::1','Mozilla/5.0 (Windows NT 10.0; Win64; x64) AppleWebKit/537.36 (KHTML, like Gecko) Chrome/91.0.4472.124 Safari/537.36 Edg/91.0.864.64'),(1754,14,'Updated 2019 fiscal year',1626199887,'::1','Mozilla/5.0 (Windows NT 10.0; Win64; x64) AppleWebKit/537.36 (KHTML, like Gecko) Chrome/91.0.4472.124 Safari/537.36 Edg/91.0.864.64'),(1755,14,'Updated 2019 fiscal year',1626199907,'::1','Mozilla/5.0 (Windows NT 10.0; Win64; x64) AppleWebKit/537.36 (KHTML, like Gecko) Chrome/91.0.4472.124 Safari/537.36 Edg/91.0.864.64'),(1756,14,'Updated 2019 fiscal year',1626200090,'::1','Mozilla/5.0 (Windows NT 10.0; Win64; x64) AppleWebKit/537.36 (KHTML, like Gecko) Chrome/91.0.4472.124 Safari/537.36 Edg/91.0.864.64'),(1757,14,'Updated 2019 fiscal year',1626200090,'::1','Mozilla/5.0 (Windows NT 10.0; Win64; x64) AppleWebKit/537.36 (KHTML, like Gecko) Chrome/91.0.4472.124 Safari/537.36 Edg/91.0.864.64'),(1758,14,'Updated 2019 fiscal year',1626200112,'::1','Mozilla/5.0 (Windows NT 10.0; Win64; x64) AppleWebKit/537.36 (KHTML, like Gecko) Chrome/91.0.4472.124 Safari/537.36 Edg/91.0.864.64'),(1759,14,'Updated 2019 fiscal year',1626200499,'::1','Mozilla/5.0 (Windows NT 10.0; Win64; x64) AppleWebKit/537.36 (KHTML, like Gecko) Chrome/91.0.4472.124 Safari/537.36 Edg/91.0.864.64'),(1760,14,'Updated 2019 fiscal year',1626200669,'::1','Mozilla/5.0 (Windows NT 10.0; Win64; x64) AppleWebKit/537.36 (KHTML, like Gecko) Chrome/91.0.4472.124 Safari/537.36 Edg/91.0.864.64'),(1761,14,'Published  \'2019 AWPB Template',1626209743,'::1','Mozilla/5.0 (Windows NT 10.0; Win64; x64) AppleWebKit/537.36 (KHTML, like Gecko) Chrome/91.0.4472.124 Safari/537.36 Edg/91.0.864.64'),(1762,18,'Added AWPB  : 72',1626210122,'::1','Mozilla/5.0 (Windows NT 10.0; Win64; x64) AppleWebKit/537.36 (KHTML, like Gecko) Chrome/91.0.4472.124 Safari/537.36 Edg/91.0.864.64'),(1763,18,'Updated 6 input',1626251745,'::1','Mozilla/5.0 (Windows NT 10.0; Win64; x64) AppleWebKit/537.36 (KHTML, like Gecko) Chrome/91.0.4472.124 Safari/537.36 Edg/91.0.864.64'),(1764,18,'Update AWPB: VC innovation  multi-stakeholder  engagement meetings : 72',1626251745,'::1','Mozilla/5.0 (Windows NT 10.0; Win64; x64) AppleWebKit/537.36 (KHTML, like Gecko) Chrome/91.0.4472.124 Safari/537.36 Edg/91.0.864.64'),(1765,18,'Updated 6 input',1626252356,'::1','Mozilla/5.0 (Windows NT 10.0; Win64; x64) AppleWebKit/537.36 (KHTML, like Gecko) Chrome/91.0.4472.124 Safari/537.36 Edg/91.0.864.64'),(1766,18,'Update AWPB: VC innovation  multi-stakeholder  engagement meetings : 72',1626252356,'::1','Mozilla/5.0 (Windows NT 10.0; Win64; x64) AppleWebKit/537.36 (KHTML, like Gecko) Chrome/91.0.4472.124 Safari/537.36 Edg/91.0.864.64'),(1767,18,'Updated 6 input',1626252714,'::1','Mozilla/5.0 (Windows NT 10.0; Win64; x64) AppleWebKit/537.36 (KHTML, like Gecko) Chrome/91.0.4472.124 Safari/537.36 Edg/91.0.864.64'),(1768,18,'Update AWPB: VC innovation  multi-stakeholder  engagement meetings : 72',1626252714,'::1','Mozilla/5.0 (Windows NT 10.0; Win64; x64) AppleWebKit/537.36 (KHTML, like Gecko) Chrome/91.0.4472.124 Safari/537.36 Edg/91.0.864.64'),(1769,18,'Update AWPB Input : Stationery',1626254111,'::1','Mozilla/5.0 (Windows NT 10.0; Win64; x64) AppleWebKit/537.36 (KHTML, like Gecko) Chrome/91.0.4472.124 Safari/537.36 Edg/91.0.864.64'),(1770,18,'Update AWPB Input : Stationery 2',1626254201,'::1','Mozilla/5.0 (Windows NT 10.0; Win64; x64) AppleWebKit/537.36 (KHTML, like Gecko) Chrome/91.0.4472.124 Safari/537.36 Edg/91.0.864.64'),(1771,18,'Update AWPB Input : Stationery 2',1626254300,'::1','Mozilla/5.0 (Windows NT 10.0; Win64; x64) AppleWebKit/537.36 (KHTML, like Gecko) Chrome/91.0.4472.124 Safari/537.36 Edg/91.0.864.64'),(1772,18,'Update AWPB Input : Stationery 2',1626254356,'::1','Mozilla/5.0 (Windows NT 10.0; Win64; x64) AppleWebKit/537.36 (KHTML, like Gecko) Chrome/91.0.4472.124 Safari/537.36 Edg/91.0.864.64'),(1773,18,'Update AWPB Input : Fuel',1626254399,'::1','Mozilla/5.0 (Windows NT 10.0; Win64; x64) AppleWebKit/537.36 (KHTML, like Gecko) Chrome/91.0.4472.124 Safari/537.36 Edg/91.0.864.64'),(1774,18,'Update AWPB Input : Fuel',1626254432,'::1','Mozilla/5.0 (Windows NT 10.0; Win64; x64) AppleWebKit/537.36 (KHTML, like Gecko) Chrome/91.0.4472.124 Safari/537.36 Edg/91.0.864.64'),(1775,18,'Added AWPB input : Oil # 34',1626254506,'::1','Mozilla/5.0 (Windows NT 10.0; Win64; x64) AppleWebKit/537.36 (KHTML, like Gecko) Chrome/91.0.4472.124 Safari/537.36 Edg/91.0.864.64'),(1776,18,'Added AWPB input : Oil # 35',1626254710,'::1','Mozilla/5.0 (Windows NT 10.0; Win64; x64) AppleWebKit/537.36 (KHTML, like Gecko) Chrome/91.0.4472.124 Safari/537.36 Edg/91.0.864.64'),(1777,18,'Added AWPB input : Oil # 36',1626254818,'::1','Mozilla/5.0 (Windows NT 10.0; Win64; x64) AppleWebKit/537.36 (KHTML, like Gecko) Chrome/91.0.4472.124 Safari/537.36 Edg/91.0.864.64'),(1778,14,'Updated 2019 fiscal year',1626257225,'::1','Mozilla/5.0 (Windows NT 10.0; Win64; x64) AppleWebKit/537.36 (KHTML, like Gecko) Chrome/91.0.4472.124 Safari/537.36 Edg/91.0.864.64'),(1779,14,'Published  \'2019 AWPB Template',1626257275,'::1','Mozilla/5.0 (Windows NT 10.0; Win64; x64) AppleWebKit/537.36 (KHTML, like Gecko) Chrome/91.0.4472.124 Safari/537.36 Edg/91.0.864.64'),(1780,18,'Added AWPB  : 73',1626257412,'::1','Mozilla/5.0 (Windows NT 10.0; Win64; x64) AppleWebKit/537.36 (KHTML, like Gecko) Chrome/91.0.4472.124 Safari/537.36 Edg/91.0.864.64'),(1781,18,'Added AWPB input : fuel # 37',1626257491,'::1','Mozilla/5.0 (Windows NT 10.0; Win64; x64) AppleWebKit/537.36 (KHTML, like Gecko) Chrome/91.0.4472.124 Safari/537.36 Edg/91.0.864.64'),(1782,18,'Update AWPB Input : Stationery',1626259412,'::1','Mozilla/5.0 (Windows NT 10.0; Win64; x64) AppleWebKit/537.36 (KHTML, like Gecko) Chrome/91.0.4472.124 Safari/537.36 Edg/91.0.864.64'),(1783,18,'Update AWPB Input : Diesel Fuel',1626259438,'::1','Mozilla/5.0 (Windows NT 10.0; Win64; x64) AppleWebKit/537.36 (KHTML, like Gecko) Chrome/91.0.4472.124 Safari/537.36 Edg/91.0.864.64'),(1784,18,'Update AWPB Input : Diesel Fuel',1626259454,'::1','Mozilla/5.0 (Windows NT 10.0; Win64; x64) AppleWebKit/537.36 (KHTML, like Gecko) Chrome/91.0.4472.124 Safari/537.36 Edg/91.0.864.64'),(1785,18,'Updated 1 input',1626259571,'::1','Mozilla/5.0 (Windows NT 10.0; Win64; x64) AppleWebKit/537.36 (KHTML, like Gecko) Chrome/91.0.4472.124 Safari/537.36 Edg/91.0.864.64'),(1786,18,'Update AWPB: Stakeholder Engagement for Phase 2 and 3 Cat. A farmers : 73',1626259571,'::1','Mozilla/5.0 (Windows NT 10.0; Win64; x64) AppleWebKit/537.36 (KHTML, like Gecko) Chrome/91.0.4472.124 Safari/537.36 Edg/91.0.864.64'),(1787,18,'Update AWPB Input : fuel',1626259584,'::1','Mozilla/5.0 (Windows NT 10.0; Win64; x64) AppleWebKit/537.36 (KHTML, like Gecko) Chrome/91.0.4472.124 Safari/537.36 Edg/91.0.864.64'),(1788,18,'Updated 1 input',1626259595,'::1','Mozilla/5.0 (Windows NT 10.0; Win64; x64) AppleWebKit/537.36 (KHTML, like Gecko) Chrome/91.0.4472.124 Safari/537.36 Edg/91.0.864.64'),(1789,18,'Update AWPB: Stakeholder Engagement for Phase 2 and 3 Cat. A farmers : 73',1626259595,'::1','Mozilla/5.0 (Windows NT 10.0; Win64; x64) AppleWebKit/537.36 (KHTML, like Gecko) Chrome/91.0.4472.124 Safari/537.36 Edg/91.0.864.64'),(1790,18,'Updated 1 input',1626259634,'::1','Mozilla/5.0 (Windows NT 10.0; Win64; x64) AppleWebKit/537.36 (KHTML, like Gecko) Chrome/91.0.4472.124 Safari/537.36 Edg/91.0.864.64'),(1791,18,'Update AWPB: Stakeholder Engagement for Phase 2 and 3 Cat. A farmers : 73',1626259634,'::1','Mozilla/5.0 (Windows NT 10.0; Win64; x64) AppleWebKit/537.36 (KHTML, like Gecko) Chrome/91.0.4472.124 Safari/537.36 Edg/91.0.864.64'),(1792,18,'Update AWPB Input : Petrol Fuel',1626259650,'::1','Mozilla/5.0 (Windows NT 10.0; Win64; x64) AppleWebKit/537.36 (KHTML, like Gecko) Chrome/91.0.4472.124 Safari/537.36 Edg/91.0.864.64'),(1793,18,'Submitted 72 : VC innovation  multi-stakeholder  engagement meetings',1626259665,'::1','Mozilla/5.0 (Windows NT 10.0; Win64; x64) AppleWebKit/537.36 (KHTML, like Gecko) Chrome/91.0.4472.124 Safari/537.36 Edg/91.0.864.64'),(1794,18,'Submitted 73 : Stakeholder Engagement for Phase 2 and 3 Cat. A farmers',1626259665,'::1','Mozilla/5.0 (Windows NT 10.0; Win64; x64) AppleWebKit/537.36 (KHTML, like Gecko) Chrome/91.0.4472.124 Safari/537.36 Edg/91.0.864.64'),(1795,12,'Submitted 72 : VC innovation  multi-stakeholder  engagement meetings',1626260101,'::1','Mozilla/5.0 (Windows NT 10.0; Win64; x64) AppleWebKit/537.36 (KHTML, like Gecko) Chrome/91.0.4472.124 Safari/537.36 Edg/91.0.864.64'),(1796,12,'Submitted 73 : Stakeholder Engagement for Phase 2 and 3 Cat. A farmers',1626260101,'::1','Mozilla/5.0 (Windows NT 10.0; Win64; x64) AppleWebKit/537.36 (KHTML, like Gecko) Chrome/91.0.4472.124 Safari/537.36 Edg/91.0.864.64'),(1797,18,'Update AWPB actual Input : Diesel Fuel',1626294822,'::1','Mozilla/5.0 (Windows NT 10.0; Win64; x64) AppleWebKit/537.36 (KHTML, like Gecko) Chrome/91.0.4472.124 Safari/537.36 Edg/91.0.864.64'),(1798,18,'Update AWPB actual Input : Diesel Fuel',1626294928,'::1','Mozilla/5.0 (Windows NT 10.0; Win64; x64) AppleWebKit/537.36 (KHTML, like Gecko) Chrome/91.0.4472.124 Safari/537.36 Edg/91.0.864.64'),(1799,18,'Update AWPB actual Input : Diesel Fuel',1626295457,'::1','Mozilla/5.0 (Windows NT 10.0; Win64; x64) AppleWebKit/537.36 (KHTML, like Gecko) Chrome/91.0.4472.124 Safari/537.36 Edg/91.0.864.64'),(1800,18,'Added AWPB  input : Testing # 37',1626297979,'::1','Mozilla/5.0 (Windows NT 10.0; Win64; x64) AppleWebKit/537.36 (KHTML, like Gecko) Chrome/91.0.4472.124 Safari/537.36 Edg/91.0.864.64'),(1801,18,'Added AWPB  input : Testing 3 # 38',1626298056,'::1','Mozilla/5.0 (Windows NT 10.0; Win64; x64) AppleWebKit/537.36 (KHTML, like Gecko) Chrome/91.0.4472.124 Safari/537.36 Edg/91.0.864.64'),(1802,18,'Added AWPB  input : Testing 3 # 39',1626298079,'::1','Mozilla/5.0 (Windows NT 10.0; Win64; x64) AppleWebKit/537.36 (KHTML, like Gecko) Chrome/91.0.4472.124 Safari/537.36 Edg/91.0.864.64'),(1803,18,'Added AWPB  input : Test # 40',1626298563,'::1','Mozilla/5.0 (Windows NT 10.0; Win64; x64) AppleWebKit/537.36 (KHTML, like Gecko) Chrome/91.0.4472.124 Safari/537.36 Edg/91.0.864.64'),(1804,18,'Added AWPB  input : Test 5 # 41',1626298799,'::1','Mozilla/5.0 (Windows NT 10.0; Win64; x64) AppleWebKit/537.36 (KHTML, like Gecko) Chrome/91.0.4472.124 Safari/537.36 Edg/91.0.864.64'),(1805,18,'Update AWPB actual Input : Test',1626362027,'::1','Mozilla/5.0 (Windows NT 10.0; Win64; x64) AppleWebKit/537.36 (KHTML, like Gecko) Chrome/91.0.4472.124 Safari/537.36 Edg/91.0.864.67'),(1806,18,'Update AWPB actual Input : Test 5',1626362053,'::1','Mozilla/5.0 (Windows NT 10.0; Win64; x64) AppleWebKit/537.36 (KHTML, like Gecko) Chrome/91.0.4472.124 Safari/537.36 Edg/91.0.864.67'),(1807,18,'Update AWPB actual Input : Test',1626363641,'::1','Mozilla/5.0 (Windows NT 10.0; Win64; x64) AppleWebKit/537.36 (KHTML, like Gecko) Chrome/91.0.4472.124 Safari/537.36 Edg/91.0.864.67'),(1808,18,'Update AWPB actual Input : Test',1626363690,'::1','Mozilla/5.0 (Windows NT 10.0; Win64; x64) AppleWebKit/537.36 (KHTML, like Gecko) Chrome/91.0.4472.124 Safari/537.36 Edg/91.0.864.67'),(1809,18,'Update AWPB actual Input : Test',1626363786,'::1','Mozilla/5.0 (Windows NT 10.0; Win64; x64) AppleWebKit/537.36 (KHTML, like Gecko) Chrome/91.0.4472.124 Safari/537.36 Edg/91.0.864.67'),(1810,18,'Added AWPB  input : Test # 42',1626363873,'::1','Mozilla/5.0 (Windows NT 10.0; Win64; x64) AppleWebKit/537.36 (KHTML, like Gecko) Chrome/91.0.4472.124 Safari/537.36 Edg/91.0.864.67'),(1811,18,'Update AWPB actual Input : Test',1626365422,'::1','Mozilla/5.0 (Windows NT 10.0; Win64; x64) AppleWebKit/537.36 (KHTML, like Gecko) Chrome/91.0.4472.124 Safari/537.36 Edg/91.0.864.67'),(1812,18,'Update AWPB actual Input : Test',1626365460,'::1','Mozilla/5.0 (Windows NT 10.0; Win64; x64) AppleWebKit/537.36 (KHTML, like Gecko) Chrome/91.0.4472.124 Safari/537.36 Edg/91.0.864.67'),(1813,18,'Added AWPB  input : Test # 43',1626365497,'::1','Mozilla/5.0 (Windows NT 10.0; Win64; x64) AppleWebKit/537.36 (KHTML, like Gecko) Chrome/91.0.4472.124 Safari/537.36 Edg/91.0.864.67'),(1814,18,'Update AWPB actual Input : Test',1626365581,'::1','Mozilla/5.0 (Windows NT 10.0; Win64; x64) AppleWebKit/537.36 (KHTML, like Gecko) Chrome/91.0.4472.124 Safari/537.36 Edg/91.0.864.67'),(1815,18,'Update AWPB actual Input : Test',1626365639,'::1','Mozilla/5.0 (Windows NT 10.0; Win64; x64) AppleWebKit/537.36 (KHTML, like Gecko) Chrome/91.0.4472.124 Safari/537.36 Edg/91.0.864.67'),(1816,18,'Update AWPB actual Input : Test',1626365669,'::1','Mozilla/5.0 (Windows NT 10.0; Win64; x64) AppleWebKit/537.36 (KHTML, like Gecko) Chrome/91.0.4472.124 Safari/537.36 Edg/91.0.864.67'),(1817,18,'Update AWPB actual Input : Test',1626365694,'::1','Mozilla/5.0 (Windows NT 10.0; Win64; x64) AppleWebKit/537.36 (KHTML, like Gecko) Chrome/91.0.4472.124 Safari/537.36 Edg/91.0.864.67'),(1818,18,'Update AWPB actual Input : Test',1626365710,'::1','Mozilla/5.0 (Windows NT 10.0; Win64; x64) AppleWebKit/537.36 (KHTML, like Gecko) Chrome/91.0.4472.124 Safari/537.36 Edg/91.0.864.67'),(1819,18,'Update AWPB actual Input : Test',1626366021,'::1','Mozilla/5.0 (Windows NT 10.0; Win64; x64) AppleWebKit/537.36 (KHTML, like Gecko) Chrome/91.0.4472.124 Safari/537.36 Edg/91.0.864.67'),(1820,18,'Update AWPB actual Input : Test',1626366036,'::1','Mozilla/5.0 (Windows NT 10.0; Win64; x64) AppleWebKit/537.36 (KHTML, like Gecko) Chrome/91.0.4472.124 Safari/537.36 Edg/91.0.864.67'),(1821,18,'Update AWPB actual Input : Test',1626366053,'::1','Mozilla/5.0 (Windows NT 10.0; Win64; x64) AppleWebKit/537.36 (KHTML, like Gecko) Chrome/91.0.4472.124 Safari/537.36 Edg/91.0.864.67'),(1822,18,'Update AWPB actual Input : Test',1626366074,'::1','Mozilla/5.0 (Windows NT 10.0; Win64; x64) AppleWebKit/537.36 (KHTML, like Gecko) Chrome/91.0.4472.124 Safari/537.36 Edg/91.0.864.67'),(1823,18,'Update AWPB actual Input : Test',1626366091,'::1','Mozilla/5.0 (Windows NT 10.0; Win64; x64) AppleWebKit/537.36 (KHTML, like Gecko) Chrome/91.0.4472.124 Safari/537.36 Edg/91.0.864.67'),(1824,18,'Update AWPB actual Input : Test',1626368509,'::1','Mozilla/5.0 (Windows NT 10.0; Win64; x64) AppleWebKit/537.36 (KHTML, like Gecko) Chrome/91.0.4472.124 Safari/537.36 Edg/91.0.864.67'),(1825,18,'Added AWPB  input : Flowers # 44',1626368934,'::1','Mozilla/5.0 (Windows NT 10.0; Win64; x64) AppleWebKit/537.36 (KHTML, like Gecko) Chrome/91.0.4472.124 Safari/537.36 Edg/91.0.864.67'),(1826,18,'Update AWPB Input : Diesel Fuel',1626374881,'::1','Mozilla/5.0 (Windows NT 10.0; Win64; x64) AppleWebKit/537.36 (KHTML, like Gecko) Chrome/91.0.4472.124 Safari/537.36 Edg/91.0.864.67'),(1827,18,'Update AWPB Input : Diesel Fuel',1626374926,'::1','Mozilla/5.0 (Windows NT 10.0; Win64; x64) AppleWebKit/537.36 (KHTML, like Gecko) Chrome/91.0.4472.124 Safari/537.36 Edg/91.0.864.67'),(1828,18,'Update AWPB Input : Diesel Fuel',1626375346,'::1','Mozilla/5.0 (Windows NT 10.0; Win64; x64) AppleWebKit/537.36 (KHTML, like Gecko) Chrome/91.0.4472.124 Safari/537.36 Edg/91.0.864.67'),(1829,18,'Update AWPB Input : Diesel Fuel',1626375404,'::1','Mozilla/5.0 (Windows NT 10.0; Win64; x64) AppleWebKit/537.36 (KHTML, like Gecko) Chrome/91.0.4472.124 Safari/537.36 Edg/91.0.864.67'),(1830,18,'Update AWPB Input : Diesel Fuel',1626375630,'::1','Mozilla/5.0 (Windows NT 10.0; Win64; x64) AppleWebKit/537.36 (KHTML, like Gecko) Chrome/91.0.4472.124 Safari/537.36 Edg/91.0.864.67'),(1831,18,'Update AWPB Input : Diesel Fuel',1626375786,'::1','Mozilla/5.0 (Windows NT 10.0; Win64; x64) AppleWebKit/537.36 (KHTML, like Gecko) Chrome/91.0.4472.124 Safari/537.36 Edg/91.0.864.67'),(1832,18,'Update AWPB Input : Diesel Fuel',1626375855,'::1','Mozilla/5.0 (Windows NT 10.0; Win64; x64) AppleWebKit/537.36 (KHTML, like Gecko) Chrome/91.0.4472.124 Safari/537.36 Edg/91.0.864.67'),(1833,18,'Update AWPB Input : Diesel Fuel',1626376091,'::1','Mozilla/5.0 (Windows NT 10.0; Win64; x64) AppleWebKit/537.36 (KHTML, like Gecko) Chrome/91.0.4472.124 Safari/537.36 Edg/91.0.864.67'),(1834,18,'Update AWPB Input : Diesel Fuel',1626376208,'::1','Mozilla/5.0 (Windows NT 10.0; Win64; x64) AppleWebKit/537.36 (KHTML, like Gecko) Chrome/91.0.4472.124 Safari/537.36 Edg/91.0.864.67'),(1835,18,'Update AWPB Input : Diesel Fuel',1626376419,'::1','Mozilla/5.0 (Windows NT 10.0; Win64; x64) AppleWebKit/537.36 (KHTML, like Gecko) Chrome/91.0.4472.124 Safari/537.36 Edg/91.0.864.67'),(1836,18,'Update AWPB actual Input : Diesel Fuel',1626380153,'::1','Mozilla/5.0 (Windows NT 10.0; Win64; x64) AppleWebKit/537.36 (KHTML, like Gecko) Chrome/91.0.4472.124 Safari/537.36 Edg/91.0.864.67'),(1837,18,'Update AWPB actual Input : Diesel Fuel',1626380178,'::1','Mozilla/5.0 (Windows NT 10.0; Win64; x64) AppleWebKit/537.36 (KHTML, like Gecko) Chrome/91.0.4472.124 Safari/537.36 Edg/91.0.864.67'),(1838,18,'Update AWPB actual Input : Diesel Fuel',1626380237,'::1','Mozilla/5.0 (Windows NT 10.0; Win64; x64) AppleWebKit/537.36 (KHTML, like Gecko) Chrome/91.0.4472.124 Safari/537.36 Edg/91.0.864.67'),(1839,18,'Update AWPB actual Input : Diesel Fuel',1626380273,'::1','Mozilla/5.0 (Windows NT 10.0; Win64; x64) AppleWebKit/537.36 (KHTML, like Gecko) Chrome/91.0.4472.124 Safari/537.36 Edg/91.0.864.67'),(1840,18,'Update AWPB actual Input : Diesel Fuel',1626380314,'::1','Mozilla/5.0 (Windows NT 10.0; Win64; x64) AppleWebKit/537.36 (KHTML, like Gecko) Chrome/91.0.4472.124 Safari/537.36 Edg/91.0.864.67'),(1841,18,'Update AWPB actual Input : Diesel Fuel',1626380356,'::1','Mozilla/5.0 (Windows NT 10.0; Win64; x64) AppleWebKit/537.36 (KHTML, like Gecko) Chrome/91.0.4472.124 Safari/537.36 Edg/91.0.864.67'),(1842,18,'Update AWPB actual Input : Diesel Fuel',1626380930,'::1','Mozilla/5.0 (Windows NT 10.0; Win64; x64) AppleWebKit/537.36 (KHTML, like Gecko) Chrome/91.0.4472.124 Safari/537.36 Edg/91.0.864.67'),(1843,18,'Update AWPB actual Input : Diesel Fuel',1626381494,'::1','Mozilla/5.0 (Windows NT 10.0; Win64; x64) AppleWebKit/537.36 (KHTML, like Gecko) Chrome/91.0.4472.124 Safari/537.36 Edg/91.0.864.67'),(1844,18,'Update AWPB actual Input : Diesel Fuel2',1626382907,'::1','Mozilla/5.0 (Windows NT 10.0; Win64; x64) AppleWebKit/537.36 (KHTML, like Gecko) Chrome/91.0.4472.124 Safari/537.36 Edg/91.0.864.67'),(1845,18,'Update AWPB actual Input : Diesel Fuel',1626386769,'::1','Mozilla/5.0 (Windows NT 10.0; Win64; x64) AppleWebKit/537.36 (KHTML, like Gecko) Chrome/91.0.4472.124 Safari/537.36 Edg/91.0.864.67'),(1846,18,'Update AWPB actual Input : Diesel Fuel2',1626386902,'::1','Mozilla/5.0 (Windows NT 10.0; Win64; x64) AppleWebKit/537.36 (KHTML, like Gecko) Chrome/91.0.4472.124 Safari/537.36 Edg/91.0.864.67'),(1847,18,'Added AWPB  input : Mine # 5',1626387210,'::1','Mozilla/5.0 (Windows NT 10.0; Win64; x64) AppleWebKit/537.36 (KHTML, like Gecko) Chrome/91.0.4472.124 Safari/537.36 Edg/91.0.864.67'),(1848,18,'Added AWPB  input : Tea Bags # 6',1626387636,'::1','Mozilla/5.0 (Windows NT 10.0; Win64; x64) AppleWebKit/537.36 (KHTML, like Gecko) Chrome/91.0.4472.124 Safari/537.36 Edg/91.0.864.67'),(1849,18,'Added AWPB  input : Folders # 7',1626391028,'::1','Mozilla/5.0 (Windows NT 10.0; Win64; x64) AppleWebKit/537.36 (KHTML, like Gecko) Chrome/91.0.4472.124 Safari/537.36 Edg/91.0.864.67'),(1850,14,'Update role Provincial',1626472813,'::1','Mozilla/5.0 (Windows NT 10.0; Win64; x64) AppleWebKit/537.36 (KHTML, like Gecko) Chrome/91.0.4472.124 Safari/537.36 Edg/91.0.864.67'),(1851,18,'Funds requisition for 2019 Q4 has been submitted.',1626476417,'::1','Mozilla/5.0 (Windows NT 10.0; Win64; x64) AppleWebKit/537.36 (KHTML, like Gecko) Chrome/91.0.4472.124 Safari/537.36 Edg/91.0.864.67'),(1852,18,'Funds requisition for 2019 Q4 has been submitted.',1626476449,'::1','Mozilla/5.0 (Windows NT 10.0; Win64; x64) AppleWebKit/537.36 (KHTML, like Gecko) Chrome/91.0.4472.124 Safari/537.36 Edg/91.0.864.67'),(1853,18,'Funds requisition for 2019 Q4 has been submitted.',1626476477,'::1','Mozilla/5.0 (Windows NT 10.0; Win64; x64) AppleWebKit/537.36 (KHTML, like Gecko) Chrome/91.0.4472.124 Safari/537.36 Edg/91.0.864.67'),(1854,18,'Funds requisition for 2019 Q4 has been submitted.',1626476832,'::1','Mozilla/5.0 (Windows NT 10.0; Win64; x64) AppleWebKit/537.36 (KHTML, like Gecko) Chrome/91.0.4472.124 Safari/537.36 Edg/91.0.864.67'),(1855,18,'Funds requisition for 2019 Q4 has been submitted.',1626477026,'::1','Mozilla/5.0 (Windows NT 10.0; Win64; x64) AppleWebKit/537.36 (KHTML, like Gecko) Chrome/91.0.4472.124 Safari/537.36 Edg/91.0.864.67'),(1856,18,'Funds requisition for 2019 Q4 has been submitted.',1626477602,'::1','Mozilla/5.0 (Windows NT 10.0; Win64; x64) AppleWebKit/537.36 (KHTML, like Gecko) Chrome/91.0.4472.124 Safari/537.36 Edg/91.0.864.67'),(1857,18,'Funds requisition for 2019 Q4 has been submitted.',1626477619,'::1','Mozilla/5.0 (Windows NT 10.0; Win64; x64) AppleWebKit/537.36 (KHTML, like Gecko) Chrome/91.0.4472.124 Safari/537.36 Edg/91.0.864.67'),(1858,18,'Funds requisition for 2019 Q4 has been submitted.',1626477778,'::1','Mozilla/5.0 (Windows NT 10.0; Win64; x64) AppleWebKit/537.36 (KHTML, like Gecko) Chrome/91.0.4472.124 Safari/537.36 Edg/91.0.864.67'),(1859,18,'Funds requisition for 2019 Q4 has been submitted.',1626477840,'::1','Mozilla/5.0 (Windows NT 10.0; Win64; x64) AppleWebKit/537.36 (KHTML, like Gecko) Chrome/91.0.4472.124 Safari/537.36 Edg/91.0.864.67'),(1860,18,'Funds requisition for 2019 Q4 has been submitted.',1626477886,'::1','Mozilla/5.0 (Windows NT 10.0; Win64; x64) AppleWebKit/537.36 (KHTML, like Gecko) Chrome/91.0.4472.124 Safari/537.36 Edg/91.0.864.67'),(1861,18,'Funds requisition for 2019 Q4 has been submitted.',1626477901,'::1','Mozilla/5.0 (Windows NT 10.0; Win64; x64) AppleWebKit/537.36 (KHTML, like Gecko) Chrome/91.0.4472.124 Safari/537.36 Edg/91.0.864.67'),(1862,18,'Funds requisition for 2019 Q4 has been submitted.',1626477929,'::1','Mozilla/5.0 (Windows NT 10.0; Win64; x64) AppleWebKit/537.36 (KHTML, like Gecko) Chrome/91.0.4472.124 Safari/537.36 Edg/91.0.864.67'),(1863,18,'Funds requisition for 2019 Q4 has been submitted.',1626478326,'::1','Mozilla/5.0 (Windows NT 10.0; Win64; x64) AppleWebKit/537.36 (KHTML, like Gecko) Chrome/91.0.4472.124 Safari/537.36 Edg/91.0.864.67'),(1864,18,'Funds requisition for 2019 Q4 has been submitted.',1626599183,'::1','Mozilla/5.0 (Windows NT 10.0; Win64; x64) AppleWebKit/537.36 (KHTML, like Gecko) Chrome/91.0.4472.124 Safari/537.36 Edg/91.0.864.67'),(1865,18,'Added AWPB  input : 3769.03 # 8',1626737787,'::1','Mozilla/5.0 (Windows NT 10.0; Win64; x64) AppleWebKit/537.36 (KHTML, like Gecko) Chrome/91.0.4472.124 Safari/537.36 Edg/91.0.864.67'),(1866,18,'Update AWPB actual Input : 3769.03',1626770234,'::1','Mozilla/5.0 (Windows NT 10.0; Win64; x64) AppleWebKit/537.36 (KHTML, like Gecko) Chrome/91.0.4472.124 Safari/537.36 Edg/91.0.864.70'),(1867,18,'Funds requisition for 2019 Q4 has been submitted.',1626773360,'::1','Mozilla/5.0 (Windows NT 10.0; Win64; x64) AppleWebKit/537.36 (KHTML, like Gecko) Chrome/91.0.4472.124 Safari/537.36 Edg/91.0.864.70'),(1868,12,'Funds requisition for 2019 Q4 has been declined.',1626774542,'::1','Mozilla/5.0 (Windows NT 10.0; Win64; x64) AppleWebKit/537.36 (KHTML, like Gecko) Chrome/91.0.4472.124 Safari/537.36 Edg/91.0.864.70'),(1869,12,'Funds requisition for 2019 Q4 has been declined.',1626774557,'::1','Mozilla/5.0 (Windows NT 10.0; Win64; x64) AppleWebKit/537.36 (KHTML, like Gecko) Chrome/91.0.4472.124 Safari/537.36 Edg/91.0.864.70'),(1870,12,'Funds requisition for 2019 Q4 has been declined.',1626775120,'::1','Mozilla/5.0 (Windows NT 10.0; Win64; x64) AppleWebKit/537.36 (KHTML, like Gecko) Chrome/91.0.4472.124 Safari/537.36 Edg/91.0.864.70'),(1871,12,'Funds requisition for 2019 Q4 has been declined.',1626775857,'::1','Mozilla/5.0 (Windows NT 10.0; Win64; x64) AppleWebKit/537.36 (KHTML, like Gecko) Chrome/91.0.4472.124 Safari/537.36 Edg/91.0.864.70'),(1872,12,'Funds requisition for 2019 Q4 has been declined.',1626776158,'::1','Mozilla/5.0 (Windows NT 10.0; Win64; x64) AppleWebKit/537.36 (KHTML, like Gecko) Chrome/91.0.4472.124 Safari/537.36 Edg/91.0.864.70'),(1873,12,'Funds requisition for 2019 Q4 has been declined.',1626776495,'::1','Mozilla/5.0 (Windows NT 10.0; Win64; x64) AppleWebKit/537.36 (KHTML, like Gecko) Chrome/91.0.4472.124 Safari/537.36 Edg/91.0.864.70'),(1874,12,'Funds requisition for 2019 Q4 has been declined.',1626776681,'::1','Mozilla/5.0 (Windows NT 10.0; Win64; x64) AppleWebKit/537.36 (KHTML, like Gecko) Chrome/91.0.4472.124 Safari/537.36 Edg/91.0.864.70'),(1875,12,'Funds requisition for 2019 Q4 has been declined.',1626776716,'::1','Mozilla/5.0 (Windows NT 10.0; Win64; x64) AppleWebKit/537.36 (KHTML, like Gecko) Chrome/91.0.4472.124 Safari/537.36 Edg/91.0.864.70'),(1876,18,'Funds requisition for 2019 Q4 has been submitted.',1626777132,'::1','Mozilla/5.0 (Windows NT 10.0; Win64; x64) AppleWebKit/537.36 (KHTML, like Gecko) Chrome/91.0.4472.124 Safari/537.36 Edg/91.0.864.70'),(1877,12,'Funds requisition for 2019 Q4 has been declined.',1626777169,'::1','Mozilla/5.0 (Windows NT 10.0; Win64; x64) AppleWebKit/537.36 (KHTML, like Gecko) Chrome/91.0.4472.124 Safari/537.36 Edg/91.0.864.70'),(1878,18,'Funds requisition for 2019 Q4 has been submitted.',1626777200,'::1','Mozilla/5.0 (Windows NT 10.0; Win64; x64) AppleWebKit/537.36 (KHTML, like Gecko) Chrome/91.0.4472.124 Safari/537.36 Edg/91.0.864.70'),(1879,12,'Funds requisition for 2019 Q4 has been submitted.',1626777231,'::1','Mozilla/5.0 (Windows NT 10.0; Win64; x64) AppleWebKit/537.36 (KHTML, like Gecko) Chrome/91.0.4472.124 Safari/537.36 Edg/91.0.864.70'),(1880,15,'Funds requisition for 2019 Q4 has been submitted.',1626778333,'::1','Mozilla/5.0 (Windows NT 10.0; Win64; x64) AppleWebKit/537.36 (KHTML, like Gecko) Chrome/91.0.4472.124 Safari/537.36 Edg/91.0.864.70'),(1881,12,'Funds requisition for 2019 Q4 has been submitted.',1626778377,'::1','Mozilla/5.0 (Windows NT 10.0; Win64; x64) AppleWebKit/537.36 (KHTML, like Gecko) Chrome/91.0.4472.124 Safari/537.36 Edg/91.0.864.70'),(1882,15,'Funds requisition for 2019 Q4 has been submitted.',1626778522,'::1','Mozilla/5.0 (Windows NT 10.0; Win64; x64) AppleWebKit/537.36 (KHTML, like Gecko) Chrome/91.0.4472.124 Safari/537.36 Edg/91.0.864.70'),(1883,14,'Update role Ministry',1626778696,'::1','Mozilla/5.0 (Windows NT 10.0; Win64; x64) AppleWebKit/537.36 (KHTML, like Gecko) Chrome/91.0.4472.124 Safari/537.36 Edg/91.0.864.70'),(1884,16,'Funds requisition for 2019 Q4 has been declined.',1626779332,'::1','Mozilla/5.0 (Windows NT 10.0; Win64; x64) AppleWebKit/537.36 (KHTML, like Gecko) Chrome/91.0.4472.124 Safari/537.36 Edg/91.0.864.70'),(1885,16,'Funds requisition for 2019 Q4 has been declined.',1626779332,'::1','Mozilla/5.0 (Windows NT 10.0; Win64; x64) AppleWebKit/537.36 (KHTML, like Gecko) Chrome/91.0.4472.124 Safari/537.36 Edg/91.0.864.70'),(1886,15,'Funds requisition for 2019 Q4 has been submitted.',1626779478,'::1','Mozilla/5.0 (Windows NT 10.0; Win64; x64) AppleWebKit/537.36 (KHTML, like Gecko) Chrome/91.0.4472.124 Safari/537.36 Edg/91.0.864.70'),(1887,16,'Funds requisition for 2019 Q4 has been submitted.',1626779525,'::1','Mozilla/5.0 (Windows NT 10.0; Win64; x64) AppleWebKit/537.36 (KHTML, like Gecko) Chrome/91.0.4472.124 Safari/537.36 Edg/91.0.864.70'),(1888,18,'Update AWPB actual Input : 3769.03',1626788611,'::1','Mozilla/5.0 (Windows NT 10.0; Win64; x64) AppleWebKit/537.36 (KHTML, like Gecko) Chrome/91.0.4472.124 Safari/537.36 Edg/91.0.864.70'),(1889,18,'Update AWPB actual Input : Conference Hire',1626788723,'::1','Mozilla/5.0 (Windows NT 10.0; Win64; x64) AppleWebKit/537.36 (KHTML, like Gecko) Chrome/91.0.4472.124 Safari/537.36 Edg/91.0.864.70'),(1890,18,'Update AWPB actual Input : Stationery',1626788752,'::1','Mozilla/5.0 (Windows NT 10.0; Win64; x64) AppleWebKit/537.36 (KHTML, like Gecko) Chrome/91.0.4472.124 Safari/537.36 Edg/91.0.864.70'),(1891,18,'Added AWPB  input : lunch # 9',1626788846,'::1','Mozilla/5.0 (Windows NT 10.0; Win64; x64) AppleWebKit/537.36 (KHTML, like Gecko) Chrome/91.0.4472.124 Safari/537.36 Edg/91.0.864.70'),(1892,18,'Added AWPB  input : Projector Hire # 10',1626788904,'::1','Mozilla/5.0 (Windows NT 10.0; Win64; x64) AppleWebKit/537.36 (KHTML, like Gecko) Chrome/91.0.4472.124 Safari/537.36 Edg/91.0.864.70'),(1893,18,'Update AWPB actual Input : Diesel Fuel',1626789041,'::1','Mozilla/5.0 (Windows NT 10.0; Win64; x64) AppleWebKit/537.36 (KHTML, like Gecko) Chrome/91.0.4472.124 Safari/537.36 Edg/91.0.864.70'),(1894,18,'Funds requisition for 2021 Q4 has been submitted.',1626789065,'::1','Mozilla/5.0 (Windows NT 10.0; Win64; x64) AppleWebKit/537.36 (KHTML, like Gecko) Chrome/91.0.4472.124 Safari/537.36 Edg/91.0.864.70'),(1895,12,'Funds requisition for 2021 Q4 has been submitted.',1626795848,'::1','Mozilla/5.0 (Windows NT 10.0; Win64; x64) AppleWebKit/537.36 (KHTML, like Gecko) Chrome/91.0.4472.124 Safari/537.36 Edg/91.0.864.70'),(1896,15,'Funds requisition for 2021 Q4 has been submitted.',1626795914,'::1','Mozilla/5.0 (Windows NT 10.0; Win64; x64) AppleWebKit/537.36 (KHTML, like Gecko) Chrome/91.0.4472.124 Safari/537.36 Edg/91.0.864.70'),(1897,16,'Funds requisition for 2021 Q4 has been submitted.',1626795991,'::1','Mozilla/5.0 (Windows NT 10.0; Win64; x64) AppleWebKit/537.36 (KHTML, like Gecko) Chrome/91.0.4472.124 Safari/537.36 Edg/91.0.864.70'),(1898,14,'Activity no. 95 funding profile set',1626914806,'::1','Mozilla/5.0 (Windows NT 10.0; Win64; x64) AppleWebKit/537.36 (KHTML, like Gecko) Chrome/91.0.4472.124 Safari/537.36 Edg/91.0.864.70'),(1899,14,'Activity no. 95 funding profile set',1626916933,'::1','Mozilla/5.0 (Windows NT 10.0; Win64; x64) AppleWebKit/537.36 (KHTML, like Gecko) Chrome/91.0.4472.124 Safari/537.36 Edg/91.0.864.70'),(1900,14,'Activity no. 96 funding profile set',1626917105,'::1','Mozilla/5.0 (Windows NT 10.0; Win64; x64) AppleWebKit/537.36 (KHTML, like Gecko) Chrome/91.0.4472.124 Safari/537.36 Edg/91.0.864.70'),(1901,14,'Activity no. 102 funding profile set',1626917126,'::1','Mozilla/5.0 (Windows NT 10.0; Win64; x64) AppleWebKit/537.36 (KHTML, like Gecko) Chrome/91.0.4472.124 Safari/537.36 Edg/91.0.864.70'),(1902,14,'Activity no. 99 funding profile set',1626917148,'::1','Mozilla/5.0 (Windows NT 10.0; Win64; x64) AppleWebKit/537.36 (KHTML, like Gecko) Chrome/91.0.4472.124 Safari/537.36 Edg/91.0.864.70'),(1903,14,'Activity no. 101 funding profile set',1626917176,'::1','Mozilla/5.0 (Windows NT 10.0; Win64; x64) AppleWebKit/537.36 (KHTML, like Gecko) Chrome/91.0.4472.124 Safari/537.36 Edg/91.0.864.70'),(1904,14,'Activity no. 117 funding profile set',1626917267,'::1','Mozilla/5.0 (Windows NT 10.0; Win64; x64) AppleWebKit/537.36 (KHTML, like Gecko) Chrome/91.0.4472.124 Safari/537.36 Edg/91.0.864.70'),(1905,14,'Activity no. 118 funding profile set',1626917300,'::1','Mozilla/5.0 (Windows NT 10.0; Win64; x64) AppleWebKit/537.36 (KHTML, like Gecko) Chrome/91.0.4472.124 Safari/537.36 Edg/91.0.864.70'),(1906,14,'Activity no. 119 funding profile set',1626917379,'::1','Mozilla/5.0 (Windows NT 10.0; Win64; x64) AppleWebKit/537.36 (KHTML, like Gecko) Chrome/91.0.4472.124 Safari/537.36 Edg/91.0.864.70'),(1907,14,'Activity no. 95 funding profile set',1627056973,'::1','Mozilla/5.0 (Windows NT 10.0; Win64; x64) AppleWebKit/537.36 (KHTML, like Gecko) Chrome/91.0.4472.124 Safari/537.36 Edg/91.0.864.70'),(1908,14,'Added funder Private Sector',1627057243,'::1','Mozilla/5.0 (Windows NT 10.0; Win64; x64) AppleWebKit/537.36 (KHTML, like Gecko) Chrome/91.0.4472.124 Safari/537.36 Edg/91.0.864.70'),(1909,14,'Added funder IAPRI',1627057282,'::1','Mozilla/5.0 (Windows NT 10.0; Win64; x64) AppleWebKit/537.36 (KHTML, like Gecko) Chrome/91.0.4472.124 Safari/537.36 Edg/91.0.864.70'),(1910,14,'Added funder PARM',1627057313,'::1','Mozilla/5.0 (Windows NT 10.0; Win64; x64) AppleWebKit/537.36 (KHTML, like Gecko) Chrome/91.0.4472.124 Safari/537.36 Edg/91.0.864.70'),(1911,14,'Added funder Beneficiaries',1627057343,'::1','Mozilla/5.0 (Windows NT 10.0; Win64; x64) AppleWebKit/537.36 (KHTML, like Gecko) Chrome/91.0.4472.124 Safari/537.36 Edg/91.0.864.70'),(1912,14,'Added funder IFAD Grant',1627057388,'::1','Mozilla/5.0 (Windows NT 10.0; Win64; x64) AppleWebKit/537.36 (KHTML, like Gecko) Chrome/91.0.4472.124 Safari/537.36 Edg/91.0.864.70'),(1913,14,'Updated Expense Category Goods, Services and Inputs',1627057765,'::1','Mozilla/5.0 (Windows NT 10.0; Win64; x64) AppleWebKit/537.36 (KHTML, like Gecko) Chrome/91.0.4472.124 Safari/537.36 Edg/91.0.864.70'),(1914,14,'Updated Expense Category Grants ad Allowances',1627057800,'::1','Mozilla/5.0 (Windows NT 10.0; Win64; x64) AppleWebKit/537.36 (KHTML, like Gecko) Chrome/91.0.4472.124 Safari/537.36 Edg/91.0.864.70'),(1915,14,'Updated Expense Category Salaries and Allowances',1627057845,'::1','Mozilla/5.0 (Windows NT 10.0; Win64; x64) AppleWebKit/537.36 (KHTML, like Gecko) Chrome/91.0.4472.124 Safari/537.36 Edg/91.0.864.70'),(1916,14,'Updated component: 1.2 - Institutional Strengthening For Agribusiness',1627058299,'::1','Mozilla/5.0 (Windows NT 10.0; Win64; x64) AppleWebKit/537.36 (KHTML, like Gecko) Chrome/91.0.4472.124 Safari/537.36 Edg/91.0.864.70'),(1917,14,'Updated component: 3.1 - Programme Implementation',1627058321,'::1','Mozilla/5.0 (Windows NT 10.0; Win64; x64) AppleWebKit/537.36 (KHTML, like Gecko) Chrome/91.0.4472.124 Safari/537.36 Edg/91.0.864.70'),(1918,14,'Updated activity1.1.A2',1627058737,'::1','Mozilla/5.0 (Windows NT 10.0; Win64; x64) AppleWebKit/537.36 (KHTML, like Gecko) Chrome/91.0.4472.124 Safari/537.36 Edg/91.0.864.70'),(1919,14,'Updated activity1.1.A1',1627058788,'::1','Mozilla/5.0 (Windows NT 10.0; Win64; x64) AppleWebKit/537.36 (KHTML, like Gecko) Chrome/91.0.4472.124 Safari/537.36 Edg/91.0.864.70'),(1920,14,'Updated activity1.1.A2',1627058807,'::1','Mozilla/5.0 (Windows NT 10.0; Win64; x64) AppleWebKit/537.36 (KHTML, like Gecko) Chrome/91.0.4472.124 Safari/537.36 Edg/91.0.864.70'),(1921,14,'Updated activity1.1.B1',1627058899,'::1','Mozilla/5.0 (Windows NT 10.0; Win64; x64) AppleWebKit/537.36 (KHTML, like Gecko) Chrome/91.0.4472.124 Safari/537.36 Edg/91.0.864.70'),(1922,14,'Updated activity2.1.A1',1627059142,'::1','Mozilla/5.0 (Windows NT 10.0; Win64; x64) AppleWebKit/537.36 (KHTML, like Gecko) Chrome/91.0.4472.124 Safari/537.36 Edg/91.0.864.70'),(1923,14,'Updated activity2.2.A2',1627059242,'::1','Mozilla/5.0 (Windows NT 10.0; Win64; x64) AppleWebKit/537.36 (KHTML, like Gecko) Chrome/91.0.4472.124 Safari/537.36 Edg/91.0.864.70'),(1924,14,'Updated activity2.1.A3',1627059270,'::1','Mozilla/5.0 (Windows NT 10.0; Win64; x64) AppleWebKit/537.36 (KHTML, like Gecko) Chrome/91.0.4472.124 Safari/537.36 Edg/91.0.864.70'),(1925,14,'Updated activity2.2.A2',1627059290,'::1','Mozilla/5.0 (Windows NT 10.0; Win64; x64) AppleWebKit/537.36 (KHTML, like Gecko) Chrome/91.0.4472.124 Safari/537.36 Edg/91.0.864.70'),(1926,14,'Updated activity2.1.A3',1627059310,'::1','Mozilla/5.0 (Windows NT 10.0; Win64; x64) AppleWebKit/537.36 (KHTML, like Gecko) Chrome/91.0.4472.124 Safari/537.36 Edg/91.0.864.70'),(1927,14,'Activity no. 95 funding profile set',1627059415,'::1','Mozilla/5.0 (Windows NT 10.0; Win64; x64) AppleWebKit/537.36 (KHTML, like Gecko) Chrome/91.0.4472.124 Safari/537.36 Edg/91.0.864.70'),(1928,14,'Activity no. 95 funding profile set',1627059426,'::1','Mozilla/5.0 (Windows NT 10.0; Win64; x64) AppleWebKit/537.36 (KHTML, like Gecko) Chrome/91.0.4472.124 Safari/537.36 Edg/91.0.864.70'),(1929,14,'Activity no. 95 funding profile set',1627059481,'::1','Mozilla/5.0 (Windows NT 10.0; Win64; x64) AppleWebKit/537.36 (KHTML, like Gecko) Chrome/91.0.4472.124 Safari/537.36 Edg/91.0.864.70'),(1930,14,'Activity no. 95 funding profile set',1627059612,'::1','Mozilla/5.0 (Windows NT 10.0; Win64; x64) AppleWebKit/537.36 (KHTML, like Gecko) Chrome/91.0.4472.124 Safari/537.36 Edg/91.0.864.70'),(1931,14,'Activity no. 95 funding profile set',1627059622,'::1','Mozilla/5.0 (Windows NT 10.0; Win64; x64) AppleWebKit/537.36 (KHTML, like Gecko) Chrome/91.0.4472.124 Safari/537.36 Edg/91.0.864.70'),(1932,14,'Activity no. 95 funding profile set',1627060091,'::1','Mozilla/5.0 (Windows NT 10.0; Win64; x64) AppleWebKit/537.36 (KHTML, like Gecko) Chrome/91.0.4472.124 Safari/537.36 Edg/91.0.864.70'),(1933,14,'Activity no. 95 funding profile set',1627060319,'::1','Mozilla/5.0 (Windows NT 10.0; Win64; x64) AppleWebKit/537.36 (KHTML, like Gecko) Chrome/91.0.4472.124 Safari/537.36 Edg/91.0.864.70'),(1934,14,'Activity no. 95 funding profile set',1627061686,'::1','Mozilla/5.0 (Windows NT 10.0; Win64; x64) AppleWebKit/537.36 (KHTML, like Gecko) Chrome/91.0.4472.124 Safari/537.36 Edg/91.0.864.70'),(1935,14,'Activity no. 95 funding profile set',1627061731,'::1','Mozilla/5.0 (Windows NT 10.0; Win64; x64) AppleWebKit/537.36 (KHTML, like Gecko) Chrome/91.0.4472.124 Safari/537.36 Edg/91.0.864.70'),(1936,14,'Activity no. 95 funding profile set',1627061897,'::1','Mozilla/5.0 (Windows NT 10.0; Win64; x64) AppleWebKit/537.36 (KHTML, like Gecko) Chrome/91.0.4472.124 Safari/537.36 Edg/91.0.864.70'),(1937,14,'Activity no. 95 funding profile set',1627061952,'::1','Mozilla/5.0 (Windows NT 10.0; Win64; x64) AppleWebKit/537.36 (KHTML, like Gecko) Chrome/91.0.4472.124 Safari/537.36 Edg/91.0.864.70'),(1938,14,'Activity no. 95 funding profile set',1627061987,'::1','Mozilla/5.0 (Windows NT 10.0; Win64; x64) AppleWebKit/537.36 (KHTML, like Gecko) Chrome/91.0.4472.124 Safari/537.36 Edg/91.0.864.70'),(1939,14,'Activity no. 95 funding profile set',1627061987,'::1','Mozilla/5.0 (Windows NT 10.0; Win64; x64) AppleWebKit/537.36 (KHTML, like Gecko) Chrome/91.0.4472.124 Safari/537.36 Edg/91.0.864.70'),(1940,14,'Activity no. 95 funding profile set',1627062216,'::1','Mozilla/5.0 (Windows NT 10.0; Win64; x64) AppleWebKit/537.36 (KHTML, like Gecko) Chrome/91.0.4472.124 Safari/537.36 Edg/91.0.864.70'),(1941,14,'Activity no. 95 funding profile set',1627062458,'::1','Mozilla/5.0 (Windows NT 10.0; Win64; x64) AppleWebKit/537.36 (KHTML, like Gecko) Chrome/91.0.4472.124 Safari/537.36 Edg/91.0.864.70'),(1942,14,'Activity no. 95 funding profile set',1627062679,'::1','Mozilla/5.0 (Windows NT 10.0; Win64; x64) AppleWebKit/537.36 (KHTML, like Gecko) Chrome/91.0.4472.124 Safari/537.36 Edg/91.0.864.70'),(1943,14,'Activity no. 95 funding profile set',1627062696,'::1','Mozilla/5.0 (Windows NT 10.0; Win64; x64) AppleWebKit/537.36 (KHTML, like Gecko) Chrome/91.0.4472.124 Safari/537.36 Edg/91.0.864.70'),(1944,14,'Activity no. 95 funding profile set',1627062930,'::1','Mozilla/5.0 (Windows NT 10.0; Win64; x64) AppleWebKit/537.36 (KHTML, like Gecko) Chrome/91.0.4472.124 Safari/537.36 Edg/91.0.864.70'),(1945,14,'Activity no. 95 funding profile set',1627062959,'::1','Mozilla/5.0 (Windows NT 10.0; Win64; x64) AppleWebKit/537.36 (KHTML, like Gecko) Chrome/91.0.4472.124 Safari/537.36 Edg/91.0.864.70'),(1946,14,'Activity no. 95 funding profile set',1627070874,'::1','Mozilla/5.0 (Windows NT 10.0; Win64; x64) AppleWebKit/537.36 (KHTML, like Gecko) Chrome/91.0.4472.124 Safari/537.36 Edg/91.0.864.70'),(1947,14,'Activity no. 95 funding profile set',1627070930,'::1','Mozilla/5.0 (Windows NT 10.0; Win64; x64) AppleWebKit/537.36 (KHTML, like Gecko) Chrome/91.0.4472.124 Safari/537.36 Edg/91.0.864.70'),(1948,14,'Activity no. 95 funding profile set',1627084978,'::1','Mozilla/5.0 (Windows NT 10.0; Win64; x64) AppleWebKit/537.36 (KHTML, like Gecko) Chrome/91.0.4472.124 Safari/537.36 Edg/91.0.864.70'),(1949,14,'Activity no. 96 funding profile set',1627085407,'::1','Mozilla/5.0 (Windows NT 10.0; Win64; x64) AppleWebKit/537.36 (KHTML, like Gecko) Chrome/91.0.4472.124 Safari/537.36 Edg/91.0.864.70'),(1950,14,'Activity no. 95 funding profile set',1627085493,'::1','Mozilla/5.0 (Windows NT 10.0; Win64; x64) AppleWebKit/537.36 (KHTML, like Gecko) Chrome/91.0.4472.124 Safari/537.36 Edg/91.0.864.70'),(1951,14,'Activity no. 96 funding profile set',1627085552,'::1','Mozilla/5.0 (Windows NT 10.0; Win64; x64) AppleWebKit/537.36 (KHTML, like Gecko) Chrome/91.0.4472.124 Safari/537.36 Edg/91.0.864.70'),(1952,14,'Activity no. 95 funding profile set',1627085595,'::1','Mozilla/5.0 (Windows NT 10.0; Win64; x64) AppleWebKit/537.36 (KHTML, like Gecko) Chrome/91.0.4472.124 Safari/537.36 Edg/91.0.864.70'),(1953,14,'Activity no. 95 funding profile set',1627085620,'::1','Mozilla/5.0 (Windows NT 10.0; Win64; x64) AppleWebKit/537.36 (KHTML, like Gecko) Chrome/91.0.4472.124 Safari/537.36 Edg/91.0.864.70'),(1954,14,'Activity no. 95 funding profile set',1627085676,'::1','Mozilla/5.0 (Windows NT 10.0; Win64; x64) AppleWebKit/537.36 (KHTML, like Gecko) Chrome/91.0.4472.124 Safari/537.36 Edg/91.0.864.70'),(1955,14,'Activity no. 95 funding profile set',1627085841,'::1','Mozilla/5.0 (Windows NT 10.0; Win64; x64) AppleWebKit/537.36 (KHTML, like Gecko) Chrome/91.0.4472.124 Safari/537.36 Edg/91.0.864.70'),(1956,14,'Updated funder IFAD',1627086002,'::1','Mozilla/5.0 (Windows NT 10.0; Win64; x64) AppleWebKit/537.36 (KHTML, like Gecko) Chrome/91.0.4472.124 Safari/537.36 Edg/91.0.864.70'),(1957,14,'Activity no. 95 funding profile set',1627086027,'::1','Mozilla/5.0 (Windows NT 10.0; Win64; x64) AppleWebKit/537.36 (KHTML, like Gecko) Chrome/91.0.4472.124 Safari/537.36 Edg/91.0.864.70'),(1958,14,'Activity no. 95 funding profile set',1627086142,'::1','Mozilla/5.0 (Windows NT 10.0; Win64; x64) AppleWebKit/537.36 (KHTML, like Gecko) Chrome/91.0.4472.124 Safari/537.36 Edg/91.0.864.70'),(1959,14,'Activity no. 95 funding profile set',1627086206,'::1','Mozilla/5.0 (Windows NT 10.0; Win64; x64) AppleWebKit/537.36 (KHTML, like Gecko) Chrome/91.0.4472.124 Safari/537.36 Edg/91.0.864.70'),(1960,14,'Activity no. 95 funding profile set',1627086492,'::1','Mozilla/5.0 (Windows NT 10.0; Win64; x64) AppleWebKit/537.36 (KHTML, like Gecko) Chrome/91.0.4472.124 Safari/537.36 Edg/91.0.864.70'),(1961,14,'Activity no. 95 funding profile set',1627086667,'::1','Mozilla/5.0 (Windows NT 10.0; Win64; x64) AppleWebKit/537.36 (KHTML, like Gecko) Chrome/91.0.4472.124 Safari/537.36 Edg/91.0.864.70'),(1962,14,'Activity no. 95 funding profile set',1627087003,'::1','Mozilla/5.0 (Windows NT 10.0; Win64; x64) AppleWebKit/537.36 (KHTML, like Gecko) Chrome/91.0.4472.124 Safari/537.36 Edg/91.0.864.70'),(1963,14,'Activity no. 95 funding profile set',1627087082,'::1','Mozilla/5.0 (Windows NT 10.0; Win64; x64) AppleWebKit/537.36 (KHTML, like Gecko) Chrome/91.0.4472.124 Safari/537.36 Edg/91.0.864.70'),(1964,14,'Activity no. 95 funding profile set',1627087421,'::1','Mozilla/5.0 (Windows NT 10.0; Win64; x64) AppleWebKit/537.36 (KHTML, like Gecko) Chrome/91.0.4472.124 Safari/537.36 Edg/91.0.864.70'),(1965,14,'Activity no. 95 funding profile set',1627087443,'::1','Mozilla/5.0 (Windows NT 10.0; Win64; x64) AppleWebKit/537.36 (KHTML, like Gecko) Chrome/91.0.4472.124 Safari/537.36 Edg/91.0.864.70'),(1966,14,'Activity no. 102 funding profile set',1627087859,'::1','Mozilla/5.0 (Windows NT 10.0; Win64; x64) AppleWebKit/537.36 (KHTML, like Gecko) Chrome/91.0.4472.124 Safari/537.36 Edg/91.0.864.70'),(1967,14,'Activity no. 117 funding profile set',1627087917,'::1','Mozilla/5.0 (Windows NT 10.0; Win64; x64) AppleWebKit/537.36 (KHTML, like Gecko) Chrome/91.0.4472.124 Safari/537.36 Edg/91.0.864.70'),(1968,14,'Updated activity2.1.A3',1627088189,'::1','Mozilla/5.0 (Windows NT 10.0; Win64; x64) AppleWebKit/537.36 (KHTML, like Gecko) Chrome/91.0.4472.124 Safari/537.36 Edg/91.0.864.70'),(1969,14,'Updated activity2.1.A2',1627088223,'::1','Mozilla/5.0 (Windows NT 10.0; Win64; x64) AppleWebKit/537.36 (KHTML, like Gecko) Chrome/91.0.4472.124 Safari/537.36 Edg/91.0.864.70'),(1970,14,'Updated activity1.1.A2',1627088269,'::1','Mozilla/5.0 (Windows NT 10.0; Win64; x64) AppleWebKit/537.36 (KHTML, like Gecko) Chrome/91.0.4472.124 Safari/537.36 Edg/91.0.864.70'),(1971,14,'Activity no. 95 funding profile set',1627088317,'::1','Mozilla/5.0 (Windows NT 10.0; Win64; x64) AppleWebKit/537.36 (KHTML, like Gecko) Chrome/91.0.4472.124 Safari/537.36 Edg/91.0.864.70'),(1972,14,'Activity no. 99 funding profile set',1627088414,'::1','Mozilla/5.0 (Windows NT 10.0; Win64; x64) AppleWebKit/537.36 (KHTML, like Gecko) Chrome/91.0.4472.124 Safari/537.36 Edg/91.0.864.70'),(1973,14,'Activity no. 95 funding profile set',1627088545,'::1','Mozilla/5.0 (Windows NT 10.0; Win64; x64) AppleWebKit/537.36 (KHTML, like Gecko) Chrome/91.0.4472.124 Safari/537.36 Edg/91.0.864.70'),(1974,14,'Activity no. 95 funding profile set',1627088731,'::1','Mozilla/5.0 (Windows NT 10.0; Win64; x64) AppleWebKit/537.36 (KHTML, like Gecko) Chrome/91.0.4472.124 Safari/537.36 Edg/91.0.864.70'),(1975,14,'Activity no. 95 funding profile set',1627112677,'::1','Mozilla/5.0 (Windows NT 10.0; Win64; x64) AppleWebKit/537.36 (KHTML, like Gecko) Chrome/91.0.4472.124 Safari/537.36 Edg/91.0.864.70'),(1976,14,'Activity no. 118 funding profile set',1627112727,'::1','Mozilla/5.0 (Windows NT 10.0; Win64; x64) AppleWebKit/537.36 (KHTML, like Gecko) Chrome/91.0.4472.124 Safari/537.36 Edg/91.0.864.70'),(1977,14,'Activity no. 119 funding profile set',1627112741,'::1','Mozilla/5.0 (Windows NT 10.0; Win64; x64) AppleWebKit/537.36 (KHTML, like Gecko) Chrome/91.0.4472.124 Safari/537.36 Edg/91.0.864.70'),(1978,14,'Activity no. 119 funding profile set',1627113121,'::1','Mozilla/5.0 (Windows NT 10.0; Win64; x64) AppleWebKit/537.36 (KHTML, like Gecko) Chrome/91.0.4472.124 Safari/537.36 Edg/91.0.864.70'),(1979,14,'Activity no. 119 funding profile set',1627113157,'::1','Mozilla/5.0 (Windows NT 10.0; Win64; x64) AppleWebKit/537.36 (KHTML, like Gecko) Chrome/91.0.4472.124 Safari/537.36 Edg/91.0.864.70'),(1980,14,'Activity no. 118 funding profile set',1627113168,'::1','Mozilla/5.0 (Windows NT 10.0; Win64; x64) AppleWebKit/537.36 (KHTML, like Gecko) Chrome/91.0.4472.124 Safari/537.36 Edg/91.0.864.70'),(1981,14,'Activity no. 117 funding profile set',1627113180,'::1','Mozilla/5.0 (Windows NT 10.0; Win64; x64) AppleWebKit/537.36 (KHTML, like Gecko) Chrome/91.0.4472.124 Safari/537.36 Edg/91.0.864.70'),(1982,14,'Activity no. 119 funding profile set',1627136446,'::1','Mozilla/5.0 (Windows NT 10.0; Win64; x64) AppleWebKit/537.36 (KHTML, like Gecko) Chrome/91.0.4472.164 Safari/537.36 Edg/91.0.864.71'),(1983,14,'Activity no. 117 funding profile set',1627138332,'::1','Mozilla/5.0 (Windows NT 10.0; Win64; x64) AppleWebKit/537.36 (KHTML, like Gecko) Chrome/91.0.4472.164 Safari/537.36 Edg/91.0.864.71'),(1984,14,'Activity no. 95  funding profile has been locked for editing.',1627422949,'::1','Mozilla/5.0 (Windows NT 10.0; Win64; x64) AppleWebKit/537.36 (KHTML, like Gecko) Chrome/92.0.4515.107 Safari/537.36 Edg/92.0.902.55'),(1985,14,'Update role PCO',1627580984,'::1','Mozilla/5.0 (Windows NT 10.0; Win64; x64) AppleWebKit/537.36 (KHTML, like Gecko) Chrome/92.0.4515.107 Safari/537.36 Edg/92.0.902.55'),(1986,14,'Update role Administrator',1627581006,'::1','Mozilla/5.0 (Windows NT 10.0; Win64; x64) AppleWebKit/537.36 (KHTML, like Gecko) Chrome/92.0.4515.107 Safari/537.36 Edg/92.0.902.55'),(1987,14,'Update role District',1627581042,'::1','Mozilla/5.0 (Windows NT 10.0; Win64; x64) AppleWebKit/537.36 (KHTML, like Gecko) Chrome/92.0.4515.107 Safari/537.36 Edg/92.0.902.55'),(1988,14,'Update role Provincial',1627581066,'::1','Mozilla/5.0 (Windows NT 10.0; Win64; x64) AppleWebKit/537.36 (KHTML, like Gecko) Chrome/92.0.4515.107 Safari/537.36 Edg/92.0.902.55'),(1989,14,'Update role Budget Committee Programme-Wide',1627581103,'::1','Mozilla/5.0 (Windows NT 10.0; Win64; x64) AppleWebKit/537.36 (KHTML, like Gecko) Chrome/92.0.4515.107 Safari/537.36 Edg/92.0.902.55'),(1990,14,'Update role Ministry',1627581138,'::1','Mozilla/5.0 (Windows NT 10.0; Win64; x64) AppleWebKit/537.36 (KHTML, like Gecko) Chrome/92.0.4515.107 Safari/537.36 Edg/92.0.902.55'),(1991,16,'Funds requisition for 2021 Q4 has been submitted.',1627587148,'::1','Mozilla/5.0 (Windows NT 10.0; Win64; x64) AppleWebKit/537.36 (KHTML, like Gecko) Chrome/92.0.4515.107 Safari/537.36 Edg/92.0.902.55'),(1992,16,'Funds requisition for 2021 Q4 has been submitted.',1627587148,'::1','Mozilla/5.0 (Windows NT 10.0; Win64; x64) AppleWebKit/537.36 (KHTML, like Gecko) Chrome/92.0.4515.107 Safari/537.36 Edg/92.0.902.55'),(1993,16,'Funds requisition for 2021 Q4 has been submitted.',1627587338,'::1','Mozilla/5.0 (Windows NT 10.0; Win64; x64) AppleWebKit/537.36 (KHTML, like Gecko) Chrome/92.0.4515.107 Safari/537.36 Edg/92.0.902.55'),(1994,18,'Funds requisition for 2021 Q1 has been submitted.',1627590607,'::1','Mozilla/5.0 (Windows NT 10.0; Win64; x64) AppleWebKit/537.36 (KHTML, like Gecko) Chrome/92.0.4515.107 Safari/537.36 Edg/92.0.902.55'),(1995,12,'Funds requisition for 2021 Q1 has been submitted.',1627590656,'::1','Mozilla/5.0 (Windows NT 10.0; Win64; x64) AppleWebKit/537.36 (KHTML, like Gecko) Chrome/92.0.4515.107 Safari/537.36 Edg/92.0.902.55'),(1996,15,'Funds requisition for 2021 Q1 has been submitted.',1627590754,'::1','Mozilla/5.0 (Windows NT 10.0; Win64; x64) AppleWebKit/537.36 (KHTML, like Gecko) Chrome/92.0.4515.107 Safari/537.36 Edg/92.0.902.55'),(1997,16,'Funds requisition for 2021 Q1 has been submitted.',1627590798,'::1','Mozilla/5.0 (Windows NT 10.0; Win64; x64) AppleWebKit/537.36 (KHTML, like Gecko) Chrome/92.0.4515.107 Safari/537.36 Edg/92.0.902.55'),(1998,14,'Updated 2022 AWPB user list',1627758910,'::1','Mozilla/5.0 (Windows NT 10.0; Win64; x64) AppleWebKit/537.36 (KHTML, like Gecko) Chrome/92.0.4515.107 Safari/537.36 Edg/92.0.902.55'),(1999,14,'Updated 2022 AWPB district list',1627758945,'::1','Mozilla/5.0 (Windows NT 10.0; Win64; x64) AppleWebKit/537.36 (KHTML, like Gecko) Chrome/92.0.4515.107 Safari/537.36 Edg/92.0.902.55'),(2000,14,'Updated 2022 AWPB district list',1627758979,'::1','Mozilla/5.0 (Windows NT 10.0; Win64; x64) AppleWebKit/537.36 (KHTML, like Gecko) Chrome/92.0.4515.107 Safari/537.36 Edg/92.0.902.55'),(2001,14,'Updated 2022 AWPB district list',1627759975,'::1','Mozilla/5.0 (Windows NT 10.0; Win64; x64) AppleWebKit/537.36 (KHTML, like Gecko) Chrome/92.0.4515.107 Safari/537.36 Edg/92.0.902.55'),(2002,14,'Updated 2022 AWPB district list',1627760055,'::1','Mozilla/5.0 (Windows NT 10.0; Win64; x64) AppleWebKit/537.36 (KHTML, like Gecko) Chrome/92.0.4515.107 Safari/537.36 Edg/92.0.902.55'),(2003,14,'Updated 2022 AWPB user list',1627760405,'::1','Mozilla/5.0 (Windows NT 10.0; Win64; x64) AppleWebKit/537.36 (KHTML, like Gecko) Chrome/92.0.4515.107 Safari/537.36 Edg/92.0.902.55'),(2004,14,'2022 AWPB guideline file uploaded. ',1627761212,'::1','Mozilla/5.0 (Windows NT 10.0; Win64; x64) AppleWebKit/537.36 (KHTML, like Gecko) Chrome/92.0.4515.107 Safari/537.36 Edg/92.0.902.55'),(2005,14,'2022 AWPB guideline file uploaded. ',1627761241,'::1','Mozilla/5.0 (Windows NT 10.0; Win64; x64) AppleWebKit/537.36 (KHTML, like Gecko) Chrome/92.0.4515.107 Safari/537.36 Edg/92.0.902.55'),(2006,14,'2001 AWPB guideline file uploaded. ',1627761589,'::1','Mozilla/5.0 (Windows NT 10.0; Win64; x64) AppleWebKit/537.36 (KHTML, like Gecko) Chrome/92.0.4515.107 Safari/537.36 Edg/92.0.902.55'),(2007,14,'2022 Budget guideline was downloaded',1627761983,'::1','Mozilla/5.0 (Windows NT 10.0; Win64; x64) AppleWebKit/537.36 (KHTML, like Gecko) Chrome/92.0.4515.107 Safari/537.36 Edg/92.0.902.55'),(2008,14,'2022 Budget guideline was downloaded',1627761991,'::1','Mozilla/5.0 (Windows NT 10.0; Win64; x64) AppleWebKit/537.36 (KHTML, like Gecko) Chrome/92.0.4515.107 Safari/537.36 Edg/92.0.902.55'),(2009,14,'2022 Budget guideline was downloaded',1627762199,'::1','Mozilla/5.0 (Windows NT 10.0; Win64; x64) AppleWebKit/537.36 (KHTML, like Gecko) Chrome/92.0.4515.107 Safari/537.36 Edg/92.0.902.55'),(2010,14,'2022 Budget guideline was downloaded',1627762634,'::1','Mozilla/5.0 (Windows NT 10.0; Win64; x64) AppleWebKit/537.36 (KHTML, like Gecko) Chrome/92.0.4515.107 Safari/537.36 Edg/92.0.902.55'),(2011,14,'2022 AWPB guideline file uploaded. ',1627762666,'::1','Mozilla/5.0 (Windows NT 10.0; Win64; x64) AppleWebKit/537.36 (KHTML, like Gecko) Chrome/92.0.4515.107 Safari/537.36 Edg/92.0.902.55'),(2012,14,'2022 AWPB guideline file uploaded. ',1627762867,'::1','Mozilla/5.0 (Windows NT 10.0; Win64; x64) AppleWebKit/537.36 (KHTML, like Gecko) Chrome/92.0.4515.107 Safari/537.36 Edg/92.0.902.55'),(2013,14,'Updated 2022 fiscal year',1627763148,'::1','Mozilla/5.0 (Windows NT 10.0; Win64; x64) AppleWebKit/537.36 (KHTML, like Gecko) Chrome/92.0.4515.107 Safari/537.36 Edg/92.0.902.55'),(2014,14,'Updated 2022 fiscal year',1627763180,'::1','Mozilla/5.0 (Windows NT 10.0; Win64; x64) AppleWebKit/537.36 (KHTML, like Gecko) Chrome/92.0.4515.107 Safari/537.36 Edg/92.0.902.55'),(2015,14,'Updated 2022 fiscal year',1627763567,'::1','Mozilla/5.0 (Windows NT 10.0; Win64; x64) AppleWebKit/537.36 (KHTML, like Gecko) Chrome/92.0.4515.107 Safari/537.36 Edg/92.0.902.55'),(2016,14,'Updated 2022 fiscal year',1627763662,'::1','Mozilla/5.0 (Windows NT 10.0; Win64; x64) AppleWebKit/537.36 (KHTML, like Gecko) Chrome/92.0.4515.107 Safari/537.36 Edg/92.0.902.55'),(2017,14,'Updated 2022 fiscal year',1627763999,'::1','Mozilla/5.0 (Windows NT 10.0; Win64; x64) AppleWebKit/537.36 (KHTML, like Gecko) Chrome/92.0.4515.107 Safari/537.36 Edg/92.0.902.55'),(2018,14,'Updated 2022 fiscal year',1627764071,'::1','Mozilla/5.0 (Windows NT 10.0; Win64; x64) AppleWebKit/537.36 (KHTML, like Gecko) Chrome/92.0.4515.107 Safari/537.36 Edg/92.0.902.55'),(2019,14,'Updated 2022 fiscal year',1627764112,'::1','Mozilla/5.0 (Windows NT 10.0; Win64; x64) AppleWebKit/537.36 (KHTML, like Gecko) Chrome/92.0.4515.107 Safari/537.36 Edg/92.0.902.55'),(2020,14,'Updated 2022 fiscal year',1627764756,'::1','Mozilla/5.0 (Windows NT 10.0; Win64; x64) AppleWebKit/537.36 (KHTML, like Gecko) Chrome/92.0.4515.107 Safari/537.36 Edg/92.0.902.55'),(2021,14,'Updated 2022 fiscal year',1627765230,'::1','Mozilla/5.0 (Windows NT 10.0; Win64; x64) AppleWebKit/537.36 (KHTML, like Gecko) Chrome/92.0.4515.107 Safari/537.36 Edg/92.0.902.55'),(2022,14,'Updated 2022 fiscal year',1627765256,'::1','Mozilla/5.0 (Windows NT 10.0; Win64; x64) AppleWebKit/537.36 (KHTML, like Gecko) Chrome/92.0.4515.107 Safari/537.36 Edg/92.0.902.55'),(2023,14,'Updated 2022 fiscal year',1627765353,'::1','Mozilla/5.0 (Windows NT 10.0; Win64; x64) AppleWebKit/537.36 (KHTML, like Gecko) Chrome/92.0.4515.107 Safari/537.36 Edg/92.0.902.55'),(2024,14,'Updated 2022 fiscal year',1627765373,'::1','Mozilla/5.0 (Windows NT 10.0; Win64; x64) AppleWebKit/537.36 (KHTML, like Gecko) Chrome/92.0.4515.107 Safari/537.36 Edg/92.0.902.55'),(2025,14,'AWPB template \'. 2022.\' updated',1627765486,'::1','Mozilla/5.0 (Windows NT 10.0; Win64; x64) AppleWebKit/537.36 (KHTML, like Gecko) Chrome/92.0.4515.107 Safari/537.36 Edg/92.0.902.55'),(2026,14,'Published  \'2022 AWPB Template',1627765526,'::1','Mozilla/5.0 (Windows NT 10.0; Win64; x64) AppleWebKit/537.36 (KHTML, like Gecko) Chrome/92.0.4515.107 Safari/537.36 Edg/92.0.902.55'),(2027,14,'Rollover from 2021 to 2022',1627766036,'::1','Mozilla/5.0 (Windows NT 10.0; Win64; x64) AppleWebKit/537.36 (KHTML, like Gecko) Chrome/92.0.4515.107 Safari/537.36 Edg/92.0.902.55'),(2028,14,'Rollover from 2021 to 2022',1627767618,'::1','Mozilla/5.0 (Windows NT 10.0; Win64; x64) AppleWebKit/537.36 (KHTML, like Gecko) Chrome/92.0.4515.107 Safari/537.36 Edg/92.0.902.55'),(2029,18,'Added AWPB  : 74',1627861187,'::1','Mozilla/5.0 (Windows NT 10.0; Win64; x64) AppleWebKit/537.36 (KHTML, like Gecko) Chrome/92.0.4515.107 Safari/537.36 Edg/92.0.902.55'),(2030,18,'Added AWPB input : Sitting Allowance # 41',1627861910,'::1','Mozilla/5.0 (Windows NT 10.0; Win64; x64) AppleWebKit/537.36 (KHTML, like Gecko) Chrome/92.0.4515.107 Safari/537.36 Edg/92.0.902.55'),(2031,18,'Delete input Sitting Allowance from the system.',1627863579,'::1','Mozilla/5.0 (Windows NT 10.0; Win64; x64) AppleWebKit/537.36 (KHTML, like Gecko) Chrome/92.0.4515.107 Safari/537.36 Edg/92.0.902.55'),(2032,18,'Delete input Sitting Allowance from the system.',1627863591,'::1','Mozilla/5.0 (Windows NT 10.0; Win64; x64) AppleWebKit/537.36 (KHTML, like Gecko) Chrome/92.0.4515.107 Safari/537.36 Edg/92.0.902.55'),(2033,18,'Delete input Sitting Allowance from the system.',1627863599,'::1','Mozilla/5.0 (Windows NT 10.0; Win64; x64) AppleWebKit/537.36 (KHTML, like Gecko) Chrome/92.0.4515.107 Safari/537.36 Edg/92.0.902.55'),(2034,18,'Delete input Sitting Allowanc from the system.',1627863604,'::1','Mozilla/5.0 (Windows NT 10.0; Win64; x64) AppleWebKit/537.36 (KHTML, like Gecko) Chrome/92.0.4515.107 Safari/537.36 Edg/92.0.902.55'),(2035,18,'Added AWPB input : Sitting Allowance # 42',1627863653,'::1','Mozilla/5.0 (Windows NT 10.0; Win64; x64) AppleWebKit/537.36 (KHTML, like Gecko) Chrome/92.0.4515.107 Safari/537.36 Edg/92.0.902.55'),(2036,18,'Added AWPB input : DSA Members # 44',1627863929,'::1','Mozilla/5.0 (Windows NT 10.0; Win64; x64) AppleWebKit/537.36 (KHTML, like Gecko) Chrome/92.0.4515.107 Safari/537.36 Edg/92.0.902.55'),(2037,18,'Delete input DSA Members from the system.',1627864073,'::1','Mozilla/5.0 (Windows NT 10.0; Win64; x64) AppleWebKit/537.36 (KHTML, like Gecko) Chrome/92.0.4515.107 Safari/537.36 Edg/92.0.902.55'),(2038,18,'Delete input DSA Members from the system.',1627864079,'::1','Mozilla/5.0 (Windows NT 10.0; Win64; x64) AppleWebKit/537.36 (KHTML, like Gecko) Chrome/92.0.4515.107 Safari/537.36 Edg/92.0.902.55'),(2039,18,'Added AWPB input : DSA Members # 47',1627864351,'::1','Mozilla/5.0 (Windows NT 10.0; Win64; x64) AppleWebKit/537.36 (KHTML, like Gecko) Chrome/92.0.4515.107 Safari/537.36 Edg/92.0.902.55'),(2040,18,'Delete input DSA Members from the system.',1627864485,'::1','Mozilla/5.0 (Windows NT 10.0; Win64; x64) AppleWebKit/537.36 (KHTML, like Gecko) Chrome/92.0.4515.107 Safari/537.36 Edg/92.0.902.55'),(2041,18,'Added AWPB input : mxmxm # 48',1627864516,'::1','Mozilla/5.0 (Windows NT 10.0; Win64; x64) AppleWebKit/537.36 (KHTML, like Gecko) Chrome/92.0.4515.107 Safari/537.36 Edg/92.0.902.55'),(2042,18,'Added AWPB input : mxmxm # 49',1627864634,'::1','Mozilla/5.0 (Windows NT 10.0; Win64; x64) AppleWebKit/537.36 (KHTML, like Gecko) Chrome/92.0.4515.107 Safari/537.36 Edg/92.0.902.55'),(2043,18,'Added AWPB input : mxmxm # 50',1627864795,'::1','Mozilla/5.0 (Windows NT 10.0; Win64; x64) AppleWebKit/537.36 (KHTML, like Gecko) Chrome/92.0.4515.107 Safari/537.36 Edg/92.0.902.55'),(2044,18,'Added AWPB input : mxmxm # 51',1627864885,'::1','Mozilla/5.0 (Windows NT 10.0; Win64; x64) AppleWebKit/537.36 (KHTML, like Gecko) Chrome/92.0.4515.107 Safari/537.36 Edg/92.0.902.55'),(2045,18,'Added AWPB input : Venue Hire # 52',1627865017,'::1','Mozilla/5.0 (Windows NT 10.0; Win64; x64) AppleWebKit/537.36 (KHTML, like Gecko) Chrome/92.0.4515.107 Safari/537.36 Edg/92.0.902.55'),(2046,18,'Added AWPB input : Venue Hire # 53',1627865086,'::1','Mozilla/5.0 (Windows NT 10.0; Win64; x64) AppleWebKit/537.36 (KHTML, like Gecko) Chrome/92.0.4515.107 Safari/537.36 Edg/92.0.902.55'),(2047,18,'Added AWPB input : Venue Hire # 54',1627865136,'::1','Mozilla/5.0 (Windows NT 10.0; Win64; x64) AppleWebKit/537.36 (KHTML, like Gecko) Chrome/92.0.4515.107 Safari/537.36 Edg/92.0.902.55'),(2048,18,'Added AWPB input : Venue Hire # 55',1627865229,'::1','Mozilla/5.0 (Windows NT 10.0; Win64; x64) AppleWebKit/537.36 (KHTML, like Gecko) Chrome/92.0.4515.107 Safari/537.36 Edg/92.0.902.55'),(2049,18,'Added AWPB input : Venue Hire # 56',1627865425,'::1','Mozilla/5.0 (Windows NT 10.0; Win64; x64) AppleWebKit/537.36 (KHTML, like Gecko) Chrome/92.0.4515.107 Safari/537.36 Edg/92.0.902.55'),(2050,18,'Delete input Venue Hire from the system.',1627865491,'::1','Mozilla/5.0 (Windows NT 10.0; Win64; x64) AppleWebKit/537.36 (KHTML, like Gecko) Chrome/92.0.4515.107 Safari/537.36 Edg/92.0.902.55'),(2051,18,'Delete input Venue Hire from the system.',1627865498,'::1','Mozilla/5.0 (Windows NT 10.0; Win64; x64) AppleWebKit/537.36 (KHTML, like Gecko) Chrome/92.0.4515.107 Safari/537.36 Edg/92.0.902.55'),(2052,18,'Delete input Venue Hire from the system.',1627865505,'::1','Mozilla/5.0 (Windows NT 10.0; Win64; x64) AppleWebKit/537.36 (KHTML, like Gecko) Chrome/92.0.4515.107 Safari/537.36 Edg/92.0.902.55'),(2053,18,'Delete input Venue Hire from the system.',1627865517,'::1','Mozilla/5.0 (Windows NT 10.0; Win64; x64) AppleWebKit/537.36 (KHTML, like Gecko) Chrome/92.0.4515.107 Safari/537.36 Edg/92.0.902.55'),(2054,18,'Delete input Venue Hire from the system.',1627865525,'::1','Mozilla/5.0 (Windows NT 10.0; Win64; x64) AppleWebKit/537.36 (KHTML, like Gecko) Chrome/92.0.4515.107 Safari/537.36 Edg/92.0.902.55'),(2055,18,'Delete input mxmxm from the system.',1627865533,'::1','Mozilla/5.0 (Windows NT 10.0; Win64; x64) AppleWebKit/537.36 (KHTML, like Gecko) Chrome/92.0.4515.107 Safari/537.36 Edg/92.0.902.55'),(2056,18,'Delete input mxmxm from the system.',1627865540,'::1','Mozilla/5.0 (Windows NT 10.0; Win64; x64) AppleWebKit/537.36 (KHTML, like Gecko) Chrome/92.0.4515.107 Safari/537.36 Edg/92.0.902.55'),(2057,18,'Delete input mxmxm from the system.',1627865547,'::1','Mozilla/5.0 (Windows NT 10.0; Win64; x64) AppleWebKit/537.36 (KHTML, like Gecko) Chrome/92.0.4515.107 Safari/537.36 Edg/92.0.902.55'),(2058,18,'Delete input mxmxm from the system.',1627865554,'::1','Mozilla/5.0 (Windows NT 10.0; Win64; x64) AppleWebKit/537.36 (KHTML, like Gecko) Chrome/92.0.4515.107 Safari/537.36 Edg/92.0.902.55'),(2059,18,'Delete input DSA Members from the system.',1627865561,'::1','Mozilla/5.0 (Windows NT 10.0; Win64; x64) AppleWebKit/537.36 (KHTML, like Gecko) Chrome/92.0.4515.107 Safari/537.36 Edg/92.0.902.55'),(2060,18,'Delete input DSA Members from the system.',1627865588,'::1','Mozilla/5.0 (Windows NT 10.0; Win64; x64) AppleWebKit/537.36 (KHTML, like Gecko) Chrome/92.0.4515.107 Safari/537.36 Edg/92.0.902.55'),(2061,18,'Update AWPB Input : Sitting Allowance',1627865601,'::1','Mozilla/5.0 (Windows NT 10.0; Win64; x64) AppleWebKit/537.36 (KHTML, like Gecko) Chrome/92.0.4515.107 Safari/537.36 Edg/92.0.902.55'),(2062,18,'Submitted 74 : Stakeholder Engagement for Phase 2 and 3 Cat. A farmers',1627868541,'::1','Mozilla/5.0 (Windows NT 10.0; Win64; x64) AppleWebKit/537.36 (KHTML, like Gecko) Chrome/92.0.4515.107 Safari/537.36 Edg/92.0.902.55'),(2063,18,'Submitted 74 : Stakeholder Engagement for Phase 2 and 3 Cat. A farmers',1627869285,'::1','Mozilla/5.0 (Windows NT 10.0; Win64; x64) AppleWebKit/537.36 (KHTML, like Gecko) Chrome/92.0.4515.107 Safari/537.36 Edg/92.0.902.55'),(2064,18,'Submitted 74 : Stakeholder Engagement for Phase 2 and 3 Cat. A farmers',1628097260,'::1','Mozilla/5.0 (Windows NT 10.0; Win64; x64) AppleWebKit/537.36 (KHTML, like Gecko) Chrome/92.0.4515.107 Safari/537.36 Edg/92.0.902.62'),(2065,12,'AWPB for Chibombo declined',1628098318,'::1','Mozilla/5.0 (Windows NT 10.0; Win64; x64) AppleWebKit/537.36 (KHTML, like Gecko) Chrome/92.0.4515.107 Safari/537.36 Edg/92.0.902.62'),(2066,12,'AWPB for Chibombo declined',1628098339,'::1','Mozilla/5.0 (Windows NT 10.0; Win64; x64) AppleWebKit/537.36 (KHTML, like Gecko) Chrome/92.0.4515.107 Safari/537.36 Edg/92.0.902.62'),(2067,12,'AWPB for Chibombo declined',1628098349,'::1','Mozilla/5.0 (Windows NT 10.0; Win64; x64) AppleWebKit/537.36 (KHTML, like Gecko) Chrome/92.0.4515.107 Safari/537.36 Edg/92.0.902.62'),(2068,18,'Submitted 74 : Stakeholder Engagement for Phase 2 and 3 Cat. A farmers',1628098542,'::1','Mozilla/5.0 (Windows NT 10.0; Win64; x64) AppleWebKit/537.36 (KHTML, like Gecko) Chrome/92.0.4515.107 Safari/537.36 Edg/92.0.902.62'),(2069,12,'Submitted 74 : Stakeholder Engagement for Phase 2 and 3 Cat. A farmers',1628100025,'::1','Mozilla/5.0 (Windows NT 10.0; Win64; x64) AppleWebKit/537.36 (KHTML, like Gecko) Chrome/92.0.4515.107 Safari/537.36 Edg/92.0.902.62'),(2070,15,'Decline budget line 74 : Stakeholder Engagement for Phase 2 and 3 Cat. A farmers',1628107020,'::1','Mozilla/5.0 (Windows NT 10.0; Win64; x64) AppleWebKit/537.36 (KHTML, like Gecko) Chrome/92.0.4515.107 Safari/537.36 Edg/92.0.902.62'),(2071,12,'Submitted 74 : Stakeholder Engagement for Phase 2 and 3 Cat. A farmers',1628108026,'::1','Mozilla/5.0 (Windows NT 10.0; Win64; x64) AppleWebKit/537.36 (KHTML, like Gecko) Chrome/92.0.4515.107 Safari/537.36 Edg/92.0.902.62'),(2072,15,'Decline budget line 74 : Stakeholder Engagement for Phase 2 and 3 Cat. A farmers',1628108067,'::1','Mozilla/5.0 (Windows NT 10.0; Win64; x64) AppleWebKit/537.36 (KHTML, like Gecko) Chrome/92.0.4515.107 Safari/537.36 Edg/92.0.902.62'),(2073,12,'Submitted 74 : Stakeholder Engagement for Phase 2 and 3 Cat. A farmers',1628108396,'::1','Mozilla/5.0 (Windows NT 10.0; Win64; x64) AppleWebKit/537.36 (KHTML, like Gecko) Chrome/92.0.4515.107 Safari/537.36 Edg/92.0.902.62'),(2074,15,'Submitted 74 : Stakeholder Engagement for Phase 2 and 3 Cat. A farmers',1628109129,'::1','Mozilla/5.0 (Windows NT 10.0; Win64; x64) AppleWebKit/537.36 (KHTML, like Gecko) Chrome/92.0.4515.107 Safari/537.36 Edg/92.0.902.62'),(2075,17,'Added AWPB  : 75',1628187427,'::1','Mozilla/5.0 (Windows NT 10.0; Win64; x64) AppleWebKit/537.36 (KHTML, like Gecko) Chrome/92.0.4515.107 Safari/537.36 Edg/92.0.902.62'),(2076,17,'Added AWPB  : 76',1628187865,'::1','Mozilla/5.0 (Windows NT 10.0; Win64; x64) AppleWebKit/537.36 (KHTML, like Gecko) Chrome/92.0.4515.107 Safari/537.36 Edg/92.0.902.62'),(2077,17,'Added AWPB  : 77',1628188261,'::1','Mozilla/5.0 (Windows NT 10.0; Win64; x64) AppleWebKit/537.36 (KHTML, like Gecko) Chrome/92.0.4515.107 Safari/537.36 Edg/92.0.902.62'),(2078,17,'Added AWPB input : Test # 57',1628192080,'::1','Mozilla/5.0 (Windows NT 10.0; Win64; x64) AppleWebKit/537.36 (KHTML, like Gecko) Chrome/92.0.4515.107 Safari/537.36 Edg/92.0.902.62'),(2079,17,'Added AWPB input : Mine # 58',1628192128,'::1','Mozilla/5.0 (Windows NT 10.0; Win64; x64) AppleWebKit/537.36 (KHTML, like Gecko) Chrome/92.0.4515.107 Safari/537.36 Edg/92.0.902.62'),(2080,17,'Update AWPB Input : Test',1628193617,'::1','Mozilla/5.0 (Windows NT 10.0; Win64; x64) AppleWebKit/537.36 (KHTML, like Gecko) Chrome/92.0.4515.107 Safari/537.36 Edg/92.0.902.62'),(2081,17,'Added AWPB input : Maize Seed # 59',1628193905,'::1','Mozilla/5.0 (Windows NT 10.0; Win64; x64) AppleWebKit/537.36 (KHTML, like Gecko) Chrome/92.0.4515.107 Safari/537.36 Edg/92.0.902.62'),(2082,17,'Updated 2 input',1628195393,'::1','Mozilla/5.0 (Windows NT 10.0; Win64; x64) AppleWebKit/537.36 (KHTML, like Gecko) Chrome/92.0.4515.107 Safari/537.36 Edg/92.0.902.62'),(2083,17,'Update AWPB: Provincial Validation of the ZNAD : 75',1628195393,'::1','Mozilla/5.0 (Windows NT 10.0; Win64; x64) AppleWebKit/537.36 (KHTML, like Gecko) Chrome/92.0.4515.107 Safari/537.36 Edg/92.0.902.62'),(2084,17,'Added AWPB input : simon # 60',1628195483,'::1','Mozilla/5.0 (Windows NT 10.0; Win64; x64) AppleWebKit/537.36 (KHTML, like Gecko) Chrome/92.0.4515.107 Safari/537.36 Edg/92.0.902.62'),(2085,17,'Added AWPB input : Omm # 61',1628195762,'::1','Mozilla/5.0 (Windows NT 10.0; Win64; x64) AppleWebKit/537.36 (KHTML, like Gecko) Chrome/92.0.4515.107 Safari/537.36 Edg/92.0.902.62'),(2086,17,'Update AWPB Input : Omm',1628195909,'::1','Mozilla/5.0 (Windows NT 10.0; Win64; x64) AppleWebKit/537.36 (KHTML, like Gecko) Chrome/92.0.4515.107 Safari/537.36 Edg/92.0.902.62'),(2087,17,'Added AWPB input : bcb # 62',1628195937,'::1','Mozilla/5.0 (Windows NT 10.0; Win64; x64) AppleWebKit/537.36 (KHTML, like Gecko) Chrome/92.0.4515.107 Safari/537.36 Edg/92.0.902.62'),(2088,17,'Added AWPB input : Mango # 63',1628196162,'::1','Mozilla/5.0 (Windows NT 10.0; Win64; x64) AppleWebKit/537.36 (KHTML, like Gecko) Chrome/92.0.4515.107 Safari/537.36 Edg/92.0.902.62'),(2089,17,'Updated 6 input',1628196174,'::1','Mozilla/5.0 (Windows NT 10.0; Win64; x64) AppleWebKit/537.36 (KHTML, like Gecko) Chrome/92.0.4515.107 Safari/537.36 Edg/92.0.902.62'),(2090,17,'Update AWPB: Provincial Validation of the ZNAD : 75',1628196174,'::1','Mozilla/5.0 (Windows NT 10.0; Win64; x64) AppleWebKit/537.36 (KHTML, like Gecko) Chrome/92.0.4515.107 Safari/537.36 Edg/92.0.902.62'),(2091,17,'Added AWPB input : ten # 64',1628196264,'::1','Mozilla/5.0 (Windows NT 10.0; Win64; x64) AppleWebKit/537.36 (KHTML, like Gecko) Chrome/92.0.4515.107 Safari/537.36 Edg/92.0.902.62'),(2092,17,'Added AWPB input : MYour # 65',1628196485,'::1','Mozilla/5.0 (Windows NT 10.0; Win64; x64) AppleWebKit/537.36 (KHTML, like Gecko) Chrome/92.0.4515.107 Safari/537.36 Edg/92.0.902.62'),(2093,17,'Added AWPB input : 777 # 66',1628196551,'::1','Mozilla/5.0 (Windows NT 10.0; Win64; x64) AppleWebKit/537.36 (KHTML, like Gecko) Chrome/92.0.4515.107 Safari/537.36 Edg/92.0.902.62'),(2094,17,'Added AWPB input : naan` # 67',1628197005,'::1','Mozilla/5.0 (Windows NT 10.0; Win64; x64) AppleWebKit/537.36 (KHTML, like Gecko) Chrome/92.0.4515.107 Safari/537.36 Edg/92.0.902.62'),(2095,17,'Added AWPB input : mm # 68',1628197045,'::1','Mozilla/5.0 (Windows NT 10.0; Win64; x64) AppleWebKit/537.36 (KHTML, like Gecko) Chrome/92.0.4515.107 Safari/537.36 Edg/92.0.902.62'),(2096,17,'Update AWPB Input : Test',1628198658,'::1','Mozilla/5.0 (Windows NT 10.0; Win64; x64) AppleWebKit/537.36 (KHTML, like Gecko) Chrome/92.0.4515.107 Safari/537.36 Edg/92.0.902.62'),(2097,17,'Update AWPB Input : Test',1628198709,'::1','Mozilla/5.0 (Windows NT 10.0; Win64; x64) AppleWebKit/537.36 (KHTML, like Gecko) Chrome/92.0.4515.107 Safari/537.36 Edg/92.0.902.62'),(2098,17,'Update AWPB Input : Test',1628198809,'::1','Mozilla/5.0 (Windows NT 10.0; Win64; x64) AppleWebKit/537.36 (KHTML, like Gecko) Chrome/92.0.4515.107 Safari/537.36 Edg/92.0.902.62'),(2099,17,'Delete input Test from the system.',1628199494,'::1','Mozilla/5.0 (Windows NT 10.0; Win64; x64) AppleWebKit/537.36 (KHTML, like Gecko) Chrome/92.0.4515.107 Safari/537.36 Edg/92.0.902.62'),(2100,17,'Delete input mm from the system.',1628199955,'::1','Mozilla/5.0 (Windows NT 10.0; Win64; x64) AppleWebKit/537.36 (KHTML, like Gecko) Chrome/92.0.4515.107 Safari/537.36 Edg/92.0.902.62'),(2101,17,'Delete input naan` from the system.',1628200004,'::1','Mozilla/5.0 (Windows NT 10.0; Win64; x64) AppleWebKit/537.36 (KHTML, like Gecko) Chrome/92.0.4515.107 Safari/537.36 Edg/92.0.902.62'),(2102,17,'Delete input ten from the system.',1628200108,'::1','Mozilla/5.0 (Windows NT 10.0; Win64; x64) AppleWebKit/537.36 (KHTML, like Gecko) Chrome/92.0.4515.107 Safari/537.36 Edg/92.0.902.62'),(2103,17,'Delete input Mango from the system.',1628200339,'::1','Mozilla/5.0 (Windows NT 10.0; Win64; x64) AppleWebKit/537.36 (KHTML, like Gecko) Chrome/92.0.4515.107 Safari/537.36 Edg/92.0.902.62'),(2104,17,'Delete input 777 from the system.',1628200394,'::1','Mozilla/5.0 (Windows NT 10.0; Win64; x64) AppleWebKit/537.36 (KHTML, like Gecko) Chrome/92.0.4515.107 Safari/537.36 Edg/92.0.902.62'),(2105,17,'Delete input MYour from the system.',1628200499,'::1','Mozilla/5.0 (Windows NT 10.0; Win64; x64) AppleWebKit/537.36 (KHTML, like Gecko) Chrome/92.0.4515.107 Safari/537.36 Edg/92.0.902.62'),(2106,17,'Update AWPB Input : Mine',1628272903,'::1','Mozilla/5.0 (Windows NT 10.0; Win64; x64) AppleWebKit/537.36 (KHTML, like Gecko) Chrome/92.0.4515.107 Safari/537.36 Edg/92.0.902.62'),(2107,17,'Added AWPB  : 78',1628273352,'::1','Mozilla/5.0 (Windows NT 10.0; Win64; x64) AppleWebKit/537.36 (KHTML, like Gecko) Chrome/92.0.4515.107 Safari/537.36 Edg/92.0.902.62'),(2108,17,'Updated 4 input',1628273663,'::1','Mozilla/5.0 (Windows NT 10.0; Win64; x64) AppleWebKit/537.36 (KHTML, like Gecko) Chrome/92.0.4515.107 Safari/537.36 Edg/92.0.902.62'),(2109,17,'Update AWPB: Provincial Validation of the ZNAD : 75',1628273663,'::1','Mozilla/5.0 (Windows NT 10.0; Win64; x64) AppleWebKit/537.36 (KHTML, like Gecko) Chrome/92.0.4515.107 Safari/537.36 Edg/92.0.902.62'),(2110,17,'Updated 4 input',1628274231,'::1','Mozilla/5.0 (Windows NT 10.0; Win64; x64) AppleWebKit/537.36 (KHTML, like Gecko) Chrome/92.0.4515.107 Safari/537.36 Edg/92.0.902.62'),(2111,17,'Update AWPB: Provincial Validation of the ZNAD : 75',1628274232,'::1','Mozilla/5.0 (Windows NT 10.0; Win64; x64) AppleWebKit/537.36 (KHTML, like Gecko) Chrome/92.0.4515.107 Safari/537.36 Edg/92.0.902.62'),(2112,17,'Added 4 activity line',1628274405,'::1','Mozilla/5.0 (Windows NT 10.0; Win64; x64) AppleWebKit/537.36 (KHTML, like Gecko) Chrome/92.0.4515.107 Safari/537.36 Edg/92.0.902.62'),(2113,17,'Update AWPB: Provincial Validation of the ZNAD : 75',1628274406,'::1','Mozilla/5.0 (Windows NT 10.0; Win64; x64) AppleWebKit/537.36 (KHTML, like Gecko) Chrome/92.0.4515.107 Safari/537.36 Edg/92.0.902.62'),(2114,17,'Added 4 activity line',1628274710,'::1','Mozilla/5.0 (Windows NT 10.0; Win64; x64) AppleWebKit/537.36 (KHTML, like Gecko) Chrome/92.0.4515.107 Safari/537.36 Edg/92.0.902.62'),(2115,17,'Update AWPB: Provincial Validation of the ZNAD : 75',1628274710,'::1','Mozilla/5.0 (Windows NT 10.0; Win64; x64) AppleWebKit/537.36 (KHTML, like Gecko) Chrome/92.0.4515.107 Safari/537.36 Edg/92.0.902.62'),(2116,17,'Update AWPB Input : Maize Seed',1628275449,'::1','Mozilla/5.0 (Windows NT 10.0; Win64; x64) AppleWebKit/537.36 (KHTML, like Gecko) Chrome/92.0.4515.107 Safari/537.36 Edg/92.0.902.62'),(2117,14,'Updated 2022 fiscal year',1628284090,'::1','Mozilla/5.0 (Windows NT 10.0; Win64; x64) AppleWebKit/537.36 (KHTML, like Gecko) Chrome/92.0.4515.107 Safari/537.36 Edg/92.0.902.62'),(2118,14,'Published  \'2022 AWPB Template',1628284567,'::1','Mozilla/5.0 (Windows NT 10.0; Win64; x64) AppleWebKit/537.36 (KHTML, like Gecko) Chrome/92.0.4515.107 Safari/537.36 Edg/92.0.902.62'),(2119,14,'Updated 2022 fiscal year',1628395218,'::1','Mozilla/5.0 (Windows NT 10.0; Win64; x64) AppleWebKit/537.36 (KHTML, like Gecko) Chrome/92.0.4515.107 Safari/537.36 Edg/92.0.902.62'),(2120,14,'Updated 2022 AWPB district list',1628395235,'::1','Mozilla/5.0 (Windows NT 10.0; Win64; x64) AppleWebKit/537.36 (KHTML, like Gecko) Chrome/92.0.4515.107 Safari/537.36 Edg/92.0.902.62'),(2121,14,'Published  \'2022 AWPB Template',1628395654,'::1','Mozilla/5.0 (Windows NT 10.0; Win64; x64) AppleWebKit/537.36 (KHTML, like Gecko) Chrome/92.0.4515.107 Safari/537.36 Edg/92.0.902.62');
/*!40000 ALTER TABLE `audit_trail` ENABLE KEYS */;
UNLOCK TABLES;

--
-- Table structure for table `awpb_activity`
--

DROP TABLE IF EXISTS `awpb_activity`;
/*!40101 SET @saved_cs_client     = @@character_set_client */;
/*!40101 SET character_set_client = utf8 */;
CREATE TABLE `awpb_activity` (
  `id` int(11) NOT NULL AUTO_INCREMENT,
  `activity_code` varchar(10) NOT NULL,
  `parent_activity_id` int(11) DEFAULT NULL,
  `component_id` int(11) NOT NULL,
  `outcome_id` int(11) DEFAULT NULL,
  `output_id` int(11) DEFAULT NULL,
  `commodity_type_id` int(11) unsigned DEFAULT NULL,
  `type` int(11) NOT NULL COMMENT '0 Main activity, 1 Subactivity',
  `activity_type` varchar(255) DEFAULT NULL,
  `awpb_template_id` int(11) DEFAULT NULL,
  `description` varchar(255) NOT NULL,
  `name` varchar(100) NOT NULL,
  `unit_of_measure_id` int(11) DEFAULT NULL,
  `programme_target` double DEFAULT NULL,
  `cumulative_planned` double NOT NULL,
  `cumulative_actual` double NOT NULL,
  `indicator_id` int(11) DEFAULT NULL,
  `funder_id` int(11) DEFAULT NULL,
  `gl_account_code` varchar(4) DEFAULT NULL,
  `quarter_one_budget` double DEFAULT NULL,
  `quarter_two_budget` double DEFAULT NULL,
  `quarter_three_budget` double DEFAULT NULL,
  `quarter_four_budget` double DEFAULT NULL,
  `total_budget` double DEFAULT NULL,
  `expense_category_id` int(11) DEFAULT NULL,
  `created_at` int(11) unsigned NOT NULL,
  `updated_at` int(11) unsigned NOT NULL,
  `created_by` int(11) DEFAULT NULL,
  `updated_by` int(11) DEFAULT NULL,
  PRIMARY KEY (`id`),
  UNIQUE KEY `description` (`description`),
  UNIQUE KEY `name` (`name`),
  KEY `component_id` (`component_id`),
  KEY `expense_category_id` (`expense_category_id`),
  KEY `awpb_template_id` (`awpb_template_id`),
  KEY `unit_of_measure_id` (`unit_of_measure_id`),
  KEY `activity_code` (`activity_code`) USING BTREE,
  KEY `funder_id` (`funder_id`),
  KEY `indicator_id` (`indicator_id`),
  KEY `outcome_id` (`outcome_id`),
  KEY `output_id` (`output_id`),
  KEY `commodity_id` (`commodity_type_id`),
  CONSTRAINT `awpb_activity_ibfk_1` FOREIGN KEY (`component_id`) REFERENCES `awpb_component` (`id`),
  CONSTRAINT `awpb_activity_ibfk_2` FOREIGN KEY (`expense_category_id`) REFERENCES `awpb_expense_category` (`id`),
  CONSTRAINT `awpb_activity_ibfk_3` FOREIGN KEY (`awpb_template_id`) REFERENCES `awpb_template` (`id`),
  CONSTRAINT `awpb_activity_ibfk_4` FOREIGN KEY (`unit_of_measure_id`) REFERENCES `awpb_unit_of_measure` (`id`),
  CONSTRAINT `awpb_activity_ibfk_5` FOREIGN KEY (`funder_id`) REFERENCES `awpb_funder` (`id`),
  CONSTRAINT `awpb_activity_ibfk_6` FOREIGN KEY (`indicator_id`) REFERENCES `awpb_indicator` (`id`),
  CONSTRAINT `awpb_activity_ibfk_7` FOREIGN KEY (`outcome_id`) REFERENCES `awpb_outcome` (`id`),
  CONSTRAINT `awpb_activity_ibfk_8` FOREIGN KEY (`output_id`) REFERENCES `awpb_output` (`id`),
  CONSTRAINT `awpb_activity_ibfk_9` FOREIGN KEY (`commodity_type_id`) REFERENCES `awpb_commodity_type` (`id`)
) ENGINE=InnoDB AUTO_INCREMENT=120 DEFAULT CHARSET=utf8mb4;
/*!40101 SET character_set_client = @saved_cs_client */;

--
-- Dumping data for table `awpb_activity`
--

LOCK TABLES `awpb_activity` WRITE;
/*!40000 ALTER TABLE `awpb_activity` DISABLE KEYS */;
INSERT INTO `awpb_activity` VALUES (90,'1.1.A',NULL,42,1,1,NULL,0,'Main Activity',32,'Policy related activities','Policy related activities',1,NULL,0,0,19,NULL,NULL,NULL,NULL,NULL,NULL,NULL,NULL,1607182013,1625672105,14,14),(95,'1.1.A2',90,42,NULL,1,12,1,'Subactivity',NULL,'Provincial Validation of the ZNAD','Provincial Validation of the ZNAD',1,500,0,1965,19,2,'0764',NULL,NULL,NULL,NULL,NULL,9,1621278447,1627088269,14,14),(96,'1.1.A1',90,42,NULL,1,12,1,'Subactivity',NULL,'Drafting of the ZNADS','Drafting of the ZNADS',1,500,0,0,19,1,'0763',NULL,NULL,NULL,NULL,NULL,1,1621281291,1627058788,14,14),(98,'1.1.B',NULL,42,NULL,1,NULL,0,'Main Activity',NULL,' ZNADS implementation activities ',' ZNADS implementation activities ',NULL,NULL,0,0,20,NULL,NULL,NULL,NULL,NULL,NULL,NULL,NULL,1621282942,1625666470,14,14),(99,'1.1.B1',98,42,NULL,1,12,1,'Subactivity',NULL,'Dissemination of the Strategy    ','Dissemination of the Strategy    ',1,300,0,0,NULL,2,'0765',NULL,NULL,NULL,NULL,NULL,1,1621283049,1627058899,14,14),(100,'2.1.A',NULL,44,NULL,2,NULL,0,'Main Activity',NULL,'Activities related to strengthening of organizations/cooperatives/marketing groups  and creation of formal partnerships/agreements','Activity 2.1.A',NULL,NULL,0,0,NULL,NULL,NULL,NULL,NULL,NULL,NULL,NULL,NULL,1622381978,1622381978,14,14),(101,'2.1.A1',100,44,NULL,2,12,1,'Subactivity',NULL,'Stakeholder Engagement for Phase 2 and 3 Cat. A farmers\r\n','Stakeholder Engagement for Phase 2 and 3 Cat. A farmers',NULL,500,0,0,NULL,2,'0760',NULL,NULL,NULL,NULL,NULL,1,1622386805,1627059142,14,14),(102,'1.1.A3',90,42,NULL,1,12,1,'Subactivity',NULL,'ZNADS launch','ZNADS launch',NULL,500,0,0,19,1,'2000',NULL,NULL,NULL,NULL,NULL,1,1625654005,1625672105,14,14),(103,'1.1.C',NULL,42,NULL,1,NULL,0,'Main Activity',NULL,'Key agribusiness studies related activities','Key agribusiness studies related activit',NULL,NULL,0,0,22,NULL,NULL,NULL,NULL,NULL,NULL,NULL,NULL,1625667087,1625667087,14,14),(104,'1.1.D',NULL,42,NULL,1,NULL,0,'Main Activity',NULL,'Policy-relevant knowledge products activities','Policy-relevant knowledge products activities',NULL,NULL,0,0,23,NULL,NULL,NULL,NULL,NULL,NULL,NULL,NULL,1625667150,1625668787,14,14),(105,'1.1.E',NULL,42,NULL,1,NULL,0,'Main Activity',NULL,'Number of policy forum related activities','Number of policy forum related activitie',NULL,NULL,0,0,24,NULL,NULL,NULL,NULL,NULL,NULL,NULL,NULL,1625667244,1625667244,14,14),(106,'2.1.B',NULL,44,NULL,NULL,NULL,0,'Main Activity',NULL,'Activities related to Physical access to Markets, processing and storage ','Activities related to Physical access to Markets, processing and storage ',NULL,NULL,0,0,NULL,NULL,NULL,NULL,NULL,NULL,NULL,NULL,NULL,1626043429,1626043429,14,14),(107,'2.1.C',NULL,44,NULL,NULL,NULL,0,'Main Activity',NULL,'Activities related to production techniques and technologies and climate change\r\n','Activities related to production techniques and technologies and climate change',NULL,NULL,0,0,NULL,NULL,NULL,NULL,NULL,NULL,NULL,NULL,NULL,1626043522,1626043522,14,14),(108,'2.1.D',NULL,44,NULL,NULL,NULL,0,'Main Activity',NULL,'Activity D: Activities related to improving MDDW\r\n','Activity D: Activities related to improving MDDW',NULL,NULL,0,0,NULL,NULL,NULL,NULL,NULL,NULL,NULL,NULL,NULL,1626043584,1626043584,14,14),(109,'2.1.E',NULL,44,NULL,NULL,NULL,0,'Main Activity',NULL,'Activities related to HHs with targeted support to improve their nutrition\r\n','Activities related to HHs with targeted support to improve their nutrition',NULL,NULL,0,0,NULL,NULL,NULL,NULL,NULL,NULL,NULL,NULL,NULL,1626043640,1626043640,14,14),(110,'2.1.F',NULL,44,NULL,NULL,NULL,0,'Main Activity',NULL,'M&E/KMC Related activities\r\n','M&E/KMC Related activities',NULL,NULL,0,0,NULL,NULL,NULL,NULL,NULL,NULL,NULL,NULL,NULL,1626043706,1626043706,14,14),(111,'2.2.A',NULL,47,NULL,NULL,NULL,0,'Main Activity',NULL,'Activities related to support to physical infrastructure and other investments\r\n','Activities related to support to physical infrastructure and other investments',NULL,NULL,0,0,NULL,NULL,NULL,NULL,NULL,NULL,NULL,NULL,NULL,1626043774,1626043774,14,14),(112,'2.2.B',NULL,47,NULL,NULL,NULL,0,'Main Activity',NULL,'Activities related to training in processing, post-harvest, and value addition\r\n','Activities related to trainings in processing, post-harvet and value addition',NULL,NULL,0,0,NULL,NULL,NULL,NULL,NULL,NULL,NULL,NULL,NULL,1626043841,1626043841,14,14),(113,'2.2.C',NULL,47,NULL,NULL,NULL,0,'Main Activity',NULL,'Fidisury\r\n','Fidisury',NULL,NULL,0,0,NULL,NULL,NULL,NULL,NULL,NULL,NULL,NULL,NULL,1626043912,1626043912,14,14),(114,'3.1.A',NULL,50,NULL,NULL,NULL,0,'Main Activity',NULL,'Fiduciary & Admin related activities\r\n','Fiduciary & Admin related activities',NULL,NULL,0,0,NULL,NULL,NULL,NULL,NULL,NULL,NULL,NULL,NULL,1626044040,1626044040,14,14),(115,'3.1.B',NULL,50,NULL,NULL,NULL,0,'Main Activity',NULL,'Procurement and Contracts\r\n','Procurement and Contracts',NULL,NULL,0,0,NULL,NULL,NULL,NULL,NULL,NULL,NULL,NULL,NULL,1626044152,1626044152,14,14),(116,'3.1.D',NULL,50,NULL,NULL,NULL,0,'Main Activity',NULL,'Management Information System\r\n','Management Information System',NULL,NULL,0,0,NULL,NULL,NULL,NULL,NULL,NULL,NULL,NULL,NULL,1626044193,1626044193,14,14),(117,'2.1.A2',100,44,NULL,NULL,NULL,1,'Subactivity',NULL,'VC innovation  multi-stakeholder  engagement meetings\r\n','VC innovation  multi-stakeholder  engagement meetings',NULL,500,0,0,NULL,2,'0955',NULL,NULL,NULL,NULL,NULL,8,1626197636,1627088223,14,14),(118,'2.1.A3',100,44,NULL,NULL,12,1,'Subactivity',NULL,'Technical support(training and mentorship) facilitation  in specialised production ','Technical support(training and mentorship) facilitation  in specialised production ',NULL,500,0,0,NULL,1,'0960',NULL,NULL,NULL,NULL,NULL,1,1626197795,1627088189,14,14),(119,'2.2.A2',111,47,NULL,NULL,12,1,'Subactivity',NULL,'District Review of Applications and PCNs\r\n','District Review of Applications and PCNs',NULL,500,0,0,NULL,2,'1063',NULL,NULL,NULL,NULL,NULL,1,1626197906,1627059290,14,14);
/*!40000 ALTER TABLE `awpb_activity` ENABLE KEYS */;
UNLOCK TABLES;

--
-- Table structure for table `awpb_activity_funder`
--

DROP TABLE IF EXISTS `awpb_activity_funder`;
/*!40101 SET @saved_cs_client     = @@character_set_client */;
/*!40101 SET character_set_client = utf8 */;
CREATE TABLE `awpb_activity_funder` (
  `id` int(11) NOT NULL AUTO_INCREMENT,
  `activity_id` int(11) NOT NULL,
  `funder_id` int(11) NOT NULL,
  `amount` double NOT NULL,
  `percentage` double NOT NULL,
  PRIMARY KEY (`id`),
  KEY `activity_id` (`activity_id`),
  KEY `funder_id` (`funder_id`),
  CONSTRAINT `awpb_activity_funder_ibfk_1` FOREIGN KEY (`funder_id`) REFERENCES `awpb_funder` (`id`),
  CONSTRAINT `awpb_activity_funder_ibfk_2` FOREIGN KEY (`activity_id`) REFERENCES `awpb_activity` (`id`)
) ENGINE=InnoDB DEFAULT CHARSET=utf8mb4;
/*!40101 SET character_set_client = @saved_cs_client */;

--
-- Dumping data for table `awpb_activity_funder`
--

LOCK TABLES `awpb_activity_funder` WRITE;
/*!40000 ALTER TABLE `awpb_activity_funder` DISABLE KEYS */;
/*!40000 ALTER TABLE `awpb_activity_funder` ENABLE KEYS */;
UNLOCK TABLES;

--
-- Table structure for table `awpb_activity_line`
--

DROP TABLE IF EXISTS `awpb_activity_line`;
/*!40101 SET @saved_cs_client     = @@character_set_client */;
/*!40101 SET character_set_client = utf8 */;
CREATE TABLE `awpb_activity_line` (
  `id` int(11) NOT NULL AUTO_INCREMENT,
  `component_id` int(11) NOT NULL,
  `output_id` int(11) NOT NULL,
  `activity_id` int(11) NOT NULL,
  `awpb_template_id` int(11) NOT NULL,
  `indicator_id` int(11) NOT NULL,
  `name` varchar(255) DEFAULT NULL,
  `unit_cost` double DEFAULT NULL,
  `mo_1` double DEFAULT NULL,
  `mo_2` double DEFAULT NULL,
  `mo_3` double DEFAULT NULL,
  `mo_4` double DEFAULT NULL,
  `mo_5` double DEFAULT NULL,
  `mo_6` double DEFAULT NULL,
  `mo_7` double DEFAULT NULL,
  `mo_8` double DEFAULT NULL,
  `mo_9` double DEFAULT NULL,
  `mo_10` double DEFAULT NULL,
  `mo_11` double DEFAULT NULL,
  `mo_12` double DEFAULT NULL,
  `quarter_one_quantity` double DEFAULT NULL,
  `quarter_two_quantity` double DEFAULT NULL,
  `quarter_three_quantity` double DEFAULT NULL,
  `quarter_four_quantity` double DEFAULT NULL,
  `total_quantity` double NOT NULL,
  `mo_1_amount` double DEFAULT NULL,
  `mo_2_amount` double DEFAULT NULL,
  `mo_3_amount` double DEFAULT NULL,
  `mo_4_amount` double DEFAULT NULL,
  `mo_5_amount` double DEFAULT NULL,
  `mo_6_amount` double DEFAULT NULL,
  `mo_7_amount` double DEFAULT NULL,
  `mo_8_amount` double DEFAULT NULL,
  `mo_9_amount` double DEFAULT NULL,
  `mo_10_amount` double DEFAULT NULL,
  `mo_11_amount` double DEFAULT NULL,
  `mo_12_amount` double DEFAULT NULL,
  `quarter_one_amount` double DEFAULT NULL,
  `quarter_two_amount` double DEFAULT NULL,
  `quarter_three_amount` double DEFAULT NULL,
  `quarter_four_amount` double DEFAULT NULL,
  `total_amount` double DEFAULT NULL,
  `mo_1_actual` double DEFAULT NULL,
  `mo_2_actual` double DEFAULT NULL,
  `mo_3_actual` double DEFAULT NULL,
  `mo_4_actual` double DEFAULT NULL,
  `mo_5_actual` double DEFAULT NULL,
  `mo_6_actual` double DEFAULT NULL,
  `mo_7_actual` double DEFAULT NULL,
  `mo_8_actual` double DEFAULT NULL,
  `mo_9_actual` double DEFAULT NULL,
  `mo_10_actual` double DEFAULT NULL,
  `mo_11_actual` double DEFAULT NULL,
  `mo_12_actual` double DEFAULT NULL,
  `status` int(11) NOT NULL,
  `district_id` int(11) unsigned DEFAULT NULL,
  `province_id` int(11) unsigned DEFAULT NULL,
  `created_at` int(11) unsigned NOT NULL,
  `updated_at` int(11) unsigned NOT NULL,
  `created_by` int(11) DEFAULT NULL,
  `updated_by` int(11) DEFAULT NULL,
  PRIMARY KEY (`id`),
  KEY `activity_id` (`activity_id`),
  KEY `district_id` (`district_id`),
  KEY `province_id` (`province_id`),
  KEY `awpb_template_id` (`awpb_template_id`),
  KEY `indicator_id` (`indicator_id`),
  KEY `component_id` (`component_id`),
  KEY `output_id` (`output_id`),
  CONSTRAINT `awpb_activity_line_ibfk_3` FOREIGN KEY (`activity_id`) REFERENCES `awpb_activity` (`id`),
  CONSTRAINT `awpb_activity_line_ibfk_4` FOREIGN KEY (`awpb_template_id`) REFERENCES `awpb_template` (`id`),
  CONSTRAINT `awpb_activity_line_ibfk_5` FOREIGN KEY (`indicator_id`) REFERENCES `awpb_indicator` (`id`),
  CONSTRAINT `awpb_activity_line_ibfk_6` FOREIGN KEY (`component_id`) REFERENCES `awpb_component` (`id`),
  CONSTRAINT `awpb_activity_line_ibfk_7` FOREIGN KEY (`output_id`) REFERENCES `awpb_output` (`id`)
) ENGINE=InnoDB AUTO_INCREMENT=60 DEFAULT CHARSET=utf8mb4;
/*!40101 SET character_set_client = @saved_cs_client */;

--
-- Dumping data for table `awpb_activity_line`
--

LOCK TABLES `awpb_activity_line` WRITE;
/*!40000 ALTER TABLE `awpb_activity_line` DISABLE KEYS */;
INSERT INTO `awpb_activity_line` VALUES (59,44,2,101,33,14,'MM',NULL,1,0,0,2,0,0,0,0,0,0,0,0,1,2,0,0,3,0,0,0,0,0,0,0,0,0,0,0,0,0,0,0,0,0,NULL,NULL,NULL,NULL,NULL,NULL,NULL,NULL,NULL,NULL,NULL,NULL,0,2,1,0,1623493924,14,14);
/*!40000 ALTER TABLE `awpb_activity_line` ENABLE KEYS */;
UNLOCK TABLES;

--
-- Table structure for table `awpb_actual_input`
--

DROP TABLE IF EXISTS `awpb_actual_input`;
/*!40101 SET @saved_cs_client     = @@character_set_client */;
/*!40101 SET character_set_client = utf8 */;
CREATE TABLE `awpb_actual_input` (
  `id` int(11) NOT NULL AUTO_INCREMENT,
  `component_id` int(11) NOT NULL,
  `output_id` int(11) DEFAULT NULL,
  `activity_id` int(11) NOT NULL,
  `awpb_template_id` int(11) NOT NULL,
  `indicator_id` int(11) DEFAULT NULL,
  `budget_id` int(11) NOT NULL,
  `input_id` int(11) DEFAULT NULL,
  `quarter_number` int(11) NOT NULL,
  `name` varchar(255) NOT NULL,
  `unit_of_measure_id` int(11) DEFAULT NULL,
  `unit_cost` double NOT NULL,
  `mo_1` double DEFAULT NULL,
  `mo_2` double DEFAULT NULL,
  `mo_3` double DEFAULT NULL,
  `quarter_quantity` double DEFAULT NULL,
  `quarter_amount` double DEFAULT NULL,
  `mo_1_amount` double DEFAULT NULL,
  `mo_2_amount` double DEFAULT NULL,
  `mo_3_amount` double DEFAULT NULL,
  `mo_1_actual` double DEFAULT NULL,
  `mo_2_actual` double DEFAULT NULL,
  `mo_3_actual` double DEFAULT NULL,
  `status` int(11) NOT NULL,
  `cost_centre_id` int(11) unsigned DEFAULT NULL,
  `camp_id` int(11) unsigned DEFAULT NULL,
  `district_id` int(11) unsigned DEFAULT NULL,
  `province_id` int(11) unsigned DEFAULT NULL,
  `created_at` int(11) unsigned NOT NULL,
  `updated_at` int(11) unsigned NOT NULL,
  `created_by` int(11) DEFAULT NULL,
  `updated_by` int(11) DEFAULT NULL,
  PRIMARY KEY (`id`),
  KEY `activity_id` (`activity_id`),
  KEY `district_id` (`district_id`),
  KEY `province_id` (`province_id`),
  KEY `awpb_template_id` (`awpb_template_id`),
  KEY `indicator_id` (`indicator_id`),
  KEY `created_by` (`created_by`),
  KEY `updated_by` (`updated_by`),
  KEY `awpb_actual_input_ibfk_1` (`budget_id`),
  KEY `camp_id` (`camp_id`),
  KEY `cost_centre_id` (`cost_centre_id`),
  KEY `component_id` (`component_id`),
  KEY `output_id` (`output_id`),
  CONSTRAINT `awpb_actual_input_ibfk_1` FOREIGN KEY (`budget_id`) REFERENCES `awpb_budget` (`id`),
  CONSTRAINT `awpb_actual_input_ibfk_10` FOREIGN KEY (`cost_centre_id`) REFERENCES `awpb_cost_centre` (`id`),
  CONSTRAINT `awpb_actual_input_ibfk_11` FOREIGN KEY (`component_id`) REFERENCES `awpb_component` (`id`),
  CONSTRAINT `awpb_actual_input_ibfk_12` FOREIGN KEY (`output_id`) REFERENCES `awpb_output` (`id`),
  CONSTRAINT `awpb_actual_input_ibfk_2` FOREIGN KEY (`awpb_template_id`) REFERENCES `awpb_template` (`id`),
  CONSTRAINT `awpb_actual_input_ibfk_3` FOREIGN KEY (`activity_id`) REFERENCES `awpb_activity` (`id`),
  CONSTRAINT `awpb_actual_input_ibfk_4` FOREIGN KEY (`indicator_id`) REFERENCES `awpb_indicator` (`id`),
  CONSTRAINT `awpb_actual_input_ibfk_5` FOREIGN KEY (`district_id`) REFERENCES `district` (`id`),
  CONSTRAINT `awpb_actual_input_ibfk_6` FOREIGN KEY (`province_id`) REFERENCES `province` (`id`),
  CONSTRAINT `awpb_actual_input_ibfk_7` FOREIGN KEY (`created_by`) REFERENCES `users` (`id`),
  CONSTRAINT `awpb_actual_input_ibfk_8` FOREIGN KEY (`updated_by`) REFERENCES `users` (`id`),
  CONSTRAINT `awpb_actual_input_ibfk_9` FOREIGN KEY (`camp_id`) REFERENCES `camp` (`id`)
) ENGINE=InnoDB AUTO_INCREMENT=71 DEFAULT CHARSET=utf8mb4;
/*!40101 SET character_set_client = @saved_cs_client */;

--
-- Dumping data for table `awpb_actual_input`
--

LOCK TABLES `awpb_actual_input` WRITE;
/*!40000 ALTER TABLE `awpb_actual_input` DISABLE KEYS */;
INSERT INTO `awpb_actual_input` VALUES (2,44,NULL,117,33,NULL,72,30,2,'Diesel Fuel',4,15.77,59,5,2,66,1040.82,930.43,78.85,31.54,NULL,NULL,NULL,0,NULL,NULL,2,1,0,0,18,18),(3,44,NULL,117,33,NULL,72,30,3,'Diesel Fuel',4,2854.37,1,0,0,1,2854.37,2854.37,0,0,NULL,NULL,NULL,0,NULL,NULL,2,1,0,0,18,18),(7,44,NULL,117,33,NULL,72,NULL,4,'Stationery',12,820.04,1,0,0,1,820.04,820.04,0,0,NULL,NULL,NULL,4,NULL,NULL,2,1,0,0,18,18),(8,44,NULL,117,33,NULL,72,NULL,4,'Conference Hire',11,769.03,1,0,0,1,769.03,769.03,0,0,NULL,NULL,NULL,4,NULL,NULL,2,1,0,0,18,18),(9,44,NULL,117,33,NULL,72,NULL,1,'lunch',1,300,3,0,0,3,900,900,0,0,NULL,NULL,NULL,4,NULL,NULL,2,1,0,0,18,18),(10,44,NULL,117,33,NULL,72,NULL,1,'Projector Hire',1,100,1,0,0,1,100,100,0,0,NULL,NULL,NULL,4,NULL,NULL,2,1,0,0,18,18),(15,44,NULL,101,32,NULL,74,42,1,'Sitting Allowance',11,1000,10,10,10,30,30000,10000,10000,10000,NULL,NULL,NULL,0,NULL,NULL,2,1,0,0,18,18),(16,44,NULL,101,32,NULL,74,42,2,'Sitting Allowance',11,1000,10,10,10,30,30000,10000,10000,10000,NULL,NULL,NULL,0,NULL,NULL,2,1,0,0,18,18),(17,44,NULL,101,32,NULL,74,42,3,'Sitting Allowance',11,1000,10,10,10,30,30000,10000,10000,10000,NULL,NULL,NULL,0,NULL,NULL,2,1,0,0,18,18),(18,44,NULL,101,32,NULL,74,42,4,'Sitting Allowance',11,1000,10,10,10,30,30000,10000,10000,10000,NULL,NULL,NULL,0,NULL,NULL,2,1,0,0,18,18),(23,42,NULL,96,32,NULL,76,58,4,'Mine',12,0.55,0,0,0,0,0,0,0,0,NULL,NULL,NULL,0,NULL,NULL,NULL,NULL,0,1628272903,17,17),(24,42,NULL,96,32,NULL,76,58,2,'Mine',12,0.55,5,5,0,10,5.5,2.75,2.75,0,NULL,NULL,NULL,0,NULL,NULL,NULL,NULL,0,0,17,17),(25,42,NULL,96,32,NULL,76,58,3,'Mine',12,0.55,0,0,0,0,0,0,0,0,NULL,NULL,NULL,0,NULL,NULL,NULL,NULL,0,0,17,17),(26,42,NULL,96,32,NULL,76,58,4,'Mine',12,0.55,0,0,0,0,0,0,0,0,NULL,NULL,NULL,0,NULL,NULL,NULL,NULL,0,0,17,17),(67,42,NULL,95,32,NULL,75,59,1,'Maize Seed',2,99.99,9,9,9,27,2699.73,899.91,899.91,899.91,NULL,NULL,NULL,0,NULL,NULL,NULL,NULL,1628275449,1628275449,17,17),(68,42,NULL,95,32,NULL,75,59,2,'Maize Seed',2,99.99,9,9,9,27,2699.73,899.91,899.91,899.91,NULL,NULL,NULL,0,NULL,NULL,NULL,NULL,1628275449,1628275449,17,17),(69,42,NULL,95,32,NULL,75,59,3,'Maize Seed',2,99.99,9,9,9,27,2699.73,899.91,899.91,899.91,NULL,NULL,NULL,0,NULL,NULL,NULL,NULL,1628275449,1628275449,17,17),(70,42,NULL,95,32,NULL,75,59,4,'Maize Seed',2,99.99,9,9,9,27,2699.73,899.91,899.91,899.91,NULL,NULL,NULL,0,NULL,NULL,NULL,NULL,1628275449,1628275449,17,17);
/*!40000 ALTER TABLE `awpb_actual_input` ENABLE KEYS */;
UNLOCK TABLES;

--
-- Table structure for table `awpb_budget`
--

DROP TABLE IF EXISTS `awpb_budget`;
/*!40101 SET @saved_cs_client     = @@character_set_client */;
/*!40101 SET character_set_client = utf8 */;
CREATE TABLE `awpb_budget` (
  `id` int(11) NOT NULL AUTO_INCREMENT,
  `component_id` int(11) NOT NULL,
  `output_id` int(11) DEFAULT NULL,
  `activity_id` int(11) NOT NULL,
  `awpb_template_id` int(11) NOT NULL,
  `indicator_id` int(11) DEFAULT NULL,
  `name` varchar(100) DEFAULT NULL,
  `status` int(11) NOT NULL,
  `unit_cost` double DEFAULT NULL,
  `mo_1` double DEFAULT NULL,
  `mo_2` double DEFAULT NULL,
  `mo_3` double DEFAULT NULL,
  `mo_4` double DEFAULT NULL,
  `mo_5` double DEFAULT NULL,
  `mo_6` double DEFAULT NULL,
  `mo_7` double DEFAULT NULL,
  `mo_8` double DEFAULT NULL,
  `mo_9` double DEFAULT NULL,
  `mo_10` double DEFAULT NULL,
  `mo_11` double DEFAULT NULL,
  `mo_12` double DEFAULT NULL,
  `quarter_one_quantity` double DEFAULT NULL,
  `quarter_two_quantity` double DEFAULT NULL,
  `quarter_three_quantity` double DEFAULT NULL,
  `quarter_four_quantity` double DEFAULT NULL,
  `total_quantity` double NOT NULL,
  `mo_1_amount` double DEFAULT NULL,
  `mo_2_amount` double DEFAULT NULL,
  `mo_3_amount` double DEFAULT NULL,
  `mo_4_amount` double DEFAULT NULL,
  `mo_5_amount` double DEFAULT NULL,
  `mo_6_amount` double DEFAULT NULL,
  `mo_7_amount` double DEFAULT NULL,
  `mo_8_amount` double DEFAULT NULL,
  `mo_9_amount` double DEFAULT NULL,
  `mo_10_amount` double DEFAULT NULL,
  `mo_11_amount` double DEFAULT NULL,
  `mo_12_amount` double DEFAULT NULL,
  `quarter_one_amount` double DEFAULT NULL,
  `quarter_two_amount` double DEFAULT NULL,
  `quarter_three_amount` double DEFAULT NULL,
  `quarter_four_amount` double DEFAULT NULL,
  `total_amount` double DEFAULT NULL,
  `mo_1_actual_amount` double DEFAULT NULL,
  `mo_2_actual_amount` double DEFAULT NULL,
  `mo_3_actual_amount` double DEFAULT NULL,
  `mo_4_actual_amount` double DEFAULT NULL,
  `mo_5_actual_amount` double DEFAULT NULL,
  `mo_6_actual_amount` double DEFAULT NULL,
  `mo_7_actual_amount` double DEFAULT NULL,
  `mo_8_actual_amount` double DEFAULT NULL,
  `mo_9_actual_amount` double DEFAULT NULL,
  `mo_10_actual_amount` double DEFAULT NULL,
  `mo_11_actual_amount` double DEFAULT NULL,
  `mo_12_actual_amount` double DEFAULT NULL,
  `quarter_one_actual_amount` double DEFAULT NULL,
  `quarter_two_actual_amount` double DEFAULT NULL,
  `quarter_three_actual_amount` double DEFAULT NULL,
  `quarter_four_actual_amount` double DEFAULT NULL,
  `total_actual_amount` double DEFAULT NULL,
  `mo_1_actual` double DEFAULT NULL,
  `mo_2_actual` double DEFAULT NULL,
  `mo_3_actual` double DEFAULT NULL,
  `mo_4_actual` double DEFAULT NULL,
  `mo_5_actual` double DEFAULT NULL,
  `mo_6_actual` double DEFAULT NULL,
  `mo_7_actual` double DEFAULT NULL,
  `mo_8_actual` double DEFAULT NULL,
  `mo_9_actual` double DEFAULT NULL,
  `mo_10_actual` double DEFAULT NULL,
  `mo_11_actual` double DEFAULT NULL,
  `mo_12_actual` double DEFAULT NULL,
  `quarter_one_actual` double DEFAULT NULL,
  `quarter_two_actual` double DEFAULT NULL,
  `quarter_three_actual` double DEFAULT NULL,
  `quarter_four_actual` double DEFAULT NULL,
  `number_of_females` int(11) DEFAULT NULL,
  `number_of_males` int(11) DEFAULT NULL,
  `number_of_young_people` int(11) DEFAULT NULL,
  `number_of_not_young_people` int(11) DEFAULT NULL,
  `number_of_women_headed_households` int(11) DEFAULT NULL,
  `number_of_non_women_headed_households` int(11) DEFAULT NULL,
  `number_of_household_members` int(11) DEFAULT NULL,
  `number_of_females_actual` double DEFAULT NULL,
  `number_of_males_actual` double DEFAULT NULL,
  `number_of_young_people_actual` double DEFAULT NULL,
  `number_of_not_young_people_actual` double DEFAULT NULL,
  `number_of_women_headed_households_actual` double DEFAULT NULL,
  `number_of_non_women_headed_households_actual` double DEFAULT NULL,
  `number_of_household_members_actual` double DEFAULT NULL,
  `cost_centre_id` int(11) unsigned DEFAULT NULL,
  `camp_id` int(11) unsigned DEFAULT NULL,
  `district_id` int(11) unsigned DEFAULT NULL,
  `province_id` int(11) unsigned DEFAULT NULL,
  `created_at` int(11) unsigned NOT NULL,
  `updated_at` int(11) unsigned NOT NULL,
  `created_by` int(11) DEFAULT NULL,
  `updated_by` int(11) DEFAULT NULL,
  PRIMARY KEY (`id`),
  KEY `activity_id` (`activity_id`),
  KEY `district_id` (`district_id`),
  KEY `province_id` (`province_id`),
  KEY `awpb_template_id` (`awpb_template_id`),
  KEY `indicator_id` (`indicator_id`),
  KEY `component_id` (`component_id`),
  KEY `output_id` (`output_id`),
  KEY `camp_id` (`camp_id`),
  KEY `cost_centre_id` (`cost_centre_id`),
  CONSTRAINT `awpb_budget_ibfk_1` FOREIGN KEY (`awpb_template_id`) REFERENCES `awpb_template` (`id`),
  CONSTRAINT `awpb_budget_ibfk_2` FOREIGN KEY (`component_id`) REFERENCES `awpb_component` (`id`),
  CONSTRAINT `awpb_budget_ibfk_3` FOREIGN KEY (`output_id`) REFERENCES `awpb_output` (`id`),
  CONSTRAINT `awpb_budget_ibfk_4` FOREIGN KEY (`activity_id`) REFERENCES `awpb_activity` (`id`),
  CONSTRAINT `awpb_budget_ibfk_5` FOREIGN KEY (`indicator_id`) REFERENCES `awpb_indicator` (`id`),
  CONSTRAINT `awpb_budget_ibfk_6` FOREIGN KEY (`district_id`) REFERENCES `district` (`id`),
  CONSTRAINT `awpb_budget_ibfk_7` FOREIGN KEY (`province_id`) REFERENCES `province` (`id`),
  CONSTRAINT `awpb_budget_ibfk_8` FOREIGN KEY (`camp_id`) REFERENCES `camp` (`id`),
  CONSTRAINT `awpb_budget_ibfk_9` FOREIGN KEY (`cost_centre_id`) REFERENCES `awpb_cost_centre` (`id`)
) ENGINE=InnoDB AUTO_INCREMENT=79 DEFAULT CHARSET=utf8mb4;
/*!40101 SET character_set_client = @saved_cs_client */;

--
-- Dumping data for table `awpb_budget`
--

LOCK TABLES `awpb_budget` WRITE;
/*!40000 ALTER TABLE `awpb_budget` DISABLE KEYS */;
INSERT INTO `awpb_budget` VALUES (72,44,NULL,117,33,NULL,'VC innovation  multi-stakeholder  engagement meetings',2,NULL,4,4,4,4,4,4,4,4,4,4,4,4,12,12,12,12,48,1577,157.7,189.24,78.85,78.85,31.54,820.04,851.58,1182.75,914.66,1387.76,1214.29,1923.94,189.24,2854.37,3516.71,8484.26,481.51,0,0,8484.26,0,0,0,0,0,0,0,0,1923.94,189.24,2854.37,3516.71,8484.26,NULL,NULL,NULL,NULL,NULL,NULL,NULL,NULL,NULL,NULL,NULL,NULL,NULL,NULL,NULL,NULL,4,4,4,4,4,4,8,NULL,NULL,NULL,NULL,NULL,NULL,NULL,NULL,5,2,1,1626210122,1626737325,18,18),(73,44,NULL,101,33,NULL,'Stakeholder Engagement for Phase 2 and 3 Cat. A farmers',2,NULL,0,0,0,55,0,0,0,0,0,0,0,0,0,55,0,0,55,787.5,945,0,31.5,0,0,0,0,0,0,0,0,1732.5,31.5,0,0,1764,787.5,945,0,31.5,0,0,0,0,0,0,0,0,1732.5,31.5,0,0,1764,NULL,NULL,NULL,NULL,NULL,NULL,NULL,NULL,NULL,NULL,NULL,NULL,NULL,NULL,NULL,NULL,NULL,NULL,NULL,NULL,NULL,NULL,0,NULL,NULL,NULL,NULL,NULL,NULL,NULL,NULL,5,2,1,1626257412,1626260101,18,18),(74,44,NULL,101,32,NULL,'Stakeholder Engagement for Phase 2 and 3 Cat. A farmers',3,NULL,5,5,5,5,55,5,5,5,5,5,5,5,15,65,15,15,110,10000,10000,10000,10000,10000,10000,10000,10000,10000,10000,10000,10000,30000,30000,30000,30000,120000,NULL,NULL,NULL,NULL,NULL,NULL,NULL,NULL,NULL,NULL,NULL,NULL,NULL,NULL,NULL,NULL,NULL,NULL,NULL,NULL,NULL,NULL,NULL,NULL,NULL,NULL,NULL,NULL,NULL,NULL,NULL,NULL,NULL,1,1,1,1,1,1,2,NULL,NULL,NULL,NULL,NULL,NULL,NULL,NULL,5,2,1,1627861187,1628109128,18,18),(75,42,NULL,95,32,NULL,'Provincial Validation of the ZNAD',0,NULL,5,5,5,5,5,0,5,5,5,5,0,5,15,10,15,10,50,2988.06,1139.91,996.56,996.56,979.91,1163.06,1619.91,1619.91,979.91,979.91,979.91,979.91,5124.53,3139.53,4219.73,2939.73,15423.52,NULL,NULL,NULL,NULL,NULL,NULL,NULL,NULL,NULL,NULL,NULL,NULL,NULL,NULL,NULL,NULL,NULL,NULL,NULL,NULL,NULL,NULL,NULL,NULL,NULL,NULL,NULL,NULL,NULL,NULL,NULL,NULL,NULL,NULL,NULL,NULL,NULL,NULL,NULL,0,NULL,NULL,NULL,NULL,NULL,NULL,NULL,1,NULL,NULL,NULL,0,0,17,17),(76,42,NULL,95,32,NULL,'Drafting of the ZNADS',0,NULL,4,4,4,4,4,4,4,4,4,4,4,4,12,12,12,12,48,2.75,2.75,2.75,2.75,2.75,0,0,0,0,0,0,0,8.25,5.5,0,0,13.75,NULL,NULL,NULL,NULL,NULL,NULL,NULL,NULL,NULL,NULL,NULL,NULL,NULL,NULL,NULL,NULL,NULL,NULL,NULL,NULL,NULL,NULL,NULL,NULL,NULL,NULL,NULL,NULL,NULL,NULL,NULL,NULL,NULL,NULL,NULL,NULL,NULL,NULL,NULL,0,NULL,NULL,NULL,NULL,NULL,NULL,NULL,2,NULL,NULL,NULL,0,0,17,17),(77,42,NULL,95,32,NULL,'ZNADS launch',0,NULL,4,4,4,4,4,4,4,4,4,4,0,4,12,12,12,8,44,NULL,NULL,NULL,NULL,NULL,NULL,NULL,NULL,NULL,NULL,NULL,NULL,NULL,NULL,NULL,NULL,NULL,NULL,NULL,NULL,NULL,NULL,NULL,NULL,NULL,NULL,NULL,NULL,NULL,NULL,NULL,NULL,NULL,NULL,NULL,NULL,NULL,NULL,NULL,NULL,NULL,NULL,NULL,NULL,NULL,NULL,NULL,NULL,NULL,NULL,NULL,NULL,NULL,NULL,NULL,NULL,0,NULL,NULL,NULL,NULL,NULL,NULL,NULL,1,NULL,NULL,NULL,0,0,17,17),(78,42,NULL,99,32,NULL,'Dissemination of the Strategy    ',0,NULL,44,5,5,5,55,5,0,0,0,0,0,0,54,65,0,0,119,NULL,NULL,NULL,NULL,NULL,NULL,NULL,NULL,NULL,NULL,NULL,NULL,NULL,NULL,NULL,NULL,NULL,NULL,NULL,NULL,NULL,NULL,NULL,NULL,NULL,NULL,NULL,NULL,NULL,NULL,NULL,NULL,NULL,NULL,NULL,NULL,NULL,NULL,NULL,NULL,NULL,NULL,NULL,NULL,NULL,NULL,NULL,NULL,NULL,NULL,NULL,NULL,NULL,NULL,NULL,NULL,0,NULL,NULL,NULL,NULL,NULL,NULL,NULL,3,NULL,NULL,NULL,0,0,17,17);
/*!40000 ALTER TABLE `awpb_budget` ENABLE KEYS */;
UNLOCK TABLES;

--
-- Table structure for table `awpb_comment`
--

DROP TABLE IF EXISTS `awpb_comment`;
/*!40101 SET @saved_cs_client     = @@character_set_client */;
/*!40101 SET character_set_client = utf8 */;
CREATE TABLE `awpb_comment` (
  `id` int(11) NOT NULL AUTO_INCREMENT,
  `awpb_template_id` int(11) NOT NULL,
  `district_id` int(11) DEFAULT NULL,
  `province_id` int(11) DEFAULT NULL,
  `description` text NOT NULL,
  `created_at` int(11) unsigned NOT NULL,
  `updated_at` int(11) unsigned NOT NULL,
  `created_by` int(11) DEFAULT NULL,
  `updated_by` int(11) DEFAULT NULL,
  PRIMARY KEY (`id`)
) ENGINE=InnoDB AUTO_INCREMENT=323 DEFAULT CHARSET=utf8mb4;
/*!40101 SET character_set_client = @saved_cs_client */;

--
-- Dumping data for table `awpb_comment`
--

LOCK TABLES `awpb_comment` WRITE;
/*!40000 ALTER TABLE `awpb_comment` DISABLE KEYS */;
INSERT INTO `awpb_comment` VALUES (177,33,42,NULL,'Include indicator 3',1625094518,1625094518,12,12),(178,33,42,NULL,'Include indicator B',1625094558,1625094558,12,12),(179,33,NULL,5,'b',1625101377,1625101377,12,12),(180,33,NULL,5,'n',1625101617,1625101617,12,12),(181,33,NULL,5,'11',1625101832,1625101832,12,12),(182,33,NULL,5,'11',1625102043,1625102043,12,12),(183,33,NULL,5,'25',1625102148,1625102148,12,12),(184,33,NULL,5,'55',1625104747,1625104747,12,12),(185,33,NULL,5,'566',1625104864,1625104864,12,12),(186,33,NULL,5,'566',1625104960,1625104960,12,12),(187,33,NULL,5,'555',1625105048,1625105048,12,12),(188,33,NULL,5,'566',1625105070,1625105070,12,12),(189,33,NULL,5,'566',1625105300,1625105300,12,12),(190,33,NULL,5,'666',1625105316,1625105316,12,12),(191,33,NULL,5,'bbb',1625147144,1625147144,12,12),(192,33,NULL,5,'555',1625147958,1625147958,12,12),(193,33,NULL,5,'mm',1625148394,1625148394,12,12),(194,33,NULL,5,'55',1625148547,1625148547,12,12),(195,33,NULL,5,'bbb',1625152080,1625152080,12,12),(196,33,42,NULL,'bbb',1625152787,1625152787,12,12),(197,33,NULL,5,'mm',1625169317,1625169317,12,12),(198,33,NULL,5,'mm',1625169472,1625169472,12,12),(199,33,NULL,5,'mm',1625169617,1625169617,12,12),(200,33,NULL,5,'mm',1625169671,1625169671,12,12),(201,33,NULL,5,'mm',1625169705,1625169705,12,12),(202,33,NULL,5,'mm',1625169729,1625169729,12,12),(203,33,NULL,5,'mmm',1625169740,1625169740,12,12),(204,33,NULL,5,'mmm',1625169927,1625169927,12,12),(205,33,NULL,5,'mmc',1625170074,1625170074,12,12),(206,33,NULL,5,'mmm',1625170177,1625170177,12,12),(207,33,NULL,5,'mmm',1625170257,1625170257,12,12),(208,33,NULL,5,'mmm',1625170447,1625170447,12,12),(209,33,NULL,5,'mmm',1625170472,1625170472,12,12),(210,33,NULL,5,'mmm',1625170493,1625170493,12,12),(211,33,NULL,5,'mmm',1625170546,1625170546,12,12),(212,33,NULL,5,'mmm',1625170858,1625170858,12,12),(213,33,NULL,5,'mmm',1625170928,1625170928,12,12),(214,33,42,5,'mmm',1625186707,1625186707,12,12),(215,33,42,5,'mmm',1625187493,1625187493,12,12),(216,33,42,5,'mmn',1625196745,1625196745,12,12),(217,33,2,1,'Include budget',1625516855,1625516855,12,12),(218,33,42,5,'Include budget',1625516900,1625516900,12,12),(219,33,2,1,'Add more inputs',1625518183,1625518183,12,12),(220,33,2,1,'Twst',1625585467,1625585467,12,12),(221,33,2,1,'Twst',1625585613,1625585613,12,12),(222,33,2,1,'Twst',1625585906,1625585906,12,12),(223,33,2,1,'Twst',1625586001,1625586001,12,12),(224,33,2,1,'Twst',1625586057,1625586057,12,12),(225,33,2,1,'Twst',1625586397,1625586397,12,12),(226,33,2,1,'Twst',1625586420,1625586420,12,12),(227,33,2,1,'Twst',1625586452,1625586452,12,12),(228,33,2,1,'nnnn',1625586555,1625586555,12,12),(229,33,2,1,'nnnn',1625586734,1625586734,12,12),(230,33,2,1,'nnnn',1625586976,1625586976,12,12),(231,33,2,1,'tetet',1625587836,1625587836,12,12),(232,33,2,1,'Tetst',1625588085,1625588085,12,12),(233,33,NULL,0,'Gsgsg',1625697978,1625697978,15,15),(234,33,NULL,0,'Gsgsg',1625698138,1625698138,15,15),(235,33,NULL,0,'Gsgsg',1625698249,1625698249,15,15),(236,32,NULL,1,'nnnnnnnnnnnnnnnn',1627872812,1627872812,12,12),(237,32,NULL,1,',mmmmmmmmmmmmm',1627872955,1627872955,12,12),(238,32,2,1,'mmmm',1627875163,1627875163,12,12),(239,32,2,1,'mmmm',1628098113,1628098113,12,12),(240,32,2,1,'mmmm',1628098318,1628098318,12,12),(241,32,2,1,'mmm',1628098339,1628098339,12,12),(242,32,2,1,'mmm',1628098349,1628098349,12,12),(243,32,NULL,0,'mcmcm',1628100846,1628100846,15,15),(244,32,NULL,0,'mvmvmv',1628100865,1628100865,15,15),(245,32,NULL,0,'mmmm',1628101776,1628101776,15,15),(246,32,NULL,0,'mm',1628102116,1628102116,15,15),(247,32,NULL,0,'mm',1628102144,1628102144,15,15),(248,32,NULL,0,'mm',1628102154,1628102154,15,15),(249,32,NULL,0,'mm',1628102265,1628102265,15,15),(250,32,49,49,'Test Test',1628106726,1628106726,15,15),(251,32,49,49,'Test Test',1628106767,1628106767,15,15),(252,32,49,1,'Test test',1628106891,1628106891,15,15),(253,32,49,1,'Test test',1628107019,1628107019,15,15),(254,32,49,1,'Test test',1628107074,1628107074,15,15),(255,32,49,1,'Test test',1628107173,1628107173,15,15),(256,32,49,1,'Test test',1628107253,1628107253,15,15),(257,32,49,1,'Test test',1628107356,1628107356,15,15),(258,32,49,1,'Test test',1628108066,1628108066,15,15),(259,32,49,1,'Test test',1628108123,1628108123,15,15),(260,32,49,1,'Test test',1628108175,1628108175,15,15),(261,32,49,1,'Test test',1628108234,1628108234,15,15),(262,32,49,1,'Test test',1628108279,1628108279,15,15),(263,32,49,1,'Ministry',1628109340,1628109340,16,16),(264,32,49,1,'Ministry',1628154042,1628154042,16,16),(265,32,49,1,'Ministry',1628154109,1628154109,16,16),(266,32,49,1,'Ministry',1628154205,1628154205,16,16),(267,32,49,1,'Ministry',1628154287,1628154287,16,16),(268,32,49,1,'Ministry',1628154402,1628154402,16,16),(269,32,49,1,'PCO',1628154517,1628154517,15,15),(270,32,49,1,'PCO',1628154566,1628154566,15,15),(271,32,49,2,'mmm',1628155777,1628155777,12,12),(272,32,49,2,'nnn',1628158282,1628158282,12,12),(273,32,49,2,'nnn',1628160018,1628160018,12,12),(274,32,49,2,'nnn',1628160050,1628160050,12,12),(275,32,49,2,'nnn',1628160112,1628160112,12,12),(276,32,49,2,'mm',1628160267,1628160267,12,12),(277,32,49,2,'mm',1628160389,1628160389,12,12),(278,32,49,2,'MM',1628160593,1628160593,12,12),(279,32,49,2,'Mnanan',1628161241,1628161241,12,12),(280,32,49,2,'mmmm',1628161432,1628161432,12,12),(281,32,49,2,'mmm',1628161517,1628161517,12,12),(282,32,49,2,'bb',1628161662,1628161662,12,12),(283,32,49,2,'bb',1628161824,1628161824,12,12),(284,32,49,2,'mcmcm',1628161870,1628161870,12,12),(285,32,49,2,'mcmcm',1628161969,1628161969,12,12),(286,32,49,2,'nnanan',1628163174,1628163174,12,12),(287,32,49,2,',,,,,,,,,,,vvvvvvvvvvvvvv',1628163290,1628163290,12,12),(288,32,49,2,'mm',1628163452,1628163452,12,12),(289,32,49,2,'mm',1628163514,1628163514,12,12),(290,32,49,2,'mmc',1628164200,1628164200,12,12),(291,32,49,2,'mmm',1628164440,1628164440,12,12),(292,32,49,2,'mmm',1628164595,1628164595,12,12),(293,32,49,2,'mmm',1628164672,1628164672,12,12),(294,32,49,2,'mmm',1628164750,1628164750,12,12),(295,32,49,2,'mmm',1628164923,1628164923,12,12),(296,32,49,2,'mmm',1628164930,1628164930,12,12),(297,32,49,2,'mmm',1628164956,1628164956,12,12),(298,32,49,2,'nmmmm',1628164968,1628164968,12,12),(299,32,49,2,'mmm',1628166119,1628166119,12,12),(300,32,49,2,'mmm',1628166308,1628166308,12,12),(301,32,49,2,'nsnsn',1628166385,1628166385,12,12),(302,32,49,2,'nsnsn',1628166540,1628166540,12,12),(303,32,49,2,'bbb',1628166702,1628166702,12,12),(304,32,49,2,'mm',1628166773,1628166773,12,12),(305,32,49,2,'mccm',1628167313,1628167313,12,12),(306,32,49,2,'mdmd',1628167369,1628167369,12,12),(307,32,49,2,'mmc',1628167408,1628167408,12,12),(308,32,49,2,'mmcmc',1628167462,1628167462,12,12),(309,32,49,2,'mcmcm',1628167540,1628167540,12,12),(310,32,49,2,'mmccm',1628167578,1628167578,12,12),(311,32,49,2,'mmcm',1628167623,1628167623,12,12),(312,32,49,2,'mmm',1628167741,1628167741,12,12),(313,32,49,2,'mm,mm',1628167916,1628167916,12,12),(314,32,49,2,'mmc',1628168077,1628168077,12,12),(315,32,49,2,'mmd',1628168242,1628168242,12,12),(316,32,49,2,'mmd',1628168576,1628168576,12,12),(317,32,49,2,'mmd',1628168877,1628168877,12,12),(318,32,49,1,'nmmmmm',1628172932,1628172932,15,15),(319,32,49,1,'nmmmmm',1628172982,1628172982,15,15),(320,32,49,1,'nmmmmm',1628173180,1628173180,15,15),(321,32,49,1,'mmcmcmc',1628174620,1628174620,15,15),(322,32,49,1,'mcmcm',1628174875,1628174875,16,16);
/*!40000 ALTER TABLE `awpb_comment` ENABLE KEYS */;
UNLOCK TABLES;

--
-- Table structure for table `awpb_commodity_type`
--

DROP TABLE IF EXISTS `awpb_commodity_type`;
/*!40101 SET @saved_cs_client     = @@character_set_client */;
/*!40101 SET character_set_client = utf8 */;
CREATE TABLE `awpb_commodity_type` (
  `id` int(10) unsigned NOT NULL AUTO_INCREMENT,
  `category_id` int(11) unsigned DEFAULT NULL,
  `name` varchar(255) NOT NULL,
  `created_at` int(11) unsigned NOT NULL,
  `updated_at` int(11) unsigned NOT NULL,
  `created_by` int(11) DEFAULT NULL,
  `updated_by` int(11) DEFAULT NULL,
  PRIMARY KEY (`id`),
  KEY `fk_commodity_type_1_idx` (`category_id`)
) ENGINE=InnoDB AUTO_INCREMENT=13 DEFAULT CHARSET=latin1;
/*!40101 SET character_set_client = @saved_cs_client */;

--
-- Dumping data for table `awpb_commodity_type`
--

LOCK TABLES `awpb_commodity_type` WRITE;
/*!40000 ALTER TABLE `awpb_commodity_type` DISABLE KEYS */;
INSERT INTO `awpb_commodity_type` VALUES (1,3,'Maize',1607446739,1607447798,1,1),(2,3,'Soya beans',1607447814,1607447814,1,1),(3,3,'Groundnuts',1607447827,1607447827,1,1),(4,3,'Rice',1607447871,1607447871,1,1),(5,4,'Mealie meal',1607447890,1607447952,1,1),(6,4,'Roller meal',1607447902,1607447956,1,1),(7,2,'Maize Seed',1607447971,1607447971,1,1),(8,2,'Groundnut seed',1607447992,1607447992,1,1),(9,2,'Rice seed',1607448004,1607448004,1,1),(10,2,'D-Compound',1607448021,1607448021,1,1),(11,2,'Urea',1607448041,1607448041,1,1),(12,NULL,'Multiple',1607182013,1607362711,14,14);
/*!40000 ALTER TABLE `awpb_commodity_type` ENABLE KEYS */;
UNLOCK TABLES;

--
-- Table structure for table `awpb_component`
--

DROP TABLE IF EXISTS `awpb_component`;
/*!40101 SET @saved_cs_client     = @@character_set_client */;
/*!40101 SET character_set_client = utf8 */;
CREATE TABLE `awpb_component` (
  `id` int(11) NOT NULL AUTO_INCREMENT,
  `code` varchar(10) NOT NULL,
  `parent_component_id` int(11) DEFAULT NULL,
  `name` varchar(255) NOT NULL,
  `description` varchar(255) NOT NULL,
  `outcome` text DEFAULT NULL,
  `output` text DEFAULT NULL,
  `type` int(11) NOT NULL DEFAULT 0 COMMENT '0 Main component, 1 Subcomponent,',
  `access_level` int(11) DEFAULT 0 COMMENT '0 All.1 District, 2 Programme,',
  `subcomponent` varchar(255) DEFAULT NULL,
  `funder_id` int(11) DEFAULT NULL,
  `expense_category_id` int(11) DEFAULT NULL,
  `gl_account_code` varchar(4) DEFAULT NULL,
  `access_level_district` int(11) DEFAULT NULL,
  `access_level_province` int(11) DEFAULT NULL,
  `access_level_programme` int(11) DEFAULT NULL,
  `created_at` int(11) unsigned NOT NULL,
  `updated_at` int(11) unsigned NOT NULL,
  `created_by` int(11) NOT NULL,
  `updated_by` int(11) NOT NULL,
  PRIMARY KEY (`id`),
  UNIQUE KEY `component_code` (`code`),
  UNIQUE KEY `component_description` (`name`),
  UNIQUE KEY `description` (`description`),
  KEY `parent_component_id` (`parent_component_id`),
  KEY `expense_category_id` (`expense_category_id`),
  KEY `funder_id` (`funder_id`),
  CONSTRAINT `awpb_component_ibfk_1` FOREIGN KEY (`expense_category_id`) REFERENCES `awpb_expense_category` (`id`),
  CONSTRAINT `awpb_component_ibfk_2` FOREIGN KEY (`funder_id`) REFERENCES `awpb_funder` (`id`)
) ENGINE=InnoDB AUTO_INCREMENT=51 DEFAULT CHARSET=utf8mb4;
/*!40101 SET character_set_client = @saved_cs_client */;

--
-- Dumping data for table `awpb_component`
--

LOCK TABLES `awpb_component` WRITE;
/*!40000 ALTER TABLE `awpb_component` DISABLE KEYS */;
INSERT INTO `awpb_component` VALUES (41,'1',NULL,'Enabling Environment for Agribusiness Development Growth','Enabling Environment for Agribusiness Development Growth','','',0,2,'Component',NULL,NULL,NULL,0,NULL,1,0,0,14,14),(42,'1.1',41,'Agribusiness Policy Development','Agribusiness Policy Development','dd','dd',1,2,'Subcomponent',NULL,NULL,'0700',0,0,1,0,0,14,14),(43,'2',NULL,'Sustainable Agribusiness Partnerships	','COMPONENT 2: Sustainable Agribusiness Partnerships	\r\n',NULL,NULL,0,0,'Component',NULL,NULL,NULL,1,0,0,0,0,14,14),(44,'2.1',43,'Strategic Linkages of Graduating Subsistence Farmers to Markets','Sub-Component 2.1 Strategic Linkages of Graduating Subsistence Farmers to Markets',NULL,NULL,1,0,'Subcomponent',NULL,NULL,'0900',1,0,0,0,0,14,14),(45,'1.2',41,'Institutional Strengthening For Agribusiness','Institutional Strengthening For Agribusiness',NULL,NULL,1,2,'Subcomponent',NULL,NULL,'0800',0,0,1,0,0,14,14),(46,'3',NULL,'Programme Implementation.','Programme Implementation',NULL,NULL,0,0,'Component',NULL,NULL,NULL,0,0,1,0,0,14,14),(47,'2.2',43,' Enhancing Agro-Micro, Small and Medium Enterprises (MSME)',' Enhancing Agro-Micro, Small and Medium Enterprises (MSME)',NULL,NULL,1,0,'Subcomponent',NULL,NULL,'1000',1,0,0,0,0,14,14),(48,'2.3',43,'Facilitating Pro-Smallholder Market-Pull Agribusiness Partnerships','Facilitating Pro-Smallholder Market-Pull Agribusiness Partnerships',NULL,NULL,1,0,'Subcomponent',NULL,NULL,'2300',1,0,0,0,0,14,14),(50,'3.1',46,'Programme Implementation','Programme Implementation.',NULL,NULL,1,1,'SubComponent',NULL,NULL,'3000',0,0,1,0,0,14,14);
/*!40000 ALTER TABLE `awpb_component` ENABLE KEYS */;
UNLOCK TABLES;

--
-- Table structure for table `awpb_consolidated`
--

DROP TABLE IF EXISTS `awpb_consolidated`;
/*!40101 SET @saved_cs_client     = @@character_set_client */;
/*!40101 SET character_set_client = utf8 */;
CREATE TABLE `awpb_consolidated` (
  `id` int(11) NOT NULL,
  `created_at` int(11) unsigned NOT NULL,
  `updated_at` int(11) unsigned NOT NULL,
  `created_by` int(11) DEFAULT NULL,
  `updated_by` int(11) DEFAULT NULL
) ENGINE=InnoDB DEFAULT CHARSET=utf8mb4;
/*!40101 SET character_set_client = @saved_cs_client */;

--
-- Dumping data for table `awpb_consolidated`
--

LOCK TABLES `awpb_consolidated` WRITE;
/*!40000 ALTER TABLE `awpb_consolidated` DISABLE KEYS */;
/*!40000 ALTER TABLE `awpb_consolidated` ENABLE KEYS */;
UNLOCK TABLES;

--
-- Table structure for table `awpb_cost_centre`
--

DROP TABLE IF EXISTS `awpb_cost_centre`;
/*!40101 SET @saved_cs_client     = @@character_set_client */;
/*!40101 SET character_set_client = utf8 */;
CREATE TABLE `awpb_cost_centre` (
  `id` int(10) unsigned NOT NULL AUTO_INCREMENT,
  `name` varchar(255) NOT NULL,
  `created_at` int(11) unsigned NOT NULL,
  `updated_at` int(11) unsigned NOT NULL,
  `created_by` int(11) DEFAULT NULL,
  `updated_by` int(11) DEFAULT NULL,
  PRIMARY KEY (`id`)
) ENGINE=InnoDB AUTO_INCREMENT=4 DEFAULT CHARSET=utf8;
/*!40101 SET character_set_client = @saved_cs_client */;

--
-- Dumping data for table `awpb_cost_centre`
--

LOCK TABLES `awpb_cost_centre` WRITE;
/*!40000 ALTER TABLE `awpb_cost_centre` DISABLE KEYS */;
INSERT INTO `awpb_cost_centre` VALUES (1,'Agribusiness',1625512639,1625512727,14,14),(2,'Finance',1607182013,1607362711,14,14),(3,'Human Resource',1611002803,1611002803,14,14);
/*!40000 ALTER TABLE `awpb_cost_centre` ENABLE KEYS */;
UNLOCK TABLES;

--
-- Table structure for table `awpb_district`
--

DROP TABLE IF EXISTS `awpb_district`;
/*!40101 SET @saved_cs_client     = @@character_set_client */;
/*!40101 SET character_set_client = utf8 */;
CREATE TABLE `awpb_district` (
  `id` int(11) unsigned NOT NULL AUTO_INCREMENT,
  `awpb_template_id` int(11) NOT NULL,
  `district_id` int(10) unsigned DEFAULT NULL,
  `cost_centre_id` int(10) unsigned DEFAULT NULL,
  `province_id` int(11) unsigned DEFAULT NULL,
  `name` varchar(255) NOT NULL,
  `status` int(11) NOT NULL,
  `funds_request` int(11) DEFAULT 0,
  `status_q_1` int(11) DEFAULT 0,
  `status_q_2` int(11) DEFAULT 0,
  `status_q_3` int(11) DEFAULT 0,
  `status_q_4` int(11) DEFAULT 0,
  `quarter_one_amount` double DEFAULT NULL,
  `quarter_two_amount` double DEFAULT NULL,
  `quarter_three_amount` double DEFAULT NULL,
  `quarter_four_amount` double DEFAULT NULL,
  `quarter_one_actual` double DEFAULT NULL,
  `quarter_two_actual` double DEFAULT NULL,
  `quarter_three_actual` double DEFAULT NULL,
  `quarter_four_actual` double DEFAULT NULL,
  `created_at` int(11) unsigned NOT NULL,
  `updated_at` int(11) unsigned NOT NULL,
  `created_by` int(11) DEFAULT NULL,
  `updated_by` int(11) DEFAULT NULL,
  PRIMARY KEY (`id`),
  KEY `awpb_template_id` (`awpb_template_id`),
  KEY `cost_centre_id` (`cost_centre_id`),
  KEY `province_id` (`province_id`),
  KEY `district_id` (`district_id`),
  CONSTRAINT `awpb_district_ibfk_1` FOREIGN KEY (`awpb_template_id`) REFERENCES `awpb_template` (`id`),
  CONSTRAINT `awpb_district_ibfk_2` FOREIGN KEY (`cost_centre_id`) REFERENCES `awpb_cost_centre` (`id`),
  CONSTRAINT `awpb_district_ibfk_3` FOREIGN KEY (`province_id`) REFERENCES `province` (`id`),
  CONSTRAINT `awpb_district_ibfk_4` FOREIGN KEY (`district_id`) REFERENCES `district` (`id`)
) ENGINE=InnoDB AUTO_INCREMENT=236 DEFAULT CHARSET=utf8;
/*!40101 SET character_set_client = @saved_cs_client */;

--
-- Dumping data for table `awpb_district`
--

LOCK TABLES `awpb_district` WRITE;
/*!40000 ALTER TABLE `awpb_district` DISABLE KEYS */;
INSERT INTO `awpb_district` VALUES (107,33,26,NULL,3,'Chadiza',0,0,1,0,0,0,NULL,NULL,NULL,NULL,NULL,NULL,NULL,NULL,0,0,14,14),(108,33,2,NULL,1,'Chibombo',1,0,1,0,0,1,1000,NULL,2071.96,1589.07,NULL,NULL,NULL,NULL,0,0,14,16),(109,33,40,NULL,4,'Chipili',0,0,1,0,0,0,NULL,NULL,NULL,NULL,NULL,NULL,NULL,NULL,0,0,14,14),(110,33,89,NULL,10,'Kaoma',0,0,0,0,0,0,NULL,NULL,NULL,NULL,NULL,NULL,NULL,NULL,0,0,14,14),(111,33,100,NULL,10,'Shangombo',0,0,0,0,0,0,NULL,NULL,NULL,NULL,NULL,NULL,NULL,NULL,0,0,14,14),(112,33,49,NULL,5,'Lusaka',0,0,0,0,0,0,NULL,NULL,NULL,NULL,NULL,NULL,NULL,NULL,0,0,14,14),(113,33,NULL,1,NULL,'Agribusiness',0,0,0,0,0,0,NULL,NULL,NULL,NULL,NULL,NULL,NULL,NULL,0,0,14,14),(114,32,50,NULL,6,'Chama',0,0,0,0,0,0,NULL,NULL,NULL,NULL,NULL,NULL,NULL,NULL,0,0,14,14),(115,32,108,NULL,3,'Chasefu',0,0,0,0,0,0,NULL,NULL,NULL,NULL,NULL,NULL,NULL,NULL,0,0,14,14),(116,32,66,NULL,8,'Chavuma',0,0,0,0,0,0,NULL,NULL,NULL,NULL,NULL,NULL,NULL,NULL,0,0,14,14),(117,32,38,NULL,4,'Chembe',0,0,0,0,0,0,NULL,NULL,NULL,NULL,NULL,NULL,NULL,NULL,0,0,14,14),(118,32,31,NULL,4,'Chiengi',0,0,0,0,0,0,NULL,NULL,NULL,NULL,NULL,NULL,NULL,NULL,0,0,14,14),(119,32,109,NULL,4,'Chifunabuli',0,0,0,0,0,0,NULL,NULL,NULL,NULL,NULL,NULL,NULL,NULL,0,0,14,14),(120,32,75,NULL,9,'Chikankata',0,0,0,0,0,0,NULL,NULL,NULL,NULL,NULL,NULL,NULL,NULL,0,0,14,14),(121,32,42,NULL,5,'Chilanga',0,0,0,0,0,0,NULL,NULL,NULL,NULL,NULL,NULL,NULL,NULL,0,0,14,14),(122,32,15,NULL,2,'Chililabombwe',0,0,0,0,0,0,NULL,NULL,NULL,NULL,NULL,NULL,NULL,NULL,0,0,14,14),(123,32,110,NULL,6,'Chilinda',0,0,0,0,0,0,NULL,NULL,NULL,NULL,NULL,NULL,NULL,NULL,0,0,14,14),(124,32,57,NULL,7,'Chilubi',0,0,0,0,0,0,NULL,NULL,NULL,NULL,NULL,NULL,NULL,NULL,0,0,14,14),(125,32,20,NULL,2,'Chingola',0,0,0,0,0,0,NULL,NULL,NULL,NULL,NULL,NULL,NULL,NULL,0,0,14,14),(126,32,51,NULL,6,'Chinsali',0,0,0,0,0,0,NULL,NULL,NULL,NULL,NULL,NULL,NULL,NULL,0,0,14,14),(127,32,107,NULL,3,'Chipangali',0,0,0,0,0,0,NULL,NULL,NULL,NULL,NULL,NULL,NULL,NULL,0,0,14,14),(128,32,23,NULL,3,'Chipata',0,0,0,0,0,0,NULL,NULL,NULL,NULL,NULL,NULL,NULL,NULL,0,0,14,14),(129,32,43,NULL,5,'Chirundu',0,0,0,0,0,0,NULL,NULL,NULL,NULL,NULL,NULL,NULL,NULL,0,0,14,14),(130,32,1,NULL,1,'Chisamba',4,0,0,0,0,0,NULL,NULL,NULL,NULL,NULL,NULL,NULL,NULL,0,0,14,14),(131,32,3,NULL,1,'Chitambo',4,0,0,0,0,0,NULL,NULL,NULL,NULL,NULL,NULL,NULL,NULL,0,0,14,14),(132,32,86,NULL,9,'Choma',0,0,0,0,0,0,NULL,NULL,NULL,NULL,NULL,NULL,NULL,NULL,0,0,14,14),(133,32,44,NULL,5,'Chongwe',0,0,0,0,0,0,NULL,NULL,NULL,NULL,NULL,NULL,NULL,NULL,0,0,14,14),(134,32,76,NULL,9,'Gwembe',0,0,0,0,0,0,NULL,NULL,NULL,NULL,NULL,NULL,NULL,NULL,0,0,14,14),(135,32,67,NULL,8,'Ikelenge',0,0,0,0,0,0,NULL,NULL,NULL,NULL,NULL,NULL,NULL,NULL,0,0,14,14),(136,32,52,NULL,6,'Isoka',0,0,0,0,0,0,NULL,NULL,NULL,NULL,NULL,NULL,NULL,NULL,0,0,14,14),(137,32,4,NULL,1,'Itezhi-Tezhi',4,0,0,0,0,0,NULL,NULL,NULL,NULL,NULL,NULL,NULL,NULL,0,0,14,14),(138,32,68,NULL,8,'Kabompo',0,0,0,0,0,0,NULL,NULL,NULL,NULL,NULL,NULL,NULL,NULL,0,0,14,14),(139,32,7,NULL,1,'Kabwe',4,0,0,0,0,0,NULL,NULL,NULL,NULL,NULL,NULL,NULL,NULL,0,0,14,14),(140,32,45,NULL,5,'Kafue',0,0,0,0,0,0,NULL,NULL,NULL,NULL,NULL,NULL,NULL,NULL,0,0,14,14),(141,32,88,NULL,10,'Kalabo',0,0,0,0,0,0,NULL,NULL,NULL,NULL,NULL,NULL,NULL,NULL,0,0,14,14),(142,32,77,NULL,9,'Kalomo',0,0,0,0,0,0,NULL,NULL,NULL,NULL,NULL,NULL,NULL,NULL,0,0,14,14),(143,32,16,NULL,2,'Kalulushi',0,0,0,0,0,0,NULL,NULL,NULL,NULL,NULL,NULL,NULL,NULL,0,0,14,14),(144,32,117,NULL,8,'Kalumbila',0,0,0,0,0,0,NULL,NULL,NULL,NULL,NULL,NULL,NULL,NULL,0,0,14,14),(145,32,112,NULL,6,'Kanchibiya',0,0,0,0,0,0,NULL,NULL,NULL,NULL,NULL,NULL,NULL,NULL,0,0,14,14),(146,32,8,NULL,1,'Kapiri Mposhi',4,0,0,0,0,0,NULL,NULL,NULL,NULL,NULL,NULL,NULL,NULL,0,0,14,14),(147,32,58,NULL,7,'Kaputa',0,0,0,0,0,0,NULL,NULL,NULL,NULL,NULL,NULL,NULL,NULL,0,0,14,14),(148,32,59,NULL,7,'Kasama',0,0,0,0,0,0,NULL,NULL,NULL,NULL,NULL,NULL,NULL,NULL,0,0,14,14),(149,32,69,NULL,8,'Kasempa',0,0,0,0,0,0,NULL,NULL,NULL,NULL,NULL,NULL,NULL,NULL,0,0,14,14),(150,32,104,NULL,3,'Kasenengwa',0,0,0,0,0,0,NULL,NULL,NULL,NULL,NULL,NULL,NULL,NULL,0,0,14,14),(151,32,22,NULL,3,'Katete',0,0,0,0,0,0,NULL,NULL,NULL,NULL,NULL,NULL,NULL,NULL,0,0,14,14),(152,32,33,NULL,4,'Kawambwa',0,0,0,0,0,0,NULL,NULL,NULL,NULL,NULL,NULL,NULL,NULL,0,0,14,14),(153,32,78,NULL,9,'Kazungula',0,0,0,0,0,0,NULL,NULL,NULL,NULL,NULL,NULL,NULL,NULL,0,0,14,14),(154,32,14,NULL,2,'Kitwe',0,0,0,0,0,0,NULL,NULL,NULL,NULL,NULL,NULL,NULL,NULL,0,0,14,14),(155,32,113,NULL,6,'Lavushimanda',0,0,0,0,0,0,NULL,NULL,NULL,NULL,NULL,NULL,NULL,NULL,0,0,14,14),(156,32,90,NULL,10,'Limulunga',0,0,0,0,0,0,NULL,NULL,NULL,NULL,NULL,NULL,NULL,NULL,0,0,14,14),(157,32,85,NULL,9,'Livingstone',0,0,0,0,0,0,NULL,NULL,NULL,NULL,NULL,NULL,NULL,NULL,0,0,14,14),(158,32,91,NULL,10,'Luampa',0,0,0,0,0,0,NULL,NULL,NULL,NULL,NULL,NULL,NULL,NULL,0,0,14,14),(159,32,46,NULL,5,'Luangwa',0,0,0,0,0,0,NULL,NULL,NULL,NULL,NULL,NULL,NULL,NULL,0,0,14,14),(160,32,9,NULL,1,'Luano',4,0,0,0,0,0,NULL,NULL,NULL,NULL,NULL,NULL,NULL,NULL,0,0,14,14),(161,32,18,NULL,2,'Luanshya',0,0,0,0,0,0,NULL,NULL,NULL,NULL,NULL,NULL,NULL,NULL,0,0,14,14),(162,32,12,NULL,2,'Lufwanyama',0,0,0,0,0,0,NULL,NULL,NULL,NULL,NULL,NULL,NULL,NULL,0,0,14,14),(163,32,92,NULL,10,'Lukulu',0,0,0,0,0,0,NULL,NULL,NULL,NULL,NULL,NULL,NULL,NULL,0,0,14,14),(164,32,105,NULL,3,'Lumezi',0,0,0,0,0,0,NULL,NULL,NULL,NULL,NULL,NULL,NULL,NULL,0,0,14,14),(165,32,25,NULL,3,'Lundazi',0,0,0,0,0,0,NULL,NULL,NULL,NULL,NULL,NULL,NULL,NULL,0,0,14,14),(166,32,39,NULL,4,'Lunga',0,0,0,0,0,0,NULL,NULL,NULL,NULL,NULL,NULL,NULL,NULL,0,0,14,14),(167,32,114,NULL,7,'Lunte',0,0,0,0,0,0,NULL,NULL,NULL,NULL,NULL,NULL,NULL,NULL,0,0,14,14),(168,32,115,NULL,7,'Lupososhi',0,0,0,0,0,0,NULL,NULL,NULL,NULL,NULL,NULL,NULL,NULL,0,0,14,14),(169,32,60,NULL,7,'Luwingu',0,0,0,0,0,0,NULL,NULL,NULL,NULL,NULL,NULL,NULL,NULL,0,0,14,14),(170,32,53,NULL,6,'Mafinga',0,0,0,0,0,0,NULL,NULL,NULL,NULL,NULL,NULL,NULL,NULL,0,0,14,14),(171,32,27,NULL,3,'Mambwe',0,0,0,0,0,0,NULL,NULL,NULL,NULL,NULL,NULL,NULL,NULL,0,0,14,14),(172,32,35,NULL,4,'Mansa',0,0,0,0,0,0,NULL,NULL,NULL,NULL,NULL,NULL,NULL,NULL,0,0,14,14),(173,32,70,NULL,8,'Manyinga',0,0,0,0,0,0,NULL,NULL,NULL,NULL,NULL,NULL,NULL,NULL,0,0,14,14),(174,32,21,NULL,2,'Masaiti',0,0,0,0,0,0,NULL,NULL,NULL,NULL,NULL,NULL,NULL,NULL,0,0,14,14),(175,32,87,NULL,9,'Mazabuka',0,0,0,0,0,0,NULL,NULL,NULL,NULL,NULL,NULL,NULL,NULL,0,0,14,14),(176,32,61,NULL,7,'Mbala',0,0,0,0,0,0,NULL,NULL,NULL,NULL,NULL,NULL,NULL,NULL,0,0,14,14),(177,32,37,NULL,4,'Milenge',0,0,0,0,0,0,NULL,NULL,NULL,NULL,NULL,NULL,NULL,NULL,0,0,14,14),(178,32,93,NULL,10,'Mitete',0,0,0,0,0,0,NULL,NULL,NULL,NULL,NULL,NULL,NULL,NULL,0,0,14,14),(179,32,5,NULL,1,'Mkushi',4,0,0,0,0,0,NULL,NULL,NULL,NULL,NULL,NULL,NULL,NULL,0,0,14,14),(180,32,103,NULL,10,'Mongu',0,0,0,0,0,0,NULL,NULL,NULL,NULL,NULL,NULL,NULL,NULL,0,0,14,14),(181,32,79,NULL,9,'Monze',0,0,0,0,0,0,NULL,NULL,NULL,NULL,NULL,NULL,NULL,NULL,0,0,14,14),(182,32,54,NULL,6,'Mpika',0,0,0,0,0,0,NULL,NULL,NULL,NULL,NULL,NULL,NULL,NULL,0,0,14,14),(183,32,19,NULL,2,'Mpongwe',0,0,0,0,0,0,NULL,NULL,NULL,NULL,NULL,NULL,NULL,NULL,0,0,14,14),(184,32,62,NULL,7,'Mporokoso',0,0,0,0,0,0,NULL,NULL,NULL,NULL,NULL,NULL,NULL,NULL,0,0,14,14),(185,32,63,NULL,7,'Mpulungu',0,0,0,0,0,0,NULL,NULL,NULL,NULL,NULL,NULL,NULL,NULL,0,0,14,14),(186,32,106,NULL,3,'Msanzala',0,0,0,0,0,0,NULL,NULL,NULL,NULL,NULL,NULL,NULL,NULL,0,0,14,14),(187,32,13,NULL,2,'Mufulira',0,0,0,0,0,0,NULL,NULL,NULL,NULL,NULL,NULL,NULL,NULL,0,0,14,14),(188,32,71,NULL,8,'Mufumbwe',0,0,0,0,0,0,NULL,NULL,NULL,NULL,NULL,NULL,NULL,NULL,0,0,14,14),(189,32,94,NULL,10,'Mulobezi',0,0,0,0,0,0,NULL,NULL,NULL,NULL,NULL,NULL,NULL,NULL,0,0,14,14),(190,32,6,NULL,1,'Mumbwa',4,0,0,0,0,0,NULL,NULL,NULL,NULL,NULL,NULL,NULL,NULL,0,0,14,14),(191,32,64,NULL,7,'Mungwi',0,0,0,0,0,0,NULL,NULL,NULL,NULL,NULL,NULL,NULL,NULL,0,0,14,14),(192,32,118,NULL,8,'Mushindamo',0,0,0,0,0,0,NULL,NULL,NULL,NULL,NULL,NULL,NULL,NULL,0,0,14,14),(193,32,95,NULL,10,'Mwandi',0,0,0,0,0,0,NULL,NULL,NULL,NULL,NULL,NULL,NULL,NULL,0,0,14,14),(194,32,41,NULL,4,'Mwansabombwe',0,0,0,0,0,0,NULL,NULL,NULL,NULL,NULL,NULL,NULL,NULL,0,0,14,14),(195,32,34,NULL,4,'Mwense',0,0,0,0,0,0,NULL,NULL,NULL,NULL,NULL,NULL,NULL,NULL,0,0,14,14),(196,32,72,NULL,8,'Mwinilunga',0,0,0,0,0,0,NULL,NULL,NULL,NULL,NULL,NULL,NULL,NULL,0,0,14,14),(197,32,55,NULL,6,'Nakonde',0,0,0,0,0,0,NULL,NULL,NULL,NULL,NULL,NULL,NULL,NULL,0,0,14,14),(198,32,96,NULL,10,'Nalolo',0,0,0,0,0,0,NULL,NULL,NULL,NULL,NULL,NULL,NULL,NULL,0,0,14,14),(199,32,80,NULL,9,'Namwala',0,0,0,0,0,0,NULL,NULL,NULL,NULL,NULL,NULL,NULL,NULL,0,0,14,14),(200,32,32,NULL,4,'Nchelenge',0,0,0,0,0,0,NULL,NULL,NULL,NULL,NULL,NULL,NULL,NULL,0,0,14,14),(201,32,17,NULL,2,'Ndola',0,0,0,0,0,0,NULL,NULL,NULL,NULL,NULL,NULL,NULL,NULL,0,0,14,14),(202,32,11,NULL,1,'Ngabwe',4,0,0,0,0,0,NULL,NULL,NULL,NULL,NULL,NULL,NULL,NULL,0,0,14,14),(203,32,97,NULL,10,'Nkeyema',0,0,0,0,0,0,NULL,NULL,NULL,NULL,NULL,NULL,NULL,NULL,0,0,14,14),(204,32,65,NULL,7,'Nsama',0,0,0,0,0,0,NULL,NULL,NULL,NULL,NULL,NULL,NULL,NULL,0,0,14,14),(205,32,28,NULL,3,'Nyimba',0,0,0,0,0,0,NULL,NULL,NULL,NULL,NULL,NULL,NULL,NULL,0,0,14,14),(206,32,81,NULL,9,'Pemba',0,0,0,0,0,0,NULL,NULL,NULL,NULL,NULL,NULL,NULL,NULL,0,0,14,14),(207,32,24,NULL,3,'Petauke',0,0,0,0,0,0,NULL,NULL,NULL,NULL,NULL,NULL,NULL,NULL,0,0,14,14),(208,32,47,NULL,5,'Rufunsa',0,0,0,0,0,0,NULL,NULL,NULL,NULL,NULL,NULL,NULL,NULL,0,0,14,14),(209,32,36,NULL,4,'Samfya',0,0,0,0,0,0,NULL,NULL,NULL,NULL,NULL,NULL,NULL,NULL,0,0,14,14),(210,32,98,NULL,10,'Senanga',0,0,0,0,0,0,NULL,NULL,NULL,NULL,NULL,NULL,NULL,NULL,0,0,14,14),(211,32,116,NULL,7,'Senga',0,0,0,0,0,0,NULL,NULL,NULL,NULL,NULL,NULL,NULL,NULL,0,0,14,14),(212,32,10,NULL,1,'Serenje',4,0,0,0,0,0,NULL,NULL,NULL,NULL,NULL,NULL,NULL,NULL,0,0,14,14),(213,32,99,NULL,10,'Sesheke',0,0,0,0,0,0,NULL,NULL,NULL,NULL,NULL,NULL,NULL,NULL,0,0,14,14),(214,32,48,NULL,5,'Shibuyunji',0,0,0,0,0,0,NULL,NULL,NULL,NULL,NULL,NULL,NULL,NULL,0,0,14,14),(215,32,56,NULL,6,'Shiwang\'andu',0,0,0,0,0,0,NULL,NULL,NULL,NULL,NULL,NULL,NULL,NULL,0,0,14,14),(216,32,82,NULL,9,'Siavonga',0,0,0,0,0,0,NULL,NULL,NULL,NULL,NULL,NULL,NULL,NULL,0,0,14,14),(217,32,101,NULL,10,'Sikongo',0,0,0,0,0,0,NULL,NULL,NULL,NULL,NULL,NULL,NULL,NULL,0,0,14,14),(218,32,83,NULL,9,'Sinazongwe',0,0,0,0,0,0,NULL,NULL,NULL,NULL,NULL,NULL,NULL,NULL,0,0,14,14),(219,32,30,NULL,3,'Sinda',0,0,0,0,0,0,NULL,NULL,NULL,NULL,NULL,NULL,NULL,NULL,0,0,14,14),(220,32,102,NULL,10,'Sioma',0,0,0,0,0,0,NULL,NULL,NULL,NULL,NULL,NULL,NULL,NULL,0,0,14,14),(221,32,74,NULL,8,'Solwezi',0,0,0,0,0,0,NULL,NULL,NULL,NULL,NULL,NULL,NULL,NULL,0,0,14,14),(222,32,29,NULL,3,'Vubwi',0,0,0,0,0,0,NULL,NULL,NULL,NULL,NULL,NULL,NULL,NULL,0,0,14,14),(223,32,73,NULL,8,'Zambezi',0,0,0,0,0,0,NULL,NULL,NULL,NULL,NULL,NULL,NULL,NULL,0,0,14,14),(224,32,84,NULL,9,'Zimba',0,0,0,0,0,0,NULL,NULL,NULL,NULL,NULL,NULL,NULL,NULL,0,0,14,14),(225,32,26,NULL,3,'Chadiza',0,0,0,0,0,0,NULL,NULL,NULL,NULL,NULL,NULL,NULL,NULL,0,0,14,14),(226,32,2,NULL,1,'Chibombo',4,0,0,0,0,0,NULL,NULL,NULL,NULL,NULL,NULL,NULL,NULL,0,0,14,14),(227,32,40,NULL,4,'Chipili',0,0,0,0,0,0,NULL,NULL,NULL,NULL,NULL,NULL,NULL,NULL,0,0,14,14),(228,32,89,NULL,10,'Kaoma',0,0,0,0,0,0,NULL,NULL,NULL,NULL,NULL,NULL,NULL,NULL,0,0,14,14),(229,32,49,NULL,5,'Lusaka',0,0,0,0,0,0,NULL,NULL,NULL,NULL,NULL,NULL,NULL,NULL,0,0,14,14),(230,32,100,NULL,10,'Shangombo',0,0,0,0,0,0,NULL,NULL,NULL,NULL,NULL,NULL,NULL,NULL,0,0,14,14),(231,32,NULL,1,NULL,'Agribusiness',0,0,0,0,0,0,NULL,NULL,NULL,NULL,NULL,NULL,NULL,NULL,0,0,14,14),(232,33,NULL,2,NULL,'Finance',0,0,0,0,0,0,NULL,NULL,NULL,NULL,NULL,NULL,NULL,NULL,1607182013,1607362711,14,14),(233,33,NULL,3,NULL,'Human Resource',0,0,0,0,0,0,NULL,NULL,NULL,NULL,NULL,NULL,NULL,NULL,1611002803,1611002803,14,14),(234,32,NULL,2,NULL,'Finance',0,0,0,0,0,0,NULL,NULL,NULL,NULL,NULL,NULL,NULL,NULL,1607182013,1607362711,14,14),(235,32,NULL,3,NULL,'Human Resource',0,0,0,0,0,0,NULL,NULL,NULL,NULL,NULL,NULL,NULL,NULL,1611002803,1611002803,14,14);
/*!40000 ALTER TABLE `awpb_district` ENABLE KEYS */;
UNLOCK TABLES;

--
-- Table structure for table `awpb_expense_category`
--

DROP TABLE IF EXISTS `awpb_expense_category`;
/*!40101 SET @saved_cs_client     = @@character_set_client */;
/*!40101 SET character_set_client = utf8 */;
CREATE TABLE `awpb_expense_category` (
  `id` int(11) NOT NULL AUTO_INCREMENT,
  `code` varchar(6) NOT NULL,
  `status` int(11) NOT NULL,
  `name` varchar(255) NOT NULL,
  `created_at` int(11) unsigned NOT NULL,
  `updated_at` int(11) unsigned NOT NULL,
  `created_by` int(11) DEFAULT NULL,
  `updated_by` int(11) DEFAULT NULL,
  PRIMARY KEY (`id`)
) ENGINE=InnoDB AUTO_INCREMENT=12 DEFAULT CHARSET=utf8mb4;
/*!40101 SET character_set_client = @saved_cs_client */;

--
-- Dumping data for table `awpb_expense_category`
--

LOCK TABLES `awpb_expense_category` WRITE;
/*!40000 ALTER TABLE `awpb_expense_category` DISABLE KEYS */;
INSERT INTO `awpb_expense_category` VALUES (1,'I',1,'Consultancy',0,0,14,14),(2,'II',1,'Equipment and Material',0,0,14,14),(8,'IV',1,'Training',0,0,NULL,11),(9,'IV',1,'Goods, Services and Inputs',0,0,NULL,14),(10,'V',1,'Grants ad Subsides',0,0,NULL,14),(11,'VI',1,'Salaries and Allowances',0,0,NULL,14);
/*!40000 ALTER TABLE `awpb_expense_category` ENABLE KEYS */;
UNLOCK TABLES;

--
-- Table structure for table `awpb_funder`
--

DROP TABLE IF EXISTS `awpb_funder`;
/*!40101 SET @saved_cs_client     = @@character_set_client */;
/*!40101 SET character_set_client = utf8 */;
CREATE TABLE `awpb_funder` (
  `id` int(11) NOT NULL AUTO_INCREMENT,
  `code` varchar(6) NOT NULL,
  `name` varchar(40) NOT NULL,
  `description` varchar(255) NOT NULL,
  `status` int(11) NOT NULL,
  `created_at` int(11) unsigned NOT NULL,
  `updated_at` int(11) unsigned NOT NULL,
  `created_by` int(11) DEFAULT NULL,
  `updated_by` int(11) DEFAULT NULL,
  PRIMARY KEY (`id`)
) ENGINE=InnoDB AUTO_INCREMENT=8 DEFAULT CHARSET=utf8mb4;
/*!40101 SET character_set_client = @saved_cs_client */;

--
-- Dumping data for table `awpb_funder`
--

LOCK TABLES `awpb_funder` WRITE;
/*!40000 ALTER TABLE `awpb_funder` DISABLE KEYS */;
INSERT INTO `awpb_funder` VALUES (1,'1','IFAD','IFAD',1,1612809613,1627086002,14,14),(2,'2','GRZ','GRZ',1,1612810868,1612810868,14,14),(3,'3','Private Sector','Private Sector',1,1627057243,1627057243,14,14),(4,'4','IAPRI','IAPRI',1,1627057282,1627057282,14,14),(5,'5','PARM','PARM',1,1627057313,1627057313,14,14),(6,'6','Beneficiaries','Beneficiaries',1,1627057343,1627057343,14,14),(7,'7','IFAD Grant','IFAD Grant',1,1627057388,1627057388,14,14);
/*!40000 ALTER TABLE `awpb_funder` ENABLE KEYS */;
UNLOCK TABLES;

--
-- Table structure for table `awpb_funding_type`
--

DROP TABLE IF EXISTS `awpb_funding_type`;
/*!40101 SET @saved_cs_client     = @@character_set_client */;
/*!40101 SET character_set_client = utf8 */;
CREATE TABLE `awpb_funding_type` (
  `id` int(11) NOT NULL,
  `funding_type_code` varchar(6) NOT NULL,
  `funding_type_name` varchar(255) NOT NULL,
  `created_at` int(11) unsigned NOT NULL,
  `updated_at` int(11) unsigned NOT NULL,
  `created_by` int(11) DEFAULT NULL,
  `updated_by` int(11) DEFAULT NULL,
  PRIMARY KEY (`id`),
  UNIQUE KEY `funding_type_code` (`funding_type_code`)
) ENGINE=InnoDB DEFAULT CHARSET=utf8mb4;
/*!40101 SET character_set_client = @saved_cs_client */;

--
-- Dumping data for table `awpb_funding_type`
--

LOCK TABLES `awpb_funding_type` WRITE;
/*!40000 ALTER TABLE `awpb_funding_type` DISABLE KEYS */;
/*!40000 ALTER TABLE `awpb_funding_type` ENABLE KEYS */;
UNLOCK TABLES;

--
-- Table structure for table `awpb_funds_requisition`
--

DROP TABLE IF EXISTS `awpb_funds_requisition`;
/*!40101 SET @saved_cs_client     = @@character_set_client */;
/*!40101 SET character_set_client = utf8 */;
CREATE TABLE `awpb_funds_requisition` (
  `id` int(11) NOT NULL AUTO_INCREMENT,
  `component_id` int(11) DEFAULT NULL,
  `output_id` int(11) DEFAULT NULL,
  `activity_id` int(11) DEFAULT NULL,
  `awpb_template_id` int(11) NOT NULL,
  `indicator_id` int(11) DEFAULT NULL,
  `name` varchar(255) DEFAULT NULL,
  `unit_cost` double DEFAULT NULL,
  `mo_1` double DEFAULT NULL,
  `mo_2` double DEFAULT NULL,
  `mo_3` double DEFAULT NULL,
  `mo_4` double DEFAULT NULL,
  `mo_5` double DEFAULT NULL,
  `mo_6` double DEFAULT NULL,
  `mo_7` double DEFAULT NULL,
  `mo_8` double DEFAULT NULL,
  `mo_9` double DEFAULT NULL,
  `mo_10` double DEFAULT NULL,
  `mo_11` double DEFAULT NULL,
  `mo_12` double DEFAULT NULL,
  `quarter_one_quantity` double DEFAULT NULL,
  `quarter_two_quantity` double DEFAULT NULL,
  `quarter_three_quantity` double DEFAULT NULL,
  `quarter_four_quantity` double DEFAULT NULL,
  `total_quantity` double NOT NULL,
  `mo_1_amount` double DEFAULT NULL,
  `mo_2_amount` double DEFAULT NULL,
  `mo_3_amount` double DEFAULT NULL,
  `mo_4_amount` double DEFAULT NULL,
  `mo_5_amount` double DEFAULT NULL,
  `mo_6_amount` double DEFAULT NULL,
  `mo_7_amount` double DEFAULT NULL,
  `mo_8_amount` double DEFAULT NULL,
  `mo_9_amount` double DEFAULT NULL,
  `mo_10_amount` double DEFAULT NULL,
  `mo_11_amount` double DEFAULT NULL,
  `mo_12_amount` double DEFAULT NULL,
  `quarter_one_amount` double DEFAULT NULL,
  `quarter_two_amount` double DEFAULT NULL,
  `quarter_three_amount` double DEFAULT NULL,
  `quarter_four_amount` double DEFAULT NULL,
  `total_amount` double DEFAULT NULL,
  `mo_1_actual` double DEFAULT NULL,
  `mo_2_actual` double DEFAULT NULL,
  `mo_3_actual` double DEFAULT NULL,
  `mo_4_actual` double DEFAULT NULL,
  `mo_5_actual` double DEFAULT NULL,
  `mo_6_actual` double DEFAULT NULL,
  `mo_7_actual` double DEFAULT NULL,
  `mo_8_actual` double DEFAULT NULL,
  `mo_9_actual` double DEFAULT NULL,
  `mo_10_actual` double DEFAULT NULL,
  `mo_11_actual` double DEFAULT NULL,
  `mo_12_actual` double DEFAULT NULL,
  `quarter_one_actual` double DEFAULT NULL,
  `quarter_two_actual` double DEFAULT NULL,
  `quarter_three_actual` double DEFAULT NULL,
  `quarter_four_actual` double DEFAULT NULL,
  `status` int(11) NOT NULL,
  `number_of_females` int(11) DEFAULT NULL,
  `number_of_males` int(11) DEFAULT NULL,
  `number_of_young_people` int(11) DEFAULT NULL,
  `number_of_not_young_people` int(11) DEFAULT NULL,
  `number_of_women_headed_households` int(11) DEFAULT NULL,
  `number_of_non_women_headed_households` int(11) DEFAULT NULL,
  `number_of_household_members` int(11) DEFAULT NULL,
  `number_of_females_actual` double DEFAULT NULL,
  `number_of_males_actual` double DEFAULT NULL,
  `number_of_young_people_actual` double DEFAULT NULL,
  `number_of_not_young_people_actual` double DEFAULT NULL,
  `number_of_women_headed_households_actual` double DEFAULT NULL,
  `number_of_non_women_headed_households_actual` double DEFAULT NULL,
  `number_of_household_members_actual` double DEFAULT NULL,
  `cost_centre_id` int(11) unsigned DEFAULT NULL,
  `camp_id` int(11) unsigned DEFAULT NULL,
  `district_id` int(11) unsigned DEFAULT NULL,
  `province_id` int(11) unsigned DEFAULT NULL,
  `created_at` int(11) unsigned NOT NULL,
  `updated_at` int(11) unsigned NOT NULL,
  `created_by` int(11) DEFAULT NULL,
  `updated_by` int(11) DEFAULT NULL,
  PRIMARY KEY (`id`),
  KEY `activity_id` (`activity_id`),
  KEY `district_id` (`district_id`),
  KEY `province_id` (`province_id`),
  KEY `awpb_template_id` (`awpb_template_id`),
  KEY `indicator_id` (`indicator_id`),
  KEY `component_id` (`component_id`),
  KEY `output_id` (`output_id`),
  KEY `camp_id` (`camp_id`),
  KEY `cost_centre_id` (`cost_centre_id`),
  CONSTRAINT `awpb_funds_requisition_ibfk_1` FOREIGN KEY (`awpb_template_id`) REFERENCES `awpb_template` (`id`),
  CONSTRAINT `awpb_funds_requisition_ibfk_2` FOREIGN KEY (`cost_centre_id`) REFERENCES `awpb_cost_centre` (`id`),
  CONSTRAINT `awpb_funds_requisition_ibfk_3` FOREIGN KEY (`district_id`) REFERENCES `awpb_district` (`id`)
) ENGINE=InnoDB DEFAULT CHARSET=utf8mb4;
/*!40101 SET character_set_client = @saved_cs_client */;

--
-- Dumping data for table `awpb_funds_requisition`
--

LOCK TABLES `awpb_funds_requisition` WRITE;
/*!40000 ALTER TABLE `awpb_funds_requisition` DISABLE KEYS */;
/*!40000 ALTER TABLE `awpb_funds_requisition` ENABLE KEYS */;
UNLOCK TABLES;

--
-- Table structure for table `awpb_general_ledger`
--

DROP TABLE IF EXISTS `awpb_general_ledger`;
/*!40101 SET @saved_cs_client     = @@character_set_client */;
/*!40101 SET character_set_client = utf8 */;
CREATE TABLE `awpb_general_ledger` (
  `id` int(11) NOT NULL AUTO_INCREMENT,
  `general_ledger_account` varchar(20) NOT NULL,
  `activity_id` int(11) NOT NULL,
  `component_id` int(11) NOT NULL,
  `awpb_template_id` int(11) NOT NULL,
  `funder_id` int(11) NOT NULL,
  `expense_category_id` int(11) NOT NULL,
  `mo_1_amount` double DEFAULT NULL,
  `mo_2_amount` double DEFAULT NULL,
  `mo_3_amount` double DEFAULT NULL,
  `mo_4_amount` double DEFAULT NULL,
  `mo_5_amount` double DEFAULT NULL,
  `mo_6_amount` double DEFAULT NULL,
  `mo_7_amount` double DEFAULT NULL,
  `mo_8_amount` double DEFAULT NULL,
  `mo_9_amount` double DEFAULT NULL,
  `mo_10_amount` double DEFAULT NULL,
  `mo_11_amount` double DEFAULT NULL,
  `mo_12_amount` double DEFAULT NULL,
  `quarter_one_amount` double DEFAULT NULL,
  `quarter_two_amount` double DEFAULT NULL,
  `quarter_three_amount` double DEFAULT NULL,
  `quarter_four_amount` double DEFAULT NULL,
  `created_at` int(11) unsigned NOT NULL,
  `updated_at` int(11) unsigned NOT NULL,
  `created_by` int(11) DEFAULT NULL,
  `updated_by` int(11) DEFAULT NULL,
  PRIMARY KEY (`id`),
  KEY `component_id` (`component_id`),
  KEY `expense_category_id` (`expense_category_id`),
  KEY `awpb_template_id` (`awpb_template_id`),
  KEY `activity_code` (`activity_id`) USING BTREE,
  KEY `funder_id` (`funder_id`)
) ENGINE=InnoDB AUTO_INCREMENT=8 DEFAULT CHARSET=utf8mb4;
/*!40101 SET character_set_client = @saved_cs_client */;

--
-- Dumping data for table `awpb_general_ledger`
--

LOCK TABLES `awpb_general_ledger` WRITE;
/*!40000 ALTER TABLE `awpb_general_ledger` DISABLE KEYS */;
INSERT INTO `awpb_general_ledger` VALUES (1,'0955/0900/IV/01',117,44,33,1,8,157.7,15.77,18.924,7.885,7.885,3.154,82.004,85.158,118.275,91.466,138.776,121.429,192.394,18.924,285.437,351.671,1627138331,1627138331,14,14),(2,'0955/0900/IV/02',117,44,33,2,8,315.4,31.54,37.848,15.77,15.77,6.308,164.008,170.316,236.55,182.932,277.552,242.858,384.788,37.848,570.874,703.342,1627138332,1627138332,14,14),(3,'0955/0900/IV/03',117,44,33,3,8,157.7,15.77,18.924,7.885,7.885,3.154,82.004,85.158,118.275,91.466,138.776,121.429,192.394,18.924,285.437,351.671,1627138332,1627138332,14,14),(4,'0955/0900/IV/04',117,44,33,4,8,315.4,31.54,37.848,15.77,15.77,6.308,164.008,170.316,236.55,182.932,277.552,242.858,384.788,37.848,570.874,703.342,1627138332,1627138332,14,14),(5,'0955/0900/IV/05',117,44,33,5,8,315.4,31.54,37.848,15.77,15.77,6.308,164.008,170.316,236.55,182.932,277.552,242.858,384.788,37.848,570.874,703.342,1627138332,1627138332,14,14),(6,'0955/0900/IV/06',117,44,33,6,8,157.7,15.77,18.924,7.885,7.885,3.154,82.004,85.158,118.275,91.466,138.776,121.429,192.394,18.924,285.437,351.671,1627138332,1627138332,14,14),(7,'0955/0900/IV/07',117,44,33,7,8,157.7,15.77,18.924,7.885,7.885,3.154,82.004,85.158,118.275,91.466,138.776,121.429,192.394,18.924,285.437,351.671,1627138332,1627138332,14,14);
/*!40000 ALTER TABLE `awpb_general_ledger` ENABLE KEYS */;
UNLOCK TABLES;

--
-- Table structure for table `awpb_indicator`
--

DROP TABLE IF EXISTS `awpb_indicator`;
/*!40101 SET @saved_cs_client     = @@character_set_client */;
/*!40101 SET character_set_client = utf8 */;
CREATE TABLE `awpb_indicator` (
  `id` int(11) NOT NULL AUTO_INCREMENT,
  `activity_id` int(11) DEFAULT NULL,
  `component_id` int(11) NOT NULL,
  `outcome_id` int(11) NOT NULL,
  `output_id` int(11) DEFAULT NULL,
  `name` varchar(100) NOT NULL,
  `description` varchar(255) NOT NULL,
  `unit_of_measure_id` int(11) NOT NULL,
  `programme_target` double NOT NULL,
  `created_at` int(11) unsigned NOT NULL,
  `updated_at` int(11) unsigned NOT NULL,
  `created_by` int(11) DEFAULT NULL,
  `updated_by` int(11) DEFAULT NULL,
  PRIMARY KEY (`id`),
  KEY `awpb_indicator_ibfk_2` (`unit_of_measure_id`),
  KEY `activity_id` (`activity_id`),
  KEY `component_id` (`component_id`),
  KEY `output_id` (`output_id`),
  CONSTRAINT `awpb_indicator_ibfk_2` FOREIGN KEY (`unit_of_measure_id`) REFERENCES `awpb_unit_of_measure` (`id`),
  CONSTRAINT `awpb_indicator_ibfk_3` FOREIGN KEY (`activity_id`) REFERENCES `awpb_activity` (`id`),
  CONSTRAINT `awpb_indicator_ibfk_4` FOREIGN KEY (`component_id`) REFERENCES `awpb_component` (`id`),
  CONSTRAINT `awpb_indicator_ibfk_5` FOREIGN KEY (`output_id`) REFERENCES `awpb_output` (`id`)
) ENGINE=InnoDB AUTO_INCREMENT=37 DEFAULT CHARSET=utf8mb4;
/*!40101 SET character_set_client = @saved_cs_client */;

--
-- Dumping data for table `awpb_indicator`
--

LOCK TABLES `awpb_indicator` WRITE;
/*!40000 ALTER TABLE `awpb_indicator` DISABLE KEYS */;
INSERT INTO `awpb_indicator` VALUES (14,101,44,0,2,'Number of Category A farmers mobilised','Number of Category A farmers mobilised\r\n',1,0,0,0,NULL,NULL),(15,101,44,0,2,'Number of Category A female farmers Mobilised','Number of Category A female farmers Mobilised\r\n',1,0,0,0,NULL,NULL),(16,101,44,0,2,'Number of Category A Youth Farmers Mobilised','Number of Category A Youth Farmers Mobilised\r\n',1,0,0,0,NULL,NULL),(17,101,44,0,2,'Number of Category A Female Headed Households Mobilised','Number of Category A Female Headed Households Mobilised\r\n',1,0,0,0,NULL,NULL),(18,96,42,0,1,'Number of policy-relevant knowledge products completed','Number of policy-relevant knowledge products completed',1,0,0,0,NULL,NULL),(19,NULL,42,0,1,'Policy 3- Number of existing/new laws, regulations, policies or strategies proposed to policy maker','Policy 3- Number of existing/new laws, regulations, policies, or strategies proposed to policy makers for approval, ratification, or amendment',1,2,0,0,NULL,NULL),(20,NULL,42,0,1,'ZNADS implemented- Number','ZNADS implemented- Number\r\n',1,2,0,0,NULL,NULL),(21,NULL,42,0,1,'General satisfaction with the policy framework among Value Chain actors (ranking scale 1-6)','General satisfaction with the policy framework among Value Chain actors (ranking scale 1-6)\r\n',3,65,0,0,NULL,NULL),(22,NULL,42,0,1,'Key agribusiness studies that guide strategy development completed (number) ','Key agribusiness studies that guide strategy development completed (number) ',1,6,0,0,NULL,NULL),(23,NULL,42,0,1,'Number of policy-relevant knowledge products completed','Number of policy-relevant knowledge products completed\r\n',1,2,0,0,NULL,NULL),(24,NULL,42,0,1,'Number of policy forums among value chain actors held to identify and address constraints at meso an','Number of policy forums among value chain actors held to identify and address constraints at meso and macro-level (regulatory framework, trade policy, etc)',1,15,0,0,NULL,NULL),(25,NULL,44,0,5,'Number of Households with targeted support to improve their nutrition','Number of Households with targeted support to improve their nutrition',1,1,0,0,NULL,NULL),(26,NULL,44,0,2,'Percentage of rural producers\' organisations engaged in formal partnerships/agreements or contracts ','Percentage of rural producers\' organisations engaged in formal partnerships/agreements or contracts with public or private entities  ',3,40,0,0,NULL,NULL),(27,NULL,44,0,2,'Percentage of persons/households reporting improved physical access to markets, processing and stora','Percentage of persons/households reporting improved physical access to markets, processing, and storage',3,42,0,0,NULL,NULL),(28,NULL,44,0,2,' Percentage of producers adopting improved techniques and/or technologies that allow production to c','Percentage of producers adopting improved techniques and/or technologies that allow production to comply with market requirements',3,65,0,0,NULL,NULL),(29,NULL,44,0,2,'Percentage of smallholders participating in VCs reporting increase in sales','Percentage of smallholders participating in VCs reporting increase in sales',3,75,0,0,NULL,NULL),(30,NULL,44,0,2,'Percentage of producers adopting climate change adaptation techniques and technologies','Percentage of producers adopting climate change adaptation techniques and technologies\r\n',3,50,0,0,NULL,NULL),(31,NULL,44,0,2,'Annual gross value of all farm sales (crops & livestock) by smallholder HHs to buyers (ZM','Annual gross value of all farm sales (crops & livestock) by smallholder HHs to buyers (ZMW) (3500 for CAT.A & 17500 for CAT.B)',11,21000,0,0,NULL,NULL),(32,NULL,44,0,2,'Number of producers trained in techniques and technologies that allow production to comply with mark','Number of producers trained in techniques and technologies that allow production to comply with market requirements',1,10000,0,0,NULL,NULL),(33,NULL,44,0,2,'Number of producer organizations/cooperatives/marketing groups established or strengthened (100 for ','Number of producer organizations/cooperatives/marketing groups established or strengthened (100 for CAT.A and 24 for CAT.B)',1,124,0,0,NULL,NULL),(34,NULL,44,0,2,'Number of smallholder producers in organizations/cooperatives/marketing groups trained in crucial as','Number of smallholder producers in organizations/cooperatives/marketing groups trained in crucial aspects for inclusion in VC i.e identification of partnership opportunities, negotiation, market loss, business management, governance, etc',1,10000,0,0,NULL,NULL),(35,NULL,44,0,2,'Number of service providers (farm & non-farm) strengthened and or trained to provide services that a','Number of service providers (farm & non-farm) strengthened and or trained to provide services that allow production to meet market requirements',1,80,0,0,NULL,NULL),(36,NULL,44,0,5,' Percentage of women reporting minimum dietary diversity score (MDDW)',' Percentage of women reporting minimum dietary diversity score (MDDW)',3,50,0,0,NULL,NULL);
/*!40000 ALTER TABLE `awpb_indicator` ENABLE KEYS */;
UNLOCK TABLES;

--
-- Table structure for table `awpb_input`
--

DROP TABLE IF EXISTS `awpb_input`;
/*!40101 SET @saved_cs_client     = @@character_set_client */;
/*!40101 SET character_set_client = utf8 */;
CREATE TABLE `awpb_input` (
  `id` int(11) NOT NULL AUTO_INCREMENT,
  `component_id` int(11) NOT NULL,
  `output_id` int(11) DEFAULT NULL,
  `activity_id` int(11) NOT NULL,
  `awpb_template_id` int(11) NOT NULL,
  `indicator_id` int(11) DEFAULT NULL,
  `budget_id` int(11) NOT NULL,
  `input_id` int(11) DEFAULT NULL,
  `name` varchar(255) NOT NULL,
  `unit_of_measure_id` int(11) DEFAULT NULL,
  `unit_cost` double NOT NULL,
  `mo_1` double DEFAULT NULL,
  `mo_2` double DEFAULT NULL,
  `mo_3` double DEFAULT NULL,
  `mo_4` double DEFAULT NULL,
  `mo_5` double DEFAULT NULL,
  `mo_6` double DEFAULT NULL,
  `mo_7` double DEFAULT NULL,
  `mo_8` double DEFAULT NULL,
  `mo_9` double DEFAULT NULL,
  `mo_10` double DEFAULT NULL,
  `mo_11` double DEFAULT NULL,
  `mo_12` double DEFAULT NULL,
  `quarter_one_quantity` double DEFAULT NULL,
  `quarter_two_quantity` double DEFAULT NULL,
  `quarter_three_quantity` double DEFAULT NULL,
  `quarter_four_quantity` double DEFAULT NULL,
  `total_quantity` double DEFAULT NULL,
  `mo_1_amount` double DEFAULT NULL,
  `mo_2_amount` double DEFAULT NULL,
  `mo_3_amount` double DEFAULT NULL,
  `mo_4_amount` double DEFAULT NULL,
  `mo_5_amount` double DEFAULT NULL,
  `mo_6_amount` double DEFAULT NULL,
  `mo_7_amount` double DEFAULT NULL,
  `mo_8_amount` double DEFAULT NULL,
  `mo_9_amount` double DEFAULT NULL,
  `mo_10_amount` double DEFAULT NULL,
  `mo_11_amount` double DEFAULT NULL,
  `mo_12_amount` double DEFAULT NULL,
  `quarter_one_amount` double DEFAULT NULL,
  `quarter_two_amount` double DEFAULT NULL,
  `quarter_three_amount` double DEFAULT NULL,
  `quarter_four_amount` double DEFAULT NULL,
  `total_amount` double DEFAULT NULL,
  `mo_1_actual` double DEFAULT NULL,
  `mo_2_actual` double DEFAULT NULL,
  `mo_3_actual` double DEFAULT NULL,
  `mo_4_actual` double DEFAULT NULL,
  `mo_5_actual` double DEFAULT NULL,
  `mo_6_actual` double DEFAULT NULL,
  `mo_7_actual` double DEFAULT NULL,
  `mo_8_actual` double DEFAULT NULL,
  `mo_9_actual` double DEFAULT NULL,
  `mo_10_actual` double DEFAULT NULL,
  `mo_11_actual` double DEFAULT NULL,
  `mo_12_actual` double DEFAULT NULL,
  `status` int(11) NOT NULL,
  `cost_centre_id` int(11) unsigned DEFAULT NULL,
  `camp_id` int(11) unsigned DEFAULT NULL,
  `district_id` int(11) unsigned DEFAULT NULL,
  `province_id` int(11) unsigned DEFAULT NULL,
  `created_at` int(11) unsigned NOT NULL,
  `updated_at` int(11) unsigned NOT NULL,
  `created_by` int(11) DEFAULT NULL,
  `updated_by` int(11) DEFAULT NULL,
  PRIMARY KEY (`id`),
  KEY `activity_id` (`activity_id`),
  KEY `district_id` (`district_id`),
  KEY `province_id` (`province_id`),
  KEY `awpb_template_id` (`awpb_template_id`),
  KEY `indicator_id` (`indicator_id`),
  KEY `created_by` (`created_by`),
  KEY `updated_by` (`updated_by`),
  KEY `awpb_input_ibfk_1` (`budget_id`),
  KEY `camp_id` (`camp_id`),
  KEY `cost_centre_id` (`cost_centre_id`),
  KEY `component_id` (`component_id`),
  KEY `output_id` (`output_id`),
  CONSTRAINT `awpb_input_ibfk_1` FOREIGN KEY (`budget_id`) REFERENCES `awpb_budget` (`id`),
  CONSTRAINT `awpb_input_ibfk_10` FOREIGN KEY (`cost_centre_id`) REFERENCES `awpb_cost_centre` (`id`),
  CONSTRAINT `awpb_input_ibfk_11` FOREIGN KEY (`component_id`) REFERENCES `awpb_component` (`id`),
  CONSTRAINT `awpb_input_ibfk_12` FOREIGN KEY (`output_id`) REFERENCES `awpb_output` (`id`),
  CONSTRAINT `awpb_input_ibfk_2` FOREIGN KEY (`awpb_template_id`) REFERENCES `awpb_template` (`id`),
  CONSTRAINT `awpb_input_ibfk_3` FOREIGN KEY (`activity_id`) REFERENCES `awpb_activity` (`id`),
  CONSTRAINT `awpb_input_ibfk_4` FOREIGN KEY (`indicator_id`) REFERENCES `awpb_indicator` (`id`),
  CONSTRAINT `awpb_input_ibfk_5` FOREIGN KEY (`district_id`) REFERENCES `district` (`id`),
  CONSTRAINT `awpb_input_ibfk_6` FOREIGN KEY (`province_id`) REFERENCES `province` (`id`),
  CONSTRAINT `awpb_input_ibfk_7` FOREIGN KEY (`created_by`) REFERENCES `users` (`id`),
  CONSTRAINT `awpb_input_ibfk_8` FOREIGN KEY (`updated_by`) REFERENCES `users` (`id`),
  CONSTRAINT `awpb_input_ibfk_9` FOREIGN KEY (`camp_id`) REFERENCES `camp` (`id`)
) ENGINE=InnoDB AUTO_INCREMENT=69 DEFAULT CHARSET=utf8mb4;
/*!40101 SET character_set_client = @saved_cs_client */;

--
-- Dumping data for table `awpb_input`
--

LOCK TABLES `awpb_input` WRITE;
/*!40000 ALTER TABLE `awpb_input` DISABLE KEYS */;
INSERT INTO `awpb_input` VALUES (30,44,NULL,117,33,NULL,72,NULL,'Diesel Fuel',4,15.77,100,10,12,5,5,2,52,54,75,58,88,77,122,12,181,223,538,1577,157.7,189.24,78.85,78.85,31.54,820.04,851.58,1182.75,914.66,1387.76,1214.29,1923.94,189.24,2854.37,3516.71,8484.26,NULL,NULL,NULL,NULL,NULL,NULL,NULL,NULL,NULL,NULL,NULL,NULL,0,NULL,NULL,2,1,0,0,18,18),(37,44,NULL,101,33,NULL,73,NULL,'Petrol Fuel',4,15.75,50,60,0,2,0,0,0,0,0,0,0,0,110,2,0,0,112,787.5,945,0,31.5,0,0,0,0,0,0,0,0,1732.5,31.5,0,0,1764,NULL,NULL,NULL,NULL,NULL,NULL,NULL,NULL,NULL,NULL,NULL,NULL,0,NULL,NULL,2,1,0,0,18,18),(42,44,NULL,101,32,NULL,74,NULL,'Sitting Allowance',11,1000,10,10,10,10,10,10,10,10,10,10,10,10,30,30,30,30,120,10000,10000,10000,10000,10000,10000,10000,10000,10000,10000,10000,10000,30000,30000,30000,30000,120000,NULL,NULL,NULL,NULL,NULL,NULL,NULL,NULL,NULL,NULL,NULL,NULL,0,NULL,NULL,2,1,0,0,18,18),(58,42,NULL,96,32,NULL,76,NULL,'Mine',12,0.55,5,5,5,5,5,0,0,0,0,0,0,0,15,10,0,0,25,2.75,2.75,2.75,2.75,2.75,0,0,0,0,0,0,0,8.25,5.5,0,0,13.75,NULL,NULL,NULL,NULL,NULL,NULL,NULL,NULL,NULL,NULL,NULL,NULL,0,NULL,NULL,NULL,NULL,0,1628272902,17,17),(59,42,NULL,95,32,NULL,75,NULL,'Maize Seed',2,99.99,9,9,9,9,9,9,9,9,9,9,9,9,27,27,27,27,108,899.91,899.91,899.91,899.91,899.91,899.91,899.91,899.91,899.91,899.91,899.91,899.91,2699.73,2699.73,2699.73,2699.73,10798.92,NULL,NULL,NULL,NULL,NULL,NULL,NULL,NULL,NULL,NULL,NULL,NULL,0,1,NULL,NULL,NULL,0,1628275449,17,17),(60,42,NULL,95,32,NULL,75,NULL,'simon',12,4,44,44,4,4,4,4,4,4,4,4,4,4,92,12,12,12,128,176,176,16,16,16,16,16,16,16,16,16,16,368,48,48,48,512,NULL,NULL,NULL,NULL,NULL,NULL,NULL,NULL,NULL,NULL,NULL,NULL,0,1,NULL,NULL,NULL,1628195482,1628274710,17,17),(61,42,NULL,95,32,NULL,75,NULL,'Omm',12,8,8,8,8,8,8,8,88,88,8,8,8,8,24,24,184,24,256,64,64,64,64,64,64,704,704,64,64,64,64,192,192,1472,192,2048,NULL,NULL,NULL,NULL,NULL,NULL,NULL,NULL,NULL,NULL,NULL,NULL,0,1,NULL,NULL,NULL,1628195762,1628274710,17,17),(62,42,NULL,95,32,NULL,75,NULL,'bcb',12,3.33,555,0,5,5,0,55,0,0,0,0,0,0,560,60,0,0,620,1848.15,0,16.65,16.65,0,183.15,0,0,0,0,0,0,1864.8,199.8,0,0,2064.6,NULL,NULL,NULL,NULL,NULL,NULL,NULL,NULL,NULL,NULL,NULL,NULL,0,1,NULL,NULL,NULL,1628195936,1628274710,17,17);
/*!40000 ALTER TABLE `awpb_input` ENABLE KEYS */;
UNLOCK TABLES;

--
-- Table structure for table `awpb_outcome`
--

DROP TABLE IF EXISTS `awpb_outcome`;
/*!40101 SET @saved_cs_client     = @@character_set_client */;
/*!40101 SET character_set_client = utf8 */;
CREATE TABLE `awpb_outcome` (
  `id` int(11) NOT NULL AUTO_INCREMENT,
  `outcome_code` varchar(10) NOT NULL,
  `component_id` int(11) DEFAULT NULL,
  `name` varchar(40) NOT NULL,
  `outcome_description` varchar(255) NOT NULL,
  `created_at` int(11) unsigned NOT NULL,
  `updated_at` int(11) unsigned NOT NULL,
  `created_by` int(11) DEFAULT NULL,
  `updated_by` int(11) DEFAULT NULL,
  PRIMARY KEY (`id`),
  UNIQUE KEY `outcome_code` (`outcome_code`),
  KEY `component_id` (`component_id`),
  CONSTRAINT `awpb_outcome_ibfk_1` FOREIGN KEY (`component_id`) REFERENCES `awpb_component` (`id`)
) ENGINE=InnoDB AUTO_INCREMENT=2 DEFAULT CHARSET=utf8mb4;
/*!40101 SET character_set_client = @saved_cs_client */;

--
-- Dumping data for table `awpb_outcome`
--

LOCK TABLES `awpb_outcome` WRITE;
/*!40000 ALTER TABLE `awpb_outcome` DISABLE KEYS */;
INSERT INTO `awpb_outcome` VALUES (1,'',42,'Policy and institutional environment enh','Policy and institutional environment enhanced for agribusiness development',14,14,14,14);
/*!40000 ALTER TABLE `awpb_outcome` ENABLE KEYS */;
UNLOCK TABLES;

--
-- Table structure for table `awpb_output`
--

DROP TABLE IF EXISTS `awpb_output`;
/*!40101 SET @saved_cs_client     = @@character_set_client */;
/*!40101 SET character_set_client = utf8 */;
CREATE TABLE `awpb_output` (
  `id` int(11) NOT NULL AUTO_INCREMENT,
  `code` varchar(10) NOT NULL,
  `component_id` int(11) NOT NULL,
  `outcome_id` int(11) DEFAULT NULL,
  `name` varchar(100) NOT NULL,
  `description` varchar(255) NOT NULL,
  `created_at` int(11) unsigned NOT NULL,
  `updated_at` int(11) unsigned NOT NULL,
  `created_by` int(11) DEFAULT NULL,
  `updated_by` int(11) DEFAULT NULL,
  PRIMARY KEY (`id`),
  UNIQUE KEY `code` (`code`),
  KEY `outcome_id` (`outcome_id`),
  KEY `component_id` (`component_id`),
  CONSTRAINT `awpb_output_ibfk_1` FOREIGN KEY (`outcome_id`) REFERENCES `awpb_outcome` (`id`),
  CONSTRAINT `awpb_output_ibfk_2` FOREIGN KEY (`component_id`) REFERENCES `awpb_component` (`id`)
) ENGINE=InnoDB AUTO_INCREMENT=6 DEFAULT CHARSET=utf8mb4;
/*!40101 SET character_set_client = @saved_cs_client */;

--
-- Dumping data for table `awpb_output`
--

LOCK TABLES `awpb_output` WRITE;
/*!40000 ALTER TABLE `awpb_output` DISABLE KEYS */;
INSERT INTO `awpb_output` VALUES (1,'1.1.1',42,1,'Strategic framework that supports agribusiness developed and implementated','Strategic framework that supports agribusiness developed and implementated',14,1625652958,14,14),(2,'2.1.1',44,NULL,'Capacity of  smallholder farmers to produce a surplus for the market increased','Capacity of  smallholder farmers to produce a surplus for the market increased',0,1625652923,NULL,NULL),(4,'1.2.1',45,NULL,' Capacity of government and private sector to support smallholders and agribusiness partnerships str',' Capacity of government and private sector to support smallholders and agribusiness partnerships strengthened.',1625652567,1625653059,14,14),(5,'2.1.2',44,NULL,'Number of households with targeted support to improve their nutrition','Number of households with targeted support to improve their nutrition',1625652777,1625652886,14,14);
/*!40000 ALTER TABLE `awpb_output` ENABLE KEYS */;
UNLOCK TABLES;

--
-- Table structure for table `awpb_province`
--

DROP TABLE IF EXISTS `awpb_province`;
/*!40101 SET @saved_cs_client     = @@character_set_client */;
/*!40101 SET character_set_client = utf8 */;
CREATE TABLE `awpb_province` (
  `id` int(11) unsigned NOT NULL AUTO_INCREMENT,
  `awpb_template_id` int(11) NOT NULL,
  `cost_centre_id` int(10) unsigned DEFAULT NULL,
  `province_id` int(11) unsigned NOT NULL,
  `name` varchar(255) DEFAULT NULL,
  `status` int(11) NOT NULL,
  `created_at` int(11) unsigned NOT NULL,
  `updated_at` int(11) unsigned NOT NULL,
  `created_by` int(11) DEFAULT NULL,
  `updated_by` int(11) DEFAULT NULL,
  PRIMARY KEY (`id`),
  KEY `awpb_template_id` (`awpb_template_id`),
  KEY `cost_centre_id` (`cost_centre_id`),
  KEY `province_id` (`province_id`)
) ENGINE=InnoDB AUTO_INCREMENT=15 DEFAULT CHARSET=utf8;
/*!40101 SET character_set_client = @saved_cs_client */;

--
-- Dumping data for table `awpb_province`
--

LOCK TABLES `awpb_province` WRITE;
/*!40000 ALTER TABLE `awpb_province` DISABLE KEYS */;
INSERT INTO `awpb_province` VALUES (4,33,NULL,1,NULL,4,0,0,14,14),(5,33,NULL,3,NULL,0,0,0,14,14),(6,33,NULL,4,NULL,0,0,0,14,14),(7,33,NULL,10,NULL,0,0,0,14,14),(8,33,NULL,5,NULL,0,0,0,14,14),(9,32,NULL,1,NULL,4,0,0,14,14),(10,32,NULL,6,NULL,0,0,0,14,14),(11,32,NULL,7,NULL,0,0,0,14,14),(12,32,NULL,8,NULL,0,0,0,14,14),(13,32,NULL,9,NULL,0,0,0,14,14),(14,32,NULL,2,NULL,0,0,0,14,14);
/*!40000 ALTER TABLE `awpb_province` ENABLE KEYS */;
UNLOCK TABLES;

--
-- Table structure for table `awpb_status`
--

DROP TABLE IF EXISTS `awpb_status`;
/*!40101 SET @saved_cs_client     = @@character_set_client */;
/*!40101 SET character_set_client = utf8 */;
CREATE TABLE `awpb_status` (
  `id` int(11) NOT NULL AUTO_INCREMENT,
  `awpb_template_id` int(11) NOT NULL,
  `status` int(11) NOT NULL,
  `cost_centre_id` int(11) unsigned DEFAULT NULL,
  `camp_id` int(11) unsigned DEFAULT NULL,
  `district_id` int(11) unsigned DEFAULT NULL,
  `province_id` int(11) unsigned DEFAULT NULL,
  `created_at` int(11) unsigned NOT NULL,
  `updated_at` int(11) unsigned NOT NULL,
  `created_by` int(11) DEFAULT NULL,
  `updated_by` int(11) DEFAULT NULL,
  PRIMARY KEY (`id`),
  KEY `district_id` (`district_id`),
  KEY `province_id` (`province_id`),
  KEY `awpb_template_id` (`awpb_template_id`),
  KEY `camp_id` (`camp_id`),
  KEY `cost_centre_id` (`cost_centre_id`)
) ENGINE=InnoDB AUTO_INCREMENT=69 DEFAULT CHARSET=utf8mb4;
/*!40101 SET character_set_client = @saved_cs_client */;

--
-- Dumping data for table `awpb_status`
--

LOCK TABLES `awpb_status` WRITE;
/*!40000 ALTER TABLE `awpb_status` DISABLE KEYS */;
INSERT INTO `awpb_status` VALUES (59,33,0,NULL,5,2,1,0,1624269646,14,14),(60,33,0,NULL,5,2,1,1623538161,1624269646,14,14),(68,33,0,NULL,7,42,5,0,0,18,18);
/*!40000 ALTER TABLE `awpb_status` ENABLE KEYS */;
UNLOCK TABLES;

--
-- Table structure for table `awpb_template`
--

DROP TABLE IF EXISTS `awpb_template`;
/*!40101 SET @saved_cs_client     = @@character_set_client */;
/*!40101 SET character_set_client = utf8 */;
CREATE TABLE `awpb_template` (
  `id` int(11) NOT NULL AUTO_INCREMENT,
  `fiscal_year` int(4) NOT NULL,
  `budget_theme` text NOT NULL,
  `comment` text NOT NULL,
  `guideline_file` varchar(255) DEFAULT NULL,
  `status` int(11) NOT NULL COMMENT '0 Closed, 1 open, 2 Blocked, 4 current',
  `quarter` int(11) DEFAULT NULL,
  `status_activities` int(11) DEFAULT NULL,
  `status_users` int(11) DEFAULT NULL,
  `status_district` int(11) DEFAULT NULL,
  `preparation_deadline_first_draft` date NOT NULL,
  `submission_deadline` date NOT NULL,
  `consolidation_deadline` date NOT NULL,
  `review_deadline` date NOT NULL,
  `preparation_deadline_second_draft` date NOT NULL,
  `review_deadline_pco` date NOT NULL,
  `finalisation_deadline_pco` date NOT NULL,
  `submission_deadline_moa_mfl` date NOT NULL,
  `approval_deadline_jpsc` date NOT NULL,
  `incorpation_deadline_pco_moa_mfl` date NOT NULL,
  `submission_deadline_ifad` date NOT NULL,
  `comment_deadline_ifad` date NOT NULL,
  `distribution_deadline` date NOT NULL,
  `created_at` int(11) unsigned NOT NULL,
  `updated_at` int(11) unsigned NOT NULL,
  `created_by` int(11) DEFAULT NULL,
  `updated_by` int(11) DEFAULT NULL,
  PRIMARY KEY (`id`),
  UNIQUE KEY `fiscal_year` (`fiscal_year`)
) ENGINE=InnoDB AUTO_INCREMENT=34 DEFAULT CHARSET=utf8mb4;
/*!40101 SET character_set_client = @saved_cs_client */;

--
-- Dumping data for table `awpb_template`
--

LOCK TABLES `awpb_template` WRITE;
/*!40000 ALTER TABLE `awpb_template` DISABLE KEYS */;
INSERT INTO `awpb_template` VALUES (1,2001,'nnnn 56666','Hi Hi Googogo','2001-AWPB-Guidelines.pdf',3,NULL,NULL,NULL,NULL,'0000-00-00','0000-00-00','0000-00-00','0000-00-00','0000-00-00','0000-00-00','0000-00-00','0000-00-00','0000-00-00','0000-00-00','0000-00-00','0000-00-00','0000-00-00',1609964565,1627761589,14,14),(2,2000,'Tetstst','Testst7778',NULL,3,NULL,NULL,NULL,NULL,'0000-00-00','0000-00-00','0000-00-00','0000-00-00','0000-00-00','0000-00-00','0000-00-00','0000-00-00','0000-00-00','0000-00-00','0000-00-00','0000-00-00','0000-00-00',1609964703,1621939469,14,14),(3,2004,'2002','2002','',3,NULL,NULL,NULL,NULL,'0000-00-00','0000-00-00','0000-00-00','0000-00-00','0000-00-00','0000-00-00','0000-00-00','0000-00-00','0000-00-00','0000-00-00','0000-00-00','0000-00-00','0000-00-00',1609965221,1621939469,14,14),(4,2003,'bb','bb',NULL,3,NULL,NULL,NULL,NULL,'0000-00-00','0000-00-00','0000-00-00','0000-00-00','0000-00-00','0000-00-00','0000-00-00','0000-00-00','0000-00-00','0000-00-00','0000-00-00','0000-00-00','0000-00-00',1609968491,1621939469,14,14),(5,2005,'bb','bb',NULL,3,NULL,NULL,NULL,NULL,'0000-00-00','0000-00-00','0000-00-00','0000-00-00','0000-00-00','0000-00-00','0000-00-00','0000-00-00','0000-00-00','0000-00-00','0000-00-00','0000-00-00','0000-00-00',1609968527,1621939469,14,14),(6,2006,'ffff','fff',NULL,3,NULL,NULL,NULL,NULL,'0000-00-00','0000-00-00','0000-00-00','0000-00-00','0000-00-00','0000-00-00','0000-00-00','0000-00-00','0000-00-00','0000-00-00','0000-00-00','0000-00-00','0000-00-00',1609968637,1621939469,14,14),(7,1980,'ttt','gg',NULL,3,NULL,NULL,NULL,NULL,'0000-00-00','0000-00-00','0000-00-00','0000-00-00','0000-00-00','0000-00-00','0000-00-00','0000-00-00','0000-00-00','0000-00-00','0000-00-00','0000-00-00','0000-00-00',1610000838,1621939469,14,14),(8,1981,'ttt','gg',NULL,3,NULL,NULL,NULL,NULL,'0000-00-00','0000-00-00','0000-00-00','0000-00-00','0000-00-00','0000-00-00','0000-00-00','0000-00-00','0000-00-00','0000-00-00','0000-00-00','0000-00-00','0000-00-00',1610000993,1621939469,14,14),(9,1983,'ttt','gg',NULL,3,NULL,NULL,NULL,NULL,'0000-00-00','0000-00-00','0000-00-00','0000-00-00','0000-00-00','0000-00-00','0000-00-00','0000-00-00','0000-00-00','0000-00-00','0000-00-00','0000-00-00','0000-00-00',1610001015,1621939469,14,14),(10,1982,'ttt','gg',NULL,3,NULL,NULL,NULL,NULL,'0000-00-00','0000-00-00','0000-00-00','0000-00-00','0000-00-00','0000-00-00','0000-00-00','0000-00-00','0000-00-00','0000-00-00','0000-00-00','0000-00-00','0000-00-00',1610001129,1621939469,14,14),(11,1984,'ttt','gg',NULL,3,NULL,NULL,NULL,NULL,'0000-00-00','0000-00-00','0000-00-00','0000-00-00','0000-00-00','0000-00-00','0000-00-00','0000-00-00','0000-00-00','0000-00-00','0000-00-00','0000-00-00','0000-00-00',1610001215,1621939469,14,14),(12,1985,'ttt','gg',NULL,3,NULL,NULL,NULL,NULL,'0000-00-00','0000-00-00','0000-00-00','0000-00-00','0000-00-00','0000-00-00','0000-00-00','0000-00-00','0000-00-00','0000-00-00','0000-00-00','0000-00-00','0000-00-00',1610001405,1621939469,14,14),(13,1986,'ttt','gg',NULL,3,NULL,NULL,NULL,NULL,'0000-00-00','0000-00-00','0000-00-00','0000-00-00','0000-00-00','0000-00-00','0000-00-00','0000-00-00','0000-00-00','0000-00-00','0000-00-00','0000-00-00','0000-00-00',1610001587,1621939469,14,14),(14,1987,'ttt','gg',NULL,3,NULL,NULL,NULL,NULL,'0000-00-00','0000-00-00','0000-00-00','0000-00-00','0000-00-00','0000-00-00','0000-00-00','0000-00-00','0000-00-00','0000-00-00','0000-00-00','0000-00-00','0000-00-00',1610001883,1621939469,14,14),(15,1988,'ttt','gg',NULL,3,NULL,NULL,NULL,NULL,'0000-00-00','0000-00-00','0000-00-00','0000-00-00','0000-00-00','0000-00-00','0000-00-00','0000-00-00','0000-00-00','0000-00-00','0000-00-00','0000-00-00','0000-00-00',1610001985,1621939469,14,14),(16,1989,'ttt','gg',NULL,3,NULL,NULL,NULL,NULL,'0000-00-00','0000-00-00','0000-00-00','0000-00-00','0000-00-00','0000-00-00','0000-00-00','0000-00-00','0000-00-00','0000-00-00','0000-00-00','0000-00-00','0000-00-00',1610002209,1621939469,14,14),(17,1910,'ttt','gg',NULL,3,NULL,NULL,NULL,NULL,'0000-00-00','0000-00-00','0000-00-00','0000-00-00','0000-00-00','0000-00-00','0000-00-00','0000-00-00','0000-00-00','0000-00-00','0000-00-00','0000-00-00','0000-00-00',1610002266,1621939469,14,14),(18,1911,'ttt','gg',NULL,3,NULL,NULL,NULL,NULL,'0000-00-00','0000-00-00','0000-00-00','0000-00-00','0000-00-00','0000-00-00','0000-00-00','0000-00-00','0000-00-00','0000-00-00','0000-00-00','0000-00-00','0000-00-00',1610002642,1621939469,14,14),(19,1912,'2','2',NULL,3,NULL,NULL,NULL,NULL,'0000-00-00','0000-00-00','0000-00-00','0000-00-00','0000-00-00','0000-00-00','0000-00-00','0000-00-00','0000-00-00','0000-00-00','0000-00-00','0000-00-00','0000-00-00',1610007825,1621939469,14,14),(21,1915,'2','2',NULL,3,NULL,NULL,NULL,NULL,'0000-00-00','0000-00-00','0000-00-00','0000-00-00','0000-00-00','0000-00-00','0000-00-00','0000-00-00','0000-00-00','0000-00-00','0000-00-00','0000-00-00','0000-00-00',1610008326,1621939469,14,14),(22,1916,'2','2',NULL,3,NULL,NULL,NULL,NULL,'0000-00-00','0000-00-00','0000-00-00','0000-00-00','0000-00-00','0000-00-00','0000-00-00','0000-00-00','0000-00-00','0000-00-00','0000-00-00','0000-00-00','0000-00-00',1610008412,1621939469,14,14),(23,1917,'2','2',NULL,3,NULL,NULL,NULL,NULL,'0000-00-00','0000-00-00','0000-00-00','0000-00-00','0000-00-00','0000-00-00','0000-00-00','0000-00-00','0000-00-00','0000-00-00','0000-00-00','0000-00-00','0000-00-00',1610008552,1621939469,14,14),(24,1918,'2','2',NULL,3,NULL,NULL,NULL,NULL,'0000-00-00','0000-00-00','0000-00-00','0000-00-00','0000-00-00','0000-00-00','0000-00-00','0000-00-00','0000-00-00','0000-00-00','0000-00-00','0000-00-00','0000-00-00',1610008748,1621939469,14,14),(25,1803,'1803666','180366','1803-AWPB-Guidelines.pdf',3,NULL,NULL,NULL,NULL,'0000-00-00','0000-00-00','0000-00-00','0000-00-00','0000-00-00','0000-00-00','0000-00-00','0000-00-00','0000-00-00','0000-00-00','0000-00-00','0000-00-00','0000-00-00',1610039971,1621939469,14,14),(26,1804,'25666','2566','',3,NULL,NULL,NULL,NULL,'0000-00-00','0000-00-00','0000-00-00','0000-00-00','0000-00-00','0000-00-00','0000-00-00','0000-00-00','0000-00-00','0000-00-00','0000-00-00','0000-00-00','0000-00-00',1610040425,1621939470,14,14),(27,1805,'lllll','llllll','1805-AWPB-Guidelines.pdf',3,NULL,NULL,NULL,NULL,'0000-00-00','0000-00-00','0000-00-00','0000-00-00','0000-00-00','0000-00-00','0000-00-00','0000-00-00','0000-00-00','0000-00-00','0000-00-00','0000-00-00','0000-00-00',1610040775,1621939470,14,14),(28,1856,'nsnsn','nnnnn','1856-AWPB-Guidelines.pdf',3,NULL,NULL,NULL,NULL,'0000-00-00','0000-00-00','0000-00-00','0000-00-00','0000-00-00','0000-00-00','0000-00-00','0000-00-00','0000-00-00','0000-00-00','0000-00-00','0000-00-00','0000-00-00',1610968426,1621939470,14,14),(29,2020,'Farming as a Business','Business is the way to go','2020-AWPB-Guidelines.pdf',3,NULL,NULL,NULL,NULL,'0000-00-00','0000-00-00','0000-00-00','0000-00-00','0000-00-00','0000-00-00','0000-00-00','0000-00-00','0000-00-00','0000-00-00','0000-00-00','0000-00-00','0000-00-00',1610986059,1621939470,14,14),(31,1970,'1970','1970','1970-AWPB-Guidelines.pdf',3,NULL,NULL,NULL,NULL,'0000-00-00','0000-00-00','0000-00-00','0000-00-00','0000-00-00','0000-00-00','0000-00-00','0000-00-00','0000-00-00','0000-00-00','0000-00-00','0000-00-00','0000-00-00',1611785873,1611786373,10,10),(32,2022,'2022','2022','2022-AWPB-Guidelines.pdf',1,1,1,1,1,'2021-11-28','2021-12-15','2021-12-31','0000-00-00','0000-00-00','0000-00-00','0000-00-00','0000-00-00','0000-00-00','0000-00-00','0000-00-00','0000-00-00','0000-00-00',1611786373,1628395654,10,14),(33,2021,'2021','2021','2021-AWPB-Guidelines.pdf',2,1,1,1,1,'2021-07-09','2021-07-16','2021-07-30','2021-08-30','2021-09-15','2021-09-30','2021-10-14','2021-11-01','2021-11-08','2021-11-15','2021-11-29','2021-10-21','2021-10-28',1621939470,1627767618,14,14);
/*!40000 ALTER TABLE `awpb_template` ENABLE KEYS */;
UNLOCK TABLES;

--
-- Table structure for table `awpb_template_activity`
--

DROP TABLE IF EXISTS `awpb_template_activity`;
/*!40101 SET @saved_cs_client     = @@character_set_client */;
/*!40101 SET character_set_client = utf8 */;
CREATE TABLE `awpb_template_activity` (
  `id` int(11) NOT NULL AUTO_INCREMENT,
  `activity_id` int(11) NOT NULL,
  `activity_code` varchar(10) NOT NULL,
  `name` varchar(100) NOT NULL,
  `component_id` int(11) DEFAULT NULL,
  `outcome_id` int(11) DEFAULT NULL,
  `output_id` int(11) DEFAULT NULL,
  `awpb_template_id` int(11) NOT NULL,
  `funder_id` int(11) DEFAULT NULL,
  `expense_category_id` int(11) DEFAULT NULL,
  `status` int(11) NOT NULL DEFAULT 0,
  `ifad` double DEFAULT NULL,
  `ifad_grant` double DEFAULT NULL,
  `grz` double DEFAULT NULL,
  `beneficiaries` double DEFAULT NULL,
  `private_sector` double DEFAULT NULL,
  `iapri` double DEFAULT NULL,
  `parm` double DEFAULT NULL,
  `ifad_amount` double DEFAULT NULL,
  `ifad_grant_amount` double DEFAULT NULL,
  `grz_amount` double DEFAULT NULL,
  `beneficiaries_amount` double DEFAULT NULL,
  `private_sector_amount` double DEFAULT NULL,
  `iapri_amount` double DEFAULT NULL,
  `parm_amount` double DEFAULT NULL,
  `mo_1_amount` double DEFAULT NULL,
  `mo_2_amount` double DEFAULT NULL,
  `mo_3_amount` double DEFAULT NULL,
  `mo_4_amount` double DEFAULT NULL,
  `mo_5_amount` double DEFAULT NULL,
  `mo_6_amount` double DEFAULT NULL,
  `mo_7_amount` double DEFAULT NULL,
  `mo_8_amount` double DEFAULT NULL,
  `mo_9_amount` double DEFAULT NULL,
  `mo_10_amount` double DEFAULT NULL,
  `mo_11_amount` double DEFAULT NULL,
  `mo_12_amount` double DEFAULT NULL,
  `quarter_one_amount` double DEFAULT NULL,
  `quarter_two_amount` double DEFAULT NULL,
  `quarter_three_amount` double DEFAULT NULL,
  `quarter_four_amount` double DEFAULT NULL,
  `budget_amount` double DEFAULT NULL,
  `access_level_district` int(11) DEFAULT NULL,
  `access_level_province` int(11) DEFAULT NULL,
  `access_level_programme` int(11) DEFAULT NULL,
  `created_at` int(11) unsigned NOT NULL,
  `updated_at` int(11) unsigned NOT NULL,
  `created_by` int(11) DEFAULT NULL,
  `updated_by` int(11) DEFAULT NULL,
  PRIMARY KEY (`id`),
  KEY `component_id` (`component_id`),
  KEY `expense_category_id` (`expense_category_id`),
  KEY `awpb_template_id` (`awpb_template_id`),
  KEY `activity_code` (`activity_id`) USING BTREE,
  KEY `funder_id` (`funder_id`),
  KEY `outcome_id` (`outcome_id`),
  KEY `output_id` (`output_id`),
  CONSTRAINT `awpb_template_activity_ibfk_1` FOREIGN KEY (`activity_id`) REFERENCES `awpb_activity` (`id`),
  CONSTRAINT `awpb_template_activity_ibfk_2` FOREIGN KEY (`awpb_template_id`) REFERENCES `awpb_template` (`id`),
  CONSTRAINT `awpb_template_activity_ibfk_3` FOREIGN KEY (`component_id`) REFERENCES `awpb_component` (`id`)
) ENGINE=InnoDB AUTO_INCREMENT=257 DEFAULT CHARSET=utf8mb4;
/*!40101 SET character_set_client = @saved_cs_client */;

--
-- Dumping data for table `awpb_template_activity`
--

LOCK TABLES `awpb_template_activity` WRITE;
/*!40000 ALTER TABLE `awpb_template_activity` DISABLE KEYS */;
INSERT INTO `awpb_template_activity` VALUES (184,95,'1.1.A2','Provincial Validation of the ZNAD',42,NULL,1,33,NULL,NULL,1,10,10,10,10,10,10,40,0,0,0,0,0,0,0,NULL,NULL,NULL,NULL,NULL,NULL,NULL,NULL,NULL,NULL,NULL,NULL,NULL,NULL,NULL,NULL,NULL,0,0,1,1626257224,1626257224,NULL,14),(185,96,'1.1.A1','Drafting of the ZNADS',42,NULL,1,33,NULL,NULL,0,10,20,10,10,10,10,30,0,0,0,0,0,0,0,NULL,NULL,NULL,NULL,NULL,NULL,NULL,NULL,NULL,NULL,NULL,NULL,NULL,NULL,NULL,NULL,NULL,0,0,1,1626257225,1626257225,NULL,NULL),(186,102,'1.1.A3','ZNADS launch',42,NULL,1,33,NULL,NULL,0,50,10,40,NULL,NULL,NULL,NULL,0,0,0,0,0,0,0,NULL,NULL,NULL,NULL,NULL,NULL,NULL,NULL,NULL,NULL,NULL,NULL,NULL,NULL,NULL,NULL,NULL,0,0,1,1626257225,1626257225,NULL,NULL),(187,99,'1.1.B1','Dissemination of the Strategy    ',42,NULL,1,33,NULL,NULL,0,60,10,10,10,10,NULL,NULL,0,0,0,0,0,0,0,NULL,NULL,NULL,NULL,NULL,NULL,NULL,NULL,NULL,NULL,NULL,NULL,NULL,NULL,NULL,NULL,NULL,0,0,1,1626257225,1626257225,NULL,NULL),(188,101,'2.1.A1','Stakeholder Engagement for Phase 2 and 3 Cat. A farmers',44,NULL,2,33,NULL,NULL,0,40,10,10,10,10,10,10,705.6,176.4,176.4,176.4,176.4,176.4,176.4,787.5,945,0,31.5,0,0,0,0,0,0,0,0,1732.5,31.5,0,0,1764,1,0,0,1626257225,1626257225,NULL,NULL),(189,117,'2.1.A2','VC innovation  multi-stakeholder  engagement meetings',44,NULL,NULL,33,NULL,NULL,0,10,10,20,10,10,20,20,848.426,848.426,1696.852,848.426,848.426,1696.852,1696.852,1577,157.7,189.24,78.85,78.85,31.54,820.04,851.58,1182.75,914.66,1387.76,1214.29,1923.94,189.24,2854.37,3516.71,8484.26,1,0,0,1626257225,1626257225,NULL,NULL),(190,118,'2.1.A3','Technical support(training and mentorship) facilitation  in specialised production ',44,NULL,NULL,33,NULL,NULL,0,20,20,20,10,10,10,10,0,0,0,0,0,0,0,NULL,NULL,NULL,NULL,NULL,NULL,NULL,NULL,NULL,NULL,NULL,NULL,NULL,NULL,NULL,NULL,NULL,1,0,0,1626257225,1626257225,NULL,NULL),(191,119,'2.2.A2','District Review of Applications and PCNs',47,NULL,NULL,33,NULL,NULL,0,20,50,25,2,2,0.8,0.2,0,0,0,0,0,0,0,NULL,NULL,NULL,NULL,NULL,NULL,NULL,NULL,NULL,NULL,NULL,NULL,NULL,NULL,NULL,NULL,NULL,1,0,0,1626257225,1626257225,NULL,NULL),(249,95,'1.1.A2','Provincial Validation of the ZNAD',42,NULL,NULL,32,NULL,NULL,0,NULL,NULL,NULL,NULL,NULL,NULL,NULL,NULL,NULL,NULL,NULL,NULL,NULL,NULL,NULL,NULL,NULL,NULL,NULL,NULL,NULL,NULL,NULL,NULL,NULL,NULL,NULL,NULL,NULL,NULL,NULL,0,0,1,1628395213,1628395213,NULL,NULL),(250,96,'1.1.A1','Drafting of the ZNADS',42,NULL,NULL,32,NULL,NULL,0,NULL,NULL,NULL,NULL,NULL,NULL,NULL,NULL,NULL,NULL,NULL,NULL,NULL,NULL,NULL,NULL,NULL,NULL,NULL,NULL,NULL,NULL,NULL,NULL,NULL,NULL,NULL,NULL,NULL,NULL,NULL,0,0,1,1628395214,1628395214,NULL,NULL),(251,102,'1.1.A3','ZNADS launch',42,NULL,NULL,32,NULL,NULL,0,NULL,NULL,NULL,NULL,NULL,NULL,NULL,NULL,NULL,NULL,NULL,NULL,NULL,NULL,NULL,NULL,NULL,NULL,NULL,NULL,NULL,NULL,NULL,NULL,NULL,NULL,NULL,NULL,NULL,NULL,NULL,0,0,1,1628395218,1628395218,NULL,NULL),(252,99,'1.1.B1','Dissemination of the Strategy    ',42,NULL,NULL,32,NULL,NULL,0,NULL,NULL,NULL,NULL,NULL,NULL,NULL,NULL,NULL,NULL,NULL,NULL,NULL,NULL,NULL,NULL,NULL,NULL,NULL,NULL,NULL,NULL,NULL,NULL,NULL,NULL,NULL,NULL,NULL,NULL,NULL,0,0,1,1628395218,1628395218,NULL,NULL),(253,101,'2.1.A1','Stakeholder Engagement for Phase 2 and 3 Cat. A farmers',44,NULL,NULL,32,NULL,NULL,0,NULL,NULL,NULL,NULL,NULL,NULL,NULL,NULL,NULL,NULL,NULL,NULL,NULL,NULL,NULL,NULL,NULL,NULL,NULL,NULL,NULL,NULL,NULL,NULL,NULL,NULL,NULL,NULL,NULL,NULL,NULL,1,0,0,1628395218,1628395218,NULL,NULL),(254,117,'2.1.A2','VC innovation  multi-stakeholder  engagement meetings',44,NULL,NULL,32,NULL,NULL,0,NULL,NULL,NULL,NULL,NULL,NULL,NULL,NULL,NULL,NULL,NULL,NULL,NULL,NULL,NULL,NULL,NULL,NULL,NULL,NULL,NULL,NULL,NULL,NULL,NULL,NULL,NULL,NULL,NULL,NULL,NULL,1,0,0,1628395218,1628395218,NULL,NULL),(255,118,'2.1.A3','Technical support(training and mentorship) facilitation  in specialised production ',44,NULL,NULL,32,NULL,NULL,0,NULL,NULL,NULL,NULL,NULL,NULL,NULL,NULL,NULL,NULL,NULL,NULL,NULL,NULL,NULL,NULL,NULL,NULL,NULL,NULL,NULL,NULL,NULL,NULL,NULL,NULL,NULL,NULL,NULL,NULL,NULL,1,0,0,1628395218,1628395218,NULL,NULL),(256,119,'2.2.A2','District Review of Applications and PCNs',47,NULL,NULL,32,NULL,NULL,0,NULL,NULL,NULL,NULL,NULL,NULL,NULL,NULL,NULL,NULL,NULL,NULL,NULL,NULL,NULL,NULL,NULL,NULL,NULL,NULL,NULL,NULL,NULL,NULL,NULL,NULL,NULL,NULL,NULL,NULL,NULL,1,0,0,1628395218,1628395218,NULL,NULL);
/*!40000 ALTER TABLE `awpb_template_activity` ENABLE KEYS */;
UNLOCK TABLES;

--
-- Table structure for table `awpb_template_component`
--

DROP TABLE IF EXISTS `awpb_template_component`;
/*!40101 SET @saved_cs_client     = @@character_set_client */;
/*!40101 SET character_set_client = utf8 */;
CREATE TABLE `awpb_template_component` (
  `id` int(11) unsigned NOT NULL AUTO_INCREMENT,
  `awpb_template_id` int(11) NOT NULL,
  `component_id` int(11) NOT NULL,
  `name` varchar(255) DEFAULT NULL,
  `status` int(11) NOT NULL,
  `created_at` int(11) unsigned NOT NULL,
  `updated_at` int(11) unsigned NOT NULL,
  `created_by` int(11) DEFAULT NULL,
  `updated_by` int(11) DEFAULT NULL,
  PRIMARY KEY (`id`),
  KEY `awpb_template_id` (`awpb_template_id`)
) ENGINE=InnoDB AUTO_INCREMENT=4 DEFAULT CHARSET=utf8;
/*!40101 SET character_set_client = @saved_cs_client */;

--
-- Dumping data for table `awpb_template_component`
--

LOCK TABLES `awpb_template_component` WRITE;
/*!40000 ALTER TABLE `awpb_template_component` DISABLE KEYS */;
INSERT INTO `awpb_template_component` VALUES (1,32,42,NULL,4,0,0,14,14),(2,32,44,NULL,4,0,0,14,14),(3,32,47,NULL,4,0,0,14,14);
/*!40000 ALTER TABLE `awpb_template_component` ENABLE KEYS */;
UNLOCK TABLES;

--
-- Table structure for table `awpb_template_users`
--

DROP TABLE IF EXISTS `awpb_template_users`;
/*!40101 SET @saved_cs_client     = @@character_set_client */;
/*!40101 SET character_set_client = utf8 */;
CREATE TABLE `awpb_template_users` (
  `id` int(11) NOT NULL AUTO_INCREMENT,
  `user_id` int(11) NOT NULL,
  `awpb_template_id` int(11) NOT NULL,
  `status_budget` int(11) NOT NULL,
  `first_name` varchar(255) NOT NULL,
  `last_name` varchar(255) NOT NULL,
  `other_name` varchar(255) DEFAULT '',
  `title` varchar(10) DEFAULT '',
  `updated_by` int(11) DEFAULT NULL,
  `created_by` int(11) DEFAULT NULL,
  `created_at` int(11) unsigned NOT NULL,
  `updated_at` int(11) unsigned NOT NULL,
  PRIMARY KEY (`id`),
  KEY `user_id` (`user_id`),
  KEY `awpb_template_id` (`awpb_template_id`),
  CONSTRAINT `awpb_template_users_ibfk_1` FOREIGN KEY (`user_id`) REFERENCES `users` (`id`),
  CONSTRAINT `awpb_template_users_ibfk_2` FOREIGN KEY (`awpb_template_id`) REFERENCES `awpb_template` (`id`)
) ENGINE=InnoDB AUTO_INCREMENT=91 DEFAULT CHARSET=utf8;
/*!40101 SET character_set_client = @saved_cs_client */;

--
-- Dumping data for table `awpb_template_users`
--

LOCK TABLES `awpb_template_users` WRITE;
/*!40000 ALTER TABLE `awpb_template_users` DISABLE KEYS */;
INSERT INTO `awpb_template_users` VALUES (66,5,33,4,'Chulu','Francis','','Mr.',14,14,1622156509,1628418506),(67,1,33,4,'Francis','Chulu','','Mr.',14,14,1622156509,1628418506),(68,16,33,4,'Ministry','Malambo','','Mr.',14,14,1622156509,1628418506),(69,15,33,4,'PCO','Chiwamba','','Mr.',14,14,1622156509,1628418506),(70,13,33,4,'Simon','Simon','','Mr.',14,14,1622156509,1628418506),(71,12,33,4,'Simon','Chiwamba','Hawatichke','Mr.',14,14,1622156509,1628418506),(72,14,33,4,'Simon','Chiwamba','Hawatichke','Mr.',14,14,1622156509,1628418506),(73,9,33,4,'Test','Test','','Mr.',14,14,1622156509,1628418506),(74,10,33,4,'test','Test','','Mr.',14,14,1622156510,1628418506),(75,17,33,4,'Cost Centre','PW','','Ms.',14,14,1622156510,1628418506),(83,5,32,4,'Chulu','Francis','','Mr.',14,14,1627760404,1628418506),(84,18,32,4,'District','Officer','','Mr.',14,14,1627760405,1628418506),(85,16,32,4,'Ministry','Malambo','','Mr.',14,14,1627760405,1628418506),(86,15,32,4,'PCO','Chiwamba','','Mr.',14,14,1627760405,1628418506),(87,12,32,4,'Provincial','Officer','','Mr.',14,14,1627760405,1628418507),(88,13,32,4,'Simon','Simon','','Mr.',14,14,1627760405,1628418507),(89,14,32,4,'Simon','Chiwamba','Hawatichke','Mr.',14,14,1627760405,1628418507),(90,17,32,4,'Cost Centre','PW','','Ms.',14,14,1627760405,1628418507);
/*!40000 ALTER TABLE `awpb_template_users` ENABLE KEYS */;
UNLOCK TABLES;

--
-- Table structure for table `awpb_unit_of_measure`
--

DROP TABLE IF EXISTS `awpb_unit_of_measure`;
/*!40101 SET @saved_cs_client     = @@character_set_client */;
/*!40101 SET character_set_client = utf8 */;
CREATE TABLE `awpb_unit_of_measure` (
  `id` int(11) NOT NULL AUTO_INCREMENT,
  `name` varchar(40) NOT NULL,
  `status` int(11) NOT NULL,
  `created_by` int(11) NOT NULL,
  `created_at` int(11) NOT NULL,
  `updated_by` int(11) NOT NULL,
  `updated_at` int(11) NOT NULL,
  PRIMARY KEY (`id`),
  UNIQUE KEY `name` (`name`)
) ENGINE=InnoDB AUTO_INCREMENT=14 DEFAULT CHARSET=utf8mb4;
/*!40101 SET character_set_client = @saved_cs_client */;

--
-- Dumping data for table `awpb_unit_of_measure`
--

LOCK TABLES `awpb_unit_of_measure` WRITE;
/*!40000 ALTER TABLE `awpb_unit_of_measure` DISABLE KEYS */;
INSERT INTO `awpb_unit_of_measure` VALUES (1,'Number',1,0,0,0,0),(2,'Kilograms',1,0,0,0,0),(3,'Percentage',1,0,0,0,0),(4,'Litre',0,0,0,0,0),(10,'US$',1,1625094518,1625094518,2,2),(11,'ZMW',1,1625094518,1625094518,2,2),(12,'Various',1,1625094518,1625094518,2,2),(13,'Night',1,1625094518,1625094518,2,2);
/*!40000 ALTER TABLE `awpb_unit_of_measure` ENABLE KEYS */;
UNLOCK TABLES;

--
-- Table structure for table `camp`
--

DROP TABLE IF EXISTS `camp`;
/*!40101 SET @saved_cs_client     = @@character_set_client */;
/*!40101 SET character_set_client = utf8 */;
CREATE TABLE `camp` (
  `id` int(11) unsigned NOT NULL AUTO_INCREMENT,
  `district_id` int(11) unsigned NOT NULL,
  `name` varchar(255) NOT NULL,
  `description` text DEFAULT NULL,
  `latitude` varchar(30) DEFAULT NULL,
  `longitude` varchar(30) DEFAULT NULL,
  `created_at` int(11) unsigned NOT NULL,
  `updated_at` int(11) unsigned NOT NULL,
  `created_by` int(11) DEFAULT NULL,
  `updated_by` int(11) DEFAULT NULL,
  PRIMARY KEY (`id`),
  KEY `fk_camp_1_idx` (`district_id`),
  CONSTRAINT `fk_camp_1` FOREIGN KEY (`district_id`) REFERENCES `district` (`id`) ON DELETE NO ACTION ON UPDATE NO ACTION
) ENGINE=InnoDB AUTO_INCREMENT=8 DEFAULT CHARSET=latin1;
/*!40101 SET character_set_client = @saved_cs_client */;

--
-- Dumping data for table `camp`
--

LOCK TABLES `camp` WRITE;
/*!40000 ALTER TABLE `camp` DISABLE KEYS */;
INSERT INTO `camp` VALUES (5,2,'Camp two',NULL,NULL,NULL,1607263313,1607263313,1,1),(6,42,'Camp three',NULL,NULL,NULL,1607263313,1607263313,1,1),(7,42,'Camp four',NULL,NULL,NULL,1607263313,1607263313,1,1);
/*!40000 ALTER TABLE `camp` ENABLE KEYS */;
UNLOCK TABLES;

--
-- Table structure for table `commodity_category`
--

DROP TABLE IF EXISTS `commodity_category`;
/*!40101 SET @saved_cs_client     = @@character_set_client */;
/*!40101 SET character_set_client = utf8 */;
CREATE TABLE `commodity_category` (
  `id` int(10) unsigned NOT NULL AUTO_INCREMENT,
  `name` varchar(255) NOT NULL,
  `description` text DEFAULT NULL,
  `created_at` int(11) unsigned NOT NULL,
  `updated_at` int(11) unsigned NOT NULL,
  `created_by` int(11) DEFAULT NULL,
  `updated_by` int(11) DEFAULT NULL,
  PRIMARY KEY (`id`)
) ENGINE=InnoDB AUTO_INCREMENT=5 DEFAULT CHARSET=latin1;
/*!40101 SET character_set_client = @saved_cs_client */;

--
-- Dumping data for table `commodity_category`
--

LOCK TABLES `commodity_category` WRITE;
/*!40000 ALTER TABLE `commodity_category` DISABLE KEYS */;
INSERT INTO `commodity_category` VALUES (2,'Farming inputs','The resources that are used in farm production, such as chemicals, equipment, feed, seed, and energy ',1607417556,1607419333,1,1),(3,'Farm outputs','Farm outputs such as maize, groundnuts\r\n',1607417638,1607447942,1,1),(4,'Farm output by-products',NULL,1607447921,1607585616,1,1);
/*!40000 ALTER TABLE `commodity_category` ENABLE KEYS */;
UNLOCK TABLES;

--
-- Table structure for table `commodity_price_collection`
--

DROP TABLE IF EXISTS `commodity_price_collection`;
/*!40101 SET @saved_cs_client     = @@character_set_client */;
/*!40101 SET character_set_client = utf8 */;
CREATE TABLE `commodity_price_collection` (
  `id` int(10) unsigned NOT NULL AUTO_INCREMENT,
  `district` int(11) unsigned NOT NULL,
  `market_id` int(11) unsigned NOT NULL,
  `commodity_type_id` int(11) unsigned NOT NULL,
  `price_level_id` int(11) unsigned NOT NULL,
  `unit_of_measure` varchar(45) DEFAULT NULL,
  `price` double(10,2) NOT NULL,
  `description` text DEFAULT NULL,
  `month` varchar(3) NOT NULL,
  `year` varchar(11) NOT NULL,
  `created_at` int(11) unsigned NOT NULL,
  `updated_at` int(11) unsigned NOT NULL,
  `created_by` int(11) DEFAULT NULL,
  `updated_by` int(11) DEFAULT NULL,
  PRIMARY KEY (`id`),
  KEY `fk_commodity_price_collection_2_idx` (`price_level_id`),
  KEY `fk_commodity_price_collection_4_idx` (`commodity_type_id`),
  KEY `fk_commodity_price_collection_3_idx` (`market_id`),
  KEY `fk_commodity_price_collection_1_idx` (`district`),
  CONSTRAINT `fk_commodity_price_collection_1` FOREIGN KEY (`district`) REFERENCES `district` (`id`) ON DELETE NO ACTION ON UPDATE NO ACTION,
  CONSTRAINT `fk_commodity_price_collection_2` FOREIGN KEY (`price_level_id`) REFERENCES `commodity_price_level` (`id`) ON DELETE NO ACTION ON UPDATE NO ACTION,
  CONSTRAINT `fk_commodity_price_collection_3` FOREIGN KEY (`market_id`) REFERENCES `market` (`id`) ON DELETE NO ACTION ON UPDATE NO ACTION,
  CONSTRAINT `fk_commodity_price_collection_4` FOREIGN KEY (`commodity_type_id`) REFERENCES `commodity_type` (`id`) ON DELETE NO ACTION ON UPDATE NO ACTION
) ENGINE=InnoDB AUTO_INCREMENT=18 DEFAULT CHARSET=latin1;
/*!40101 SET character_set_client = @saved_cs_client */;

--
-- Dumping data for table `commodity_price_collection`
--

LOCK TABLES `commodity_price_collection` WRITE;
/*!40000 ALTER TABLE `commodity_price_collection` DISABLE KEYS */;
INSERT INTO `commodity_price_collection` VALUES (2,1,3,4,3,'2Kg',15.00,NULL,'12','2020',1607626330,1607626330,1,1),(3,1,3,6,3,'10Kg',69.00,NULL,'12','2020',1607627366,1607627366,1,1),(4,1,3,5,3,'25Kg',120.00,NULL,'12','2020',1607627366,1607627366,1,1),(5,1,3,1,3,'2kg',20.00,NULL,'12','2020',1607627366,1607627366,1,1),(6,1,3,2,3,'5kg',25.00,NULL,'12','2020',1607627366,1607627366,1,1),(7,1,3,6,3,'2KG',15.00,NULL,'1','2021',1607627366,1607627366,1,1),(8,1,3,1,3,'2KG',15.00,NULL,'1','2021',1607627366,1607627366,1,1),(9,1,3,3,3,'2KG',15.00,NULL,'1','2021',1607627366,1607627366,1,1),(10,1,3,4,3,'5KG',25.00,NULL,'1','2021',1607627366,1607627366,1,1),(11,1,3,5,3,'10KG',50.00,NULL,'1','2021',1607627366,1607627366,1,1),(12,1,3,3,3,'10KG',30.00,NULL,'1','2021',1607627366,1607627366,1,1),(13,2,4,2,3,'2Kg',2.00,NULL,'1','2021',1611076848,1611076848,10,10),(14,2,4,2,3,'15KG',20.00,NULL,'2','2021',1614013880,1614013880,10,10),(15,2,4,11,3,'10kg',20.00,NULL,'10','2021',1614013941,1614013941,10,10),(16,2,4,11,3,'10KG',20.00,NULL,'2','2021',1614071294,1614071294,10,10),(17,2,4,5,3,'25Kg',100.00,NULL,'2','2021',1614071294,1614071294,10,10);
/*!40000 ALTER TABLE `commodity_price_collection` ENABLE KEYS */;
UNLOCK TABLES;

--
-- Table structure for table `commodity_price_level`
--

DROP TABLE IF EXISTS `commodity_price_level`;
/*!40101 SET @saved_cs_client     = @@character_set_client */;
/*!40101 SET character_set_client = utf8 */;
CREATE TABLE `commodity_price_level` (
  `id` int(10) unsigned NOT NULL AUTO_INCREMENT,
  `level` varchar(45) NOT NULL,
  `description` text DEFAULT NULL,
  `created_at` int(11) unsigned NOT NULL,
  `updated_at` int(11) unsigned NOT NULL,
  `created_by` int(11) DEFAULT NULL,
  `updated_by` int(11) DEFAULT NULL,
  PRIMARY KEY (`id`)
) ENGINE=InnoDB AUTO_INCREMENT=4 DEFAULT CHARSET=latin1;
/*!40101 SET character_set_client = @saved_cs_client */;

--
-- Dumping data for table `commodity_price_level`
--

LOCK TABLES `commodity_price_level` WRITE;
/*!40000 ALTER TABLE `commodity_price_level` DISABLE KEYS */;
INSERT INTO `commodity_price_level` VALUES (1,'Farm gate','Farm gate',1568287523,1568287523,NULL,1),(2,'Wholesale',NULL,1568287523,1568287523,NULL,NULL),(3,'Retail',NULL,1568287523,1568287523,NULL,NULL);
/*!40000 ALTER TABLE `commodity_price_level` ENABLE KEYS */;
UNLOCK TABLES;

--
-- Table structure for table `commodity_type`
--

DROP TABLE IF EXISTS `commodity_type`;
/*!40101 SET @saved_cs_client     = @@character_set_client */;
/*!40101 SET character_set_client = utf8 */;
CREATE TABLE `commodity_type` (
  `id` int(10) unsigned NOT NULL AUTO_INCREMENT,
  `category_id` int(11) unsigned NOT NULL,
  `name` varchar(255) NOT NULL,
  `created_at` int(11) unsigned NOT NULL,
  `updated_at` int(11) unsigned NOT NULL,
  `created_by` int(11) DEFAULT NULL,
  `updated_by` int(11) DEFAULT NULL,
  PRIMARY KEY (`id`),
  KEY `fk_commodity_type_1_idx` (`category_id`),
  CONSTRAINT `fk_commodity_type_1` FOREIGN KEY (`category_id`) REFERENCES `commodity_category` (`id`) ON DELETE NO ACTION ON UPDATE NO ACTION
) ENGINE=InnoDB AUTO_INCREMENT=12 DEFAULT CHARSET=latin1;
/*!40101 SET character_set_client = @saved_cs_client */;

--
-- Dumping data for table `commodity_type`
--

LOCK TABLES `commodity_type` WRITE;
/*!40000 ALTER TABLE `commodity_type` DISABLE KEYS */;
INSERT INTO `commodity_type` VALUES (1,3,'Maize',1607446739,1607447798,1,1),(2,3,'Soya beans',1607447814,1607447814,1,1),(3,3,'Groundnuts',1607447827,1607447827,1,1),(4,3,'Rice',1607447871,1607447871,1,1),(5,4,'Mealie meal',1607447890,1607447952,1,1),(6,4,'Roller meal',1607447902,1607447956,1,1),(7,2,'Maize Seed',1607447971,1607447971,1,1),(8,2,'Groundnut seed',1607447992,1607447992,1,1),(9,2,'Rice seed',1607448004,1607448004,1,1),(10,2,'D-Compound',1607448021,1607448021,1,1),(11,2,'Urea',1607448041,1607448041,1,1);
/*!40000 ALTER TABLE `commodity_type` ENABLE KEYS */;
UNLOCK TABLES;

--
-- Table structure for table `district`
--

DROP TABLE IF EXISTS `district`;
/*!40101 SET @saved_cs_client     = @@character_set_client */;
/*!40101 SET character_set_client = utf8 */;
CREATE TABLE `district` (
  `id` int(11) unsigned NOT NULL AUTO_INCREMENT,
  `province_id` int(11) unsigned NOT NULL,
  `name` varchar(255) NOT NULL,
  `lat` varchar(20) DEFAULT NULL,
  `long` varchar(20) DEFAULT NULL,
  `created_at` int(11) unsigned NOT NULL,
  `updated_at` int(11) unsigned NOT NULL,
  `created_by` int(11) DEFAULT NULL,
  `updated_by` int(11) DEFAULT NULL,
  PRIMARY KEY (`id`),
  KEY `fk_district_province` (`province_id`),
  CONSTRAINT `fk_district_province` FOREIGN KEY (`province_id`) REFERENCES `province` (`id`)
) ENGINE=InnoDB AUTO_INCREMENT=119 DEFAULT CHARSET=utf8;
/*!40101 SET character_set_client = @saved_cs_client */;

--
-- Dumping data for table `district`
--

LOCK TABLES `district` WRITE;
/*!40000 ALTER TABLE `district` DISABLE KEYS */;
INSERT INTO `district` VALUES (1,1,'Chisamba','-14.982045','28.377941',0,1607257385,NULL,1),(2,1,'Chibombo','-14.659314','28.080540',0,0,NULL,NULL),(3,1,'Chitambo','-12.226766','30.050454',0,0,NULL,NULL),(4,1,'Itezhi-Tezhi','-15.600785','25.903189',0,0,NULL,NULL),(5,1,'Mkushi','-13.618959','29.395959',0,0,NULL,NULL),(6,1,'Mumbwa','-14.983506','27.062202',0,0,NULL,NULL),(7,1,'Kabwe','-14.435119','28.449286',0,0,NULL,NULL),(8,1,'Kapiri Mposhi','-13.965676','28.679295',0,0,NULL,NULL),(9,1,'Luano','-14.115876','30.165637',0,0,NULL,NULL),(10,1,'Serenje','-13.230460','30.232615',0,0,NULL,NULL),(11,1,'Ngabwe','-14.083993','27.254295',0,0,NULL,NULL),(12,2,'Lufwanyama','-12.950965','27.410405',0,1607251969,NULL,NULL),(13,2,'Mufulira','-12.547810','28.239540',0,0,NULL,NULL),(14,2,'Kitwe','-12.829186','28.221206',0,0,NULL,NULL),(15,2,'Chililabombwe','-12.369279','27.837037',0,0,NULL,NULL),(16,2,'Kalulushi','-12.841575','28.093685',0,0,NULL,NULL),(17,2,'Ndola','-12.985475','28.641245',0,0,NULL,NULL),(18,2,'Luanshya','-13.143666','28.407905',0,0,NULL,NULL),(19,2,'Mpongwe','-13.512809','28.156596',0,0,NULL,NULL),(20,2,'Chingola','-12.538506','27.863672',0,0,NULL,NULL),(21,2,'Masaiti','-13.260320','28.405731',0,1607362090,NULL,1),(22,3,'Katete','-14.060067','32.044859',0,0,NULL,NULL),(23,3,'Chipata','-13.641016','32.644361',0,0,NULL,NULL),(24,3,'Petauke','-14.247244','31.328673',0,0,NULL,NULL),(25,3,'Lundazi','-12.289583','33.178067',0,0,NULL,NULL),(26,3,'Chadiza','-14.064839','32.436619',0,0,NULL,NULL),(27,3,'Mambwe','-13.212054','31.816900',0,0,NULL,NULL),(28,3,'Nyimba','-14.560282','30.820266',0,0,NULL,NULL),(29,3,'Vubwi','-14.035375','32.869092',0,0,NULL,NULL),(30,3,'Sinda','-14.214009','31.760187',0,0,NULL,NULL),(31,4,'Chiengi','-8.663500','29.160315',0,0,NULL,NULL),(32,4,'Nchelenge','-9.351089','28.739773',0,0,NULL,NULL),(33,4,'Kawambwa','-9.795545','29.074804',0,0,NULL,NULL),(34,4,'Mwense','-10.388397','28.701568',0,0,NULL,NULL),(35,4,'Mansa','-11.187779','28.883424',0,0,NULL,NULL),(36,4,'Samfya','-11.367624','29.554017',0,0,NULL,NULL),(37,4,'Milenge','-11.912971','29.189114',0,0,NULL,NULL),(38,4,'Chembe','-11.952502','28.744292',0,0,NULL,NULL),(39,4,'Lunga','-11.575272','30.102494',0,0,NULL,NULL),(40,4,'Chipili','-10.737772','29.091339',0,0,NULL,NULL),(41,4,'Mwansabombwe','-9.820162','28.763924',0,0,NULL,NULL),(42,5,'Chilanga','-15.567154','28.273961',0,0,NULL,NULL),(43,5,'Chirundu','-16.028711','28.850641',0,0,NULL,NULL),(44,5,'Chongwe','-15.331246','28.677833',0,0,NULL,NULL),(45,5,'Kafue','-15.761006','28.176701',0,0,NULL,NULL),(46,5,'Luangwa','-15.625206','30.402532',0,0,NULL,NULL),(47,5,'Rufunsa','-15.078131','29.634890',0,0,NULL,NULL),(48,5,'Shibuyunji','-15.424570','27.808064',0,0,NULL,NULL),(49,5,'Lusaka','-15.408867','28.333450',0,0,NULL,NULL),(50,6,'Chama','-11.214196','33.154732',0,0,NULL,NULL),(51,6,'Chinsali','-10.544049','32.064843',0,0,NULL,NULL),(52,6,'Isoka','-10.151943','32.635510',0,0,NULL,NULL),(53,6,'Mafinga','-10.239173','33.315920',0,0,NULL,NULL),(54,6,'Mpika','-11.825579','31.448707',0,0,NULL,NULL),(55,6,'Nakonde','-9.329901','32.753227',0,0,NULL,NULL),(56,6,'Shiwang\'andu','-11.230661','31.742384',0,0,NULL,NULL),(57,7,'Chilubi','-11.1534286','29.8948552',0,0,NULL,NULL),(58,7,'Kaputa','-8.4762768','29.6415851',0,0,NULL,NULL),(59,7,'Kasama','-10.2363082','31.143275',0,0,NULL,NULL),(60,7,'Luwingu','-10.6085541','29.3183597',0,0,NULL,NULL),(61,7,'Mbala','-8.8480727','31.3228791',0,0,NULL,NULL),(62,7,'Mporokoso','-9.371369','30.09005',0,0,NULL,NULL),(63,7,'Mpulungu','-8.7692783','31.0999665',0,0,NULL,NULL),(64,7,'Mungwi','-10.1783646','31.3394879',0,0,NULL,NULL),(65,7,'Nsama','-8.8943783','29.9513269',0,0,NULL,NULL),(66,8,'Chavuma','-13.0836162','22.6792037',0,0,NULL,NULL),(67,8,'Ikelenge','-11.2374247','24.2536066',0,0,NULL,NULL),(68,8,'Kabompo','-13.5951014','24.1840838',0,0,NULL,NULL),(69,8,'Kasempa','-13.8025204','25.1080866',0,0,NULL,NULL),(70,8,'Manyinga','-13.3964558','24.3100834',0,0,NULL,NULL),(71,8,'Mufumbwe','-13.6833117','24.7912452',0,0,NULL,NULL),(72,8,'Mwinilunga','-11.7384907','24.4135768',0,0,NULL,NULL),(73,8,'Zambezi','-13.5486671','23.0780261',0,0,NULL,NULL),(74,8,'Solwezi','-12.1689464','26.3574449',0,0,NULL,NULL),(75,9,'Chikankata','-16.2499789','28.1245782',0,0,NULL,NULL),(76,9,'Gwembe','-16.4968365','27.5772712',0,0,NULL,NULL),(77,9,'Kalomo','-17.0311796','26.4632748',0,0,NULL,NULL),(78,9,'Kazungula','-17.7807326','25.2633509',0,0,NULL,NULL),(79,9,'Monze','-16.2782505','27.438872',0,0,NULL,NULL),(80,9,'Namwala','-15.7537827','26.4339638',0,0,NULL,NULL),(81,9,'Pemba','-16.5224626','27.3495196',0,0,NULL,NULL),(82,9,'Siavonga','-16.5344177','28.6961882',0,0,NULL,NULL),(83,9,'Sinazongwe','-17.2282349','27.4392796',0,0,NULL,NULL),(84,9,'Zimba','-17.3155688','26.1730813',0,0,NULL,NULL),(85,9,'Livingstone','-17.8516495','25.8136647',0,0,NULL,NULL),(86,9,'Choma','-16.8065884','26.9398062',0,0,NULL,NULL),(87,9,'Mazabuka','-15.8598383','27.718548',0,0,NULL,NULL),(88,10,'Kalabo','-14.9929965','22.6765537',0,0,NULL,NULL),(89,10,'Kaoma','-14.8178214','24.7662298',0,0,NULL,NULL),(90,10,'Limulunga','-15.1308547','23.1433868',0,0,NULL,NULL),(91,10,'Luampa','-15.063068','24.4033706',0,0,NULL,NULL),(92,10,'Lukulu','-14.4081161','23.257885',0,0,NULL,NULL),(93,10,'Mitete','-14.1333121','22.8579119',0,0,NULL,NULL),(94,10,'Mulobezi','-16.7806905','25.162382',0,0,NULL,NULL),(95,10,'Mwandi','-17.5177437','24.8150758',0,0,NULL,NULL),(96,10,'Nalolo','-15.5396655','23.1134373',0,0,NULL,NULL),(97,10,'Nkeyema','-14.8509307','25.1825476',0,0,NULL,NULL),(98,10,'Senanga','-16.1161414','23.288226',0,0,NULL,NULL),(99,10,'Sesheke','-17.4747938','24.2784546',0,0,NULL,NULL),(100,10,'Shangombo','-16.3225216','22.0986338',0,0,NULL,NULL),(101,10,'Sikongo','-15.0334481','22.1591901',0,0,NULL,NULL),(102,10,'Sioma','-16.6038901','23.5006356',0,0,NULL,NULL),(103,10,'Mongu','-15.2705632','23.1280444',0,0,NULL,NULL),(104,3,'Kasenengwa','-13.316667','31.916667',0,0,NULL,NULL),(105,3,'Lumezi','-12.525488','33.046017',0,0,NULL,NULL),(106,3,'Msanzala','-14.083333','31.350000',0,0,NULL,NULL),(107,3,'Chipangali','-13.217256','32.764192',0,0,NULL,NULL),(108,3,'Chasefu','-11.921364','33.093417',0,0,NULL,NULL),(109,4,'Chifunabuli','-11.107550','29.667098',0,0,NULL,NULL),(110,6,'Chilinda','-13.0905358','24.1696381',0,0,NULL,NULL),(112,6,'Kanchibiya','-11.3756661','31.0114803',0,0,NULL,NULL),(113,6,'Lavushimanda','-12.3999787','30.8579119',0,0,NULL,NULL),(114,7,'Lunte',NULL,NULL,0,0,NULL,NULL),(115,7,'Lupososhi','-10.5340351','30.0180635',0,0,NULL,NULL),(116,7,'Senga','-9.3730437','31.2241528',0,0,NULL,NULL),(117,8,'Kalumbila','-12.2735897','25.3718008',0,0,NULL,NULL),(118,8,'Mushindamo','-11.8666667','27.1166667',0,0,NULL,NULL);
/*!40000 ALTER TABLE `district` ENABLE KEYS */;
UNLOCK TABLES;

--
-- Table structure for table `lkm_storyofchange`
--

DROP TABLE IF EXISTS `lkm_storyofchange`;
/*!40101 SET @saved_cs_client     = @@character_set_client */;
/*!40101 SET character_set_client = utf8 */;
CREATE TABLE `lkm_storyofchange` (
  `id` int(11) NOT NULL AUTO_INCREMENT,
  `category_id` int(11) NOT NULL,
  `title` text NOT NULL COMMENT 'Title of the story of change',
  `interviewee_names` text NOT NULL,
  `interviewer_names` text NOT NULL,
  `date_interviewed` date NOT NULL,
  `introduction` text DEFAULT NULL COMMENT 'Introduction of the story: 2-3 sentences summary of the case study or success story',
  `challenge` text DEFAULT NULL COMMENT 'The problem that was being addressed in the story',
  `actions` text DEFAULT NULL COMMENT 'What was done, how, by and with who etc',
  `results` text DEFAULT NULL COMMENT 'what changed and what difference was made',
  `conclusions` text DEFAULT NULL COMMENT 'Factors that seemed to be critical to achieving the outcomes',
  `sequel` text DEFAULT NULL COMMENT 'Summarising what happens next, whether this seems to be the end of the story or whether the programme will continue to track changes',
  `status` int(11) NOT NULL DEFAULT 0,
  `paio_review_status` int(11) DEFAULT 0,
  `paio_comments` text DEFAULT NULL,
  `ikmo_review_status` int(11) DEFAULT 0,
  `ikmo_comments` text DEFAULT NULL,
  `created_at` int(11) unsigned NOT NULL,
  `updated_at` int(11) unsigned NOT NULL,
  `created_by` int(11) DEFAULT NULL,
  `updated_by` int(11) DEFAULT NULL,
  `camp_id` int(11) DEFAULT NULL,
  `district_id` int(11) DEFAULT NULL,
  `province_id` int(11) DEFAULT NULL,
  PRIMARY KEY (`id`),
  KEY `fk_lkm_storyofchange_1_idx` (`category_id`),
  CONSTRAINT `fk_lkm_storyofchange_1` FOREIGN KEY (`category_id`) REFERENCES `lkm_storyofchange_category` (`id`) ON DELETE NO ACTION ON UPDATE NO ACTION
) ENGINE=InnoDB AUTO_INCREMENT=8 DEFAULT CHARSET=latin1;
/*!40101 SET character_set_client = @saved_cs_client */;

--
-- Dumping data for table `lkm_storyofchange`
--

LOCK TABLES `lkm_storyofchange` WRITE;
/*!40000 ALTER TABLE `lkm_storyofchange` DISABLE KEYS */;
INSERT INTO `lkm_storyofchange` VALUES (2,3,'Test','Upendo Chulu','Francis Chulu','2021-01-11','<p><strong>My story introduction<br></strong></p><p>Yes this is my introduction of this story</p>','<p>The challenges</p>','<p>Story Actions</p>','<p><strong>The results</strong></p>','<p>The conclusions</p>','<p><strong>The sequel</strong></p>',0,0,NULL,1,'Story accepted',1610388925,1614019554,1,1,NULL,NULL,NULL),(3,4,'From subsistence to commercial farming-Case of Mr. Chulu','Francis Chulu','Edson Chulu','2021-01-12','<p>Lorem ipsum dolor sit amet, consectetur adipiscing elit. Proin malesuada lacus ullamcorper dui molestie, sit amet congue quam finibus. Etiam ultricies nunc non magna feugiat commodo. Etiam odio magna, mollis auctor felis vitae, ullamcorper ornare ligula. Proin pellentesque tincidunt nisi, vitae ullamcorper felis aliquam id. Pellentesque habitant morbi tristique senectus et netus et malesuada fames ac turpis egestas. Proin id orci eu lectus blandit suscipit. Phasellus porta, ante et varius ornare, sem enim sollicitudin eros, at commodo leo est vitae lacus. Etiam ut porta sem. Proin porttitor porta nisl, id tempor risus rhoncus quis. In in quam a nibh cursus pulvinar non consequat neque. Mauris lacus elit, condimentum ac condimentum at, semper vitae lectus. Cras lacinia erat eget sapien porta consectetur.</p>','<p>Lorem ipsum dolor sit amet, consectetur adipiscing elit. Proin malesuada lacus ullamcorper dui molestie, sit amet congue quam finibus. Etiam ultricies nunc non magna feugiat commodo. Etiam odio magna, mollis auctor felis vitae, ullamcorper ornare ligula. Proin pellentesque tincidunt nisi, vitae ullamcorper felis aliquam id. Pellentesque habitant morbi tristique senectus et netus et malesuada fames ac turpis egestas. Proin id orci eu lectus blandit suscipit. Phasellus porta, ante et varius ornare, sem enim sollicitudin eros, at commodo leo est vitae lacus. Etiam ut porta sem. Proin porttitor porta nisl, id tempor risus rhoncus quis. In in quam a nibh cursus pulvinar non consequat neque. Mauris lacus elit, condimentum ac condimentum at, semper vitae lectus. Cras lacinia erat eget sapien porta consectetur.</p>','<p>Lorem ipsum dolor sit amet, consectetur adipiscing elit. Proin malesuada lacus ullamcorper dui molestie, sit amet congue quam finibus. Etiam ultricies nunc non magna feugiat commodo. Etiam odio magna, mollis auctor felis vitae, ullamcorper ornare ligula. Proin pellentesque tincidunt nisi, vitae ullamcorper felis aliquam id. Pellentesque habitant morbi tristique senectus et netus et malesuada fames ac turpis egestas. Proin id orci eu lectus blandit suscipit. Phasellus porta, ante et varius ornare, sem enim sollicitudin eros, at commodo leo est vitae lacus. Etiam ut porta sem. Proin porttitor porta nisl, id tempor risus rhoncus quis. In in quam a nibh cursus pulvinar non consequat neque. Mauris lacus elit, condimentum ac condimentum at, semper vitae lectus. Cras lacinia erat eget sapien porta consectetur.</p>','<p>Lorem ipsum dolor sit amet, consectetur adipiscing elit. Proin malesuada lacus ullamcorper dui molestie, sit amet congue quam finibus. Etiam ultricies nunc non magna feugiat commodo. Etiam odio magna, mollis auctor felis vitae, ullamcorper ornare ligula. Proin pellentesque tincidunt nisi, vitae ullamcorper felis aliquam id. Pellentesque habitant morbi tristique senectus et netus et malesuada fames ac turpis egestas. Proin id orci eu lectus blandit suscipit. Phasellus porta, ante et varius ornare, sem enim sollicitudin eros, at commodo leo est vitae lacus. Etiam ut porta sem. Proin porttitor porta nisl, id tempor risus rhoncus quis. In in quam a nibh cursus pulvinar non consequat neque. Mauris lacus elit, condimentum ac condimentum at, semper vitae lectus. Cras lacinia erat eget sapien porta consectetur.</p>','<p>Lorem ipsum dolor sit amet, consectetur adipiscing elit. Proin malesuada lacus ullamcorper dui molestie, sit amet congue quam finibus. Etiam ultricies nunc non magna feugiat commodo. Etiam odio magna, mollis auctor felis vitae, ullamcorper ornare ligula. Proin pellentesque tincidunt nisi, vitae ullamcorper felis aliquam id. Pellentesque habitant morbi tristique senectus et netus et malesuada fames ac turpis egestas. Proin id orci eu lectus blandit suscipit. Phasellus porta, ante et varius ornare, sem enim sollicitudin eros, at commodo leo est vitae lacus. Etiam ut porta sem. Proin porttitor porta nisl, id tempor risus rhoncus quis. In in quam a nibh cursus pulvinar non consequat neque. Mauris lacus elit, condimentum ac condimentum at, semper vitae lectus. Cras lacinia erat eget sapien porta consectetur.</p>','<p>Lorem ipsum dolor sit amet, consectetur adipiscing elit. Proin malesuada lacus ullamcorper dui molestie, sit amet congue quam finibus. Etiam ultricies nunc non magna feugiat commodo. Etiam odio magna, mollis auctor felis vitae, ullamcorper ornare ligula. Proin pellentesque tincidunt nisi, vitae ullamcorper felis aliquam id. Pellentesque habitant morbi tristique senectus et netus et malesuada fames ac turpis egestas. Proin id orci eu lectus blandit suscipit. Phasellus porta, ante et varius ornare, sem enim sollicitudin eros, at commodo leo est vitae lacus. Etiam ut porta sem. Proin porttitor porta nisl, id tempor risus rhoncus quis. In in quam a nibh cursus pulvinar non consequat neque. Mauris lacus elit, condimentum ac condimentum at, semper vitae lectus. Cras lacinia erat eget sapien porta consectetur.<span class=\"redactor-invisible-space\"></span></p>',0,0,NULL,1,'',1610472852,1614020092,10,1,NULL,2,1),(5,3,'From subsistence to commercial farming-Case of Chulu','Francis Chulu','Test names','2021-02-16','<p>Introduction</p>','<p>Challenges<br></p>','<p>The actions<br></p>','The results','Conclusion','Sequel',0,0,NULL,0,NULL,1614019196,1614019397,10,10,NULL,2,1),(6,4,'From subsistence to commercial farming-Case of Mr Chulu Francis','Francis Chulu','Edson Chulu','2021-02-09','<p>Lorem ipsum dolor sit amet, consectetur adipiscing elit, sed do eiusmod tempor incididunt ut labore et dolore magna aliqua. Ut enim ad minim veniam, quis nostrud exercitation ullamco laboris nisi ut aliquip ex ea commodo consequat. Duis aute irure dolor in reprehenderit in voluptate velit esse cillum dolore eu fugiat nulla pariatur. Excepteur sint occaecat cupidatat non proident, sunt in culpa qui officia deserunt mollit anim id est laborum.</p>','<p>Lorem ipsum dolor sit amet, consectetur adipiscing elit, sed do eiusmod tempor incididunt ut labore et dolore magna aliqua. Ut enim ad minim veniam, quis nostrud exercitation ullamco laboris nisi ut aliquip ex ea commodo consequat. Duis aute irure dolor in reprehenderit in voluptate velit esse cillum dolore eu fugiat nulla pariatur. Excepteur sint occaecat cupidatat non proident, sunt in culpa qui officia deserunt mollit anim id est laborum.</p>','<p>Lorem ipsum dolor sit amet, consectetur adipiscing elit, sed do eiusmod tempor incididunt ut labore et dolore magna aliqua. Ut enim ad minim veniam, quis nostrud exercitation ullamco laboris nisi ut aliquip ex ea commodo consequat. Duis aute irure dolor in reprehenderit in voluptate velit esse cillum dolore eu fugiat nulla pariatur. Excepteur sint occaecat cupidatat non proident, sunt in culpa qui officia deserunt mollit anim id est laborum.</p>','Lorem ipsum dolor sit amet, consectetur adipiscing elit, sed do eiusmod tempor incididunt ut labore et dolore magna aliqua. Ut enim ad minim veniam, quis nostrud exercitation ullamco laboris nisi ut aliquip ex ea commodo consequat. Duis aute irure dolor in reprehenderit in voluptate velit esse cillum dolore eu fugiat nulla pariatur. Excepteur sint occaecat cupidatat non proident, sunt in culpa qui officia deserunt mollit anim id est laborum.','Lorem ipsum dolor sit amet, consectetur adipiscing elit, sed do eiusmod tempor incididunt ut labore et dolore magna aliqua. Ut enim ad minim veniam, quis nostrud exercitation ullamco laboris nisi ut aliquip ex ea commodo consequat. Duis aute irure dolor in reprehenderit in voluptate velit esse cillum dolore eu fugiat nulla pariatur. Excepteur sint occaecat cupidatat non proident, sunt in culpa qui officia deserunt mollit anim id est laborum.','Lorem ipsum dolor sit amet, consectetur adipiscing elit, sed do eiusmod tempor incididunt ut labore et dolore magna aliqua. Ut enim ad minim veniam, quis nostrud exercitation ullamco laboris nisi ut aliquip ex ea commodo consequat. Duis aute irure dolor in reprehenderit in voluptate velit esse cillum dolore eu fugiat nulla pariatur. Excepteur sint occaecat cupidatat non proident, sunt in culpa qui officia deserunt mollit anim id est laborum.',2,0,NULL,1,'',1614070456,1615306106,10,10,NULL,2,1),(7,3,'My Test','Simon Test','Test Simom','2021-05-19',NULL,NULL,NULL,NULL,NULL,NULL,0,0,NULL,0,NULL,1621783354,1621783354,14,14,NULL,2,1);
/*!40000 ALTER TABLE `lkm_storyofchange` ENABLE KEYS */;
UNLOCK TABLES;

--
-- Table structure for table `lkm_storyofchange_article`
--

DROP TABLE IF EXISTS `lkm_storyofchange_article`;
/*!40101 SET @saved_cs_client     = @@character_set_client */;
/*!40101 SET character_set_client = utf8 */;
CREATE TABLE `lkm_storyofchange_article` (
  `id` int(11) NOT NULL AUTO_INCREMENT,
  `story_id` int(11) DEFAULT NULL,
  `article_type` varchar(255) DEFAULT NULL,
  `description` text DEFAULT NULL,
  `file` varchar(255) NOT NULL,
  `created_at` int(11) unsigned NOT NULL,
  `updated_at` int(11) unsigned NOT NULL,
  `created_by` int(11) DEFAULT NULL,
  `updated_by` int(11) DEFAULT NULL,
  `file_name` varchar(45) DEFAULT NULL,
  PRIMARY KEY (`id`)
) ENGINE=InnoDB AUTO_INCREMENT=8 DEFAULT CHARSET=latin1;
/*!40101 SET character_set_client = @saved_cs_client */;

--
-- Dumping data for table `lkm_storyofchange_article`
--

LOCK TABLES `lkm_storyofchange_article` WRITE;
/*!40000 ALTER TABLE `lkm_storyofchange_article` DISABLE KEYS */;
INSERT INTO `lkm_storyofchange_article` VALUES (5,3,NULL,'Article description','DWpPgMuaYfz35QYbjzXdl86Rz03k2Avk.pdf',1610993207,1610993525,1,1,'my sample.pdf'),(6,2,NULL,'Description','JXqdPvl27LGf0T51dn54_yOxRqF4deXk.pdf',1614019624,1614019624,1,1,'my sample.pdf'),(7,6,NULL,'','_KDjaAkOc32clJN1sKBeKHCnTRUhjzIi.pdf',1614070974,1614070974,1,1,'my sample.pdf');
/*!40000 ALTER TABLE `lkm_storyofchange_article` ENABLE KEYS */;
UNLOCK TABLES;

--
-- Table structure for table `lkm_storyofchange_category`
--

DROP TABLE IF EXISTS `lkm_storyofchange_category`;
/*!40101 SET @saved_cs_client     = @@character_set_client */;
/*!40101 SET character_set_client = utf8 */;
CREATE TABLE `lkm_storyofchange_category` (
  `id` int(11) NOT NULL AUTO_INCREMENT,
  `name` text NOT NULL COMMENT 'Story category name',
  `description` text DEFAULT NULL COMMENT 'Story category description',
  `created_at` int(11) unsigned NOT NULL,
  `updated_at` int(11) unsigned NOT NULL,
  `created_by` int(11) DEFAULT NULL,
  `updated_by` int(11) DEFAULT NULL,
  PRIMARY KEY (`id`)
) ENGINE=InnoDB AUTO_INCREMENT=5 DEFAULT CHARSET=latin1;
/*!40101 SET character_set_client = @saved_cs_client */;

--
-- Dumping data for table `lkm_storyofchange_category`
--

LOCK TABLES `lkm_storyofchange_category` WRITE;
/*!40000 ALTER TABLE `lkm_storyofchange_category` DISABLE KEYS */;
INSERT INTO `lkm_storyofchange_category` VALUES (3,'Livestock farming','',1610361550,1610378652,1,1),(4,'Subsistence farming','Subsistence farming',1610361568,1610361592,1,1);
/*!40000 ALTER TABLE `lkm_storyofchange_category` ENABLE KEYS */;
UNLOCK TABLES;

--
-- Table structure for table `lkm_storyofchange_interview_guide_template_questions`
--

DROP TABLE IF EXISTS `lkm_storyofchange_interview_guide_template_questions`;
/*!40101 SET @saved_cs_client     = @@character_set_client */;
/*!40101 SET character_set_client = utf8 */;
CREATE TABLE `lkm_storyofchange_interview_guide_template_questions` (
  `id` int(11) NOT NULL AUTO_INCREMENT,
  `section` varchar(45) NOT NULL,
  `number` varchar(4) NOT NULL,
  `question` text NOT NULL,
  `created_at` int(11) unsigned NOT NULL,
  `updated_at` int(11) unsigned NOT NULL,
  `created_by` int(11) DEFAULT NULL,
  `updated_by` int(11) DEFAULT NULL,
  PRIMARY KEY (`id`)
) ENGINE=InnoDB AUTO_INCREMENT=12 DEFAULT CHARSET=latin1;
/*!40101 SET character_set_client = @saved_cs_client */;

--
-- Dumping data for table `lkm_storyofchange_interview_guide_template_questions`
--

LOCK TABLES `lkm_storyofchange_interview_guide_template_questions` WRITE;
/*!40000 ALTER TABLE `lkm_storyofchange_interview_guide_template_questions` DISABLE KEYS */;
INSERT INTO `lkm_storyofchange_interview_guide_template_questions` VALUES (1,'Introduction','1','Please introduce yourself and tell me a bit about yourself?',1609956950,1609956950,1,1),(2,'The Problem','2','What Challenges were you experiencing before the E-SAPP and why?',1609958624,1609958624,1,1),(3,'The Problem','3','Did you do anything to solve the problem before E-SAPP? If yes, what did you do?',1609958658,1609958658,1,1),(4,'The Action','4','What interventions did E-SAPP put in place to resolve the problem?  <b>Probe: Detail them according to the different steps taken</b>.',1609958714,1610358307,1,1),(5,'The Action','5','Did the interventions by E-SAPP resolve the problem? Give a reason for your answer.',1609958980,1609958980,1,1),(6,'The Action','6','In your opinion, do you think this problem was going to be addressed if it was not for the intervention from E-SAPP? Give a reason?',1609958996,1609958996,1,1),(7,'The Action','7','What are the key areas of change that you noticed as a result of the intervention? Give examples. ',1609959016,1609959016,1,1),(8,'The Action','8','What are some of the lessons that you have learnt from the intervention?',1609959038,1609959038,1,1),(9,'Recommendations','9',' In terms of how the E-SAPP could improve its intervention delivery, do you have any recommendations/ suggestions? What do you think needs to be done?',1609959055,1609959055,1,1),(10,'Introduction','10','Test question another',1614019009,1614070301,1,1),(11,'Recommendations','11','Another recommendation',1614070268,1614070268,1,1);
/*!40000 ALTER TABLE `lkm_storyofchange_interview_guide_template_questions` ENABLE KEYS */;
UNLOCK TABLES;

--
-- Table structure for table `lkm_storyofchange_media`
--

DROP TABLE IF EXISTS `lkm_storyofchange_media`;
/*!40101 SET @saved_cs_client     = @@character_set_client */;
/*!40101 SET character_set_client = utf8 */;
CREATE TABLE `lkm_storyofchange_media` (
  `id` int(11) NOT NULL AUTO_INCREMENT,
  `story_id` int(11) NOT NULL,
  `media_type` text NOT NULL,
  `file_name` varchar(255) DEFAULT NULL,
  `file` varchar(255) NOT NULL,
  `created_at` int(11) unsigned NOT NULL,
  `updated_at` int(11) unsigned NOT NULL,
  `created_by` int(11) DEFAULT NULL,
  `updated_by` int(11) DEFAULT NULL,
  PRIMARY KEY (`id`),
  KEY `fk_lkm_storyofchange_media_1_idx` (`story_id`),
  CONSTRAINT `fk_lkm_storyofchange_media_1` FOREIGN KEY (`story_id`) REFERENCES `lkm_storyofchange` (`id`) ON DELETE NO ACTION ON UPDATE NO ACTION
) ENGINE=InnoDB AUTO_INCREMENT=43 DEFAULT CHARSET=latin1;
/*!40101 SET character_set_client = @saved_cs_client */;

--
-- Dumping data for table `lkm_storyofchange_media`
--

LOCK TABLES `lkm_storyofchange_media` WRITE;
/*!40000 ALTER TABLE `lkm_storyofchange_media` DISABLE KEYS */;
INSERT INTO `lkm_storyofchange_media` VALUES (26,3,'Picture','index.png','dmG_gpT6kkkEblh3ReA_Ar4jHtSAjWzM.png',1610984242,1610984357,10,10),(27,3,'Audio','sample audio.mp3','zLCUZmBHpAx05bs5eV6ktmSDNq-XPZnG.mp3',1610984390,1610984427,10,10),(28,3,'Video','sample video.mp4','gMBISWTb_mKuJStmt2MKqT8BPblM_qpl.mp4',1610984457,1610984457,10,10),(30,3,'Picture','coa.png','Joxf6pf6YuhmsiTakdyzQBkBXrmXq8tw.png',1611056653,1611056653,10,10),(32,6,'Video','sample video.mp4','MwlYJ1CCJxJWq6CSK8aGnA0us31uKacY.mp4',1614936357,1614936357,10,10),(33,6,'Audio','sample audio.mp3','L9ZJK9i-cH2l85NfrOs4CtuF-FUvhzAz.mp3',1614936417,1614936417,10,10),(38,6,'Picture','profile.png','JsN6az9MI360kbJ_jr-clyVt1rycpzU3wuicQrqwga9Aq.png',1614938053,1614938053,10,10),(41,6,'Picture','coa.png','zMajjrs0uQzjIkVj08C3Yd9ZMADZfXsJYB7Lte1dMa-bu.png',1615309307,1615309307,10,10),(42,7,'Completed Interview guide','Application Letter.pdf','yC22b1ng2S463opJwJOskSq0egH-MT19i6rBAXyDLjECT.pdf',1621951888,1621951888,14,14);
/*!40000 ALTER TABLE `lkm_storyofchange_media` ENABLE KEYS */;
UNLOCK TABLES;

--
-- Table structure for table `market`
--

DROP TABLE IF EXISTS `market`;
/*!40101 SET @saved_cs_client     = @@character_set_client */;
/*!40101 SET character_set_client = utf8 */;
CREATE TABLE `market` (
  `id` int(11) unsigned NOT NULL AUTO_INCREMENT,
  `district_id` int(11) unsigned NOT NULL,
  `name` varchar(255) NOT NULL,
  `description` text DEFAULT NULL,
  `created_at` int(11) unsigned NOT NULL,
  `updated_at` int(11) unsigned NOT NULL,
  `created_by` int(11) DEFAULT NULL,
  `updated_by` int(11) DEFAULT NULL,
  PRIMARY KEY (`id`),
  KEY `fk_market_1_idx` (`district_id`),
  CONSTRAINT `fk_market_1` FOREIGN KEY (`district_id`) REFERENCES `district` (`id`) ON DELETE NO ACTION ON UPDATE NO ACTION
) ENGINE=InnoDB AUTO_INCREMENT=5 DEFAULT CHARSET=latin1;
/*!40101 SET character_set_client = @saved_cs_client */;

--
-- Dumping data for table `market`
--

LOCK TABLES `market` WRITE;
/*!40000 ALTER TABLE `market` DISABLE KEYS */;
INSERT INTO `market` VALUES (1,14,'Chisokone',NULL,1607267413,1607362158,1,1),(2,49,'Soweto',NULL,1607267496,1607362171,1,1),(3,1,'Chisamba test',NULL,1607623358,1607623358,1,1),(4,2,'Test market',NULL,1611076081,1611076081,1,1);
/*!40000 ALTER TABLE `market` ENABLE KEYS */;
UNLOCK TABLES;

--
-- Table structure for table `me_back_to_office_report`
--

DROP TABLE IF EXISTS `me_back_to_office_report`;
/*!40101 SET @saved_cs_client     = @@character_set_client */;
/*!40101 SET character_set_client = utf8 */;
CREATE TABLE `me_back_to_office_report` (
  `id` int(11) NOT NULL AUTO_INCREMENT,
  `start_date` date NOT NULL,
  `end_date` date NOT NULL,
  `name_of_officer` varchar(45) NOT NULL,
  `team_members` text DEFAULT NULL,
  `key_partners` text DEFAULT NULL COMMENT 'Key partners in each location/site visited',
  `purpose_of_assignment` text NOT NULL,
  `summary_of_assignment_outcomes` text NOT NULL,
  `key_findings` text NOT NULL,
  `key_recommendations` text NOT NULL COMMENT 'Key Recommendations/Actions to be taken, by whom',
  `copy_sent_to` text DEFAULT NULL,
  `annexes` text DEFAULT NULL,
  `status` int(11) NOT NULL DEFAULT 0 COMMENT 'Pending submission for review=0, Reviewed and accepted=1,Submitted for review=2,Reviewed and sent back for more information=3',
  `reviewer_comments` varchar(45) DEFAULT NULL,
  `created_at` int(11) unsigned NOT NULL,
  `updated_at` int(11) unsigned NOT NULL,
  `created_by` int(11) DEFAULT NULL,
  `updated_by` int(11) DEFAULT NULL,
  PRIMARY KEY (`id`)
) ENGINE=InnoDB AUTO_INCREMENT=2 DEFAULT CHARSET=latin1;
/*!40101 SET character_set_client = @saved_cs_client */;

--
-- Dumping data for table `me_back_to_office_report`
--

LOCK TABLES `me_back_to_office_report` WRITE;
/*!40000 ALTER TABLE `me_back_to_office_report` DISABLE KEYS */;
INSERT INTO `me_back_to_office_report` VALUES (1,'2021-03-10','2021-03-12','test  Test','Francis  Chulu','<p>Partners</p>','<p>Purpose</p>','<p>Summary</p>','<p>Findings</p>','<p>Recommedations</p>',NULL,'',1,'BtOR is well done hence it has been accepted',1615321516,1615388511,10,1);
/*!40000 ALTER TABLE `me_back_to_office_report` ENABLE KEYS */;
UNLOCK TABLES;

--
-- Table structure for table `me_camp_subproject_records_awpb_objectives`
--

DROP TABLE IF EXISTS `me_camp_subproject_records_awpb_objectives`;
/*!40101 SET @saved_cs_client     = @@character_set_client */;
/*!40101 SET character_set_client = utf8 */;
CREATE TABLE `me_camp_subproject_records_awpb_objectives` (
  `id` int(11) NOT NULL AUTO_INCREMENT,
  `camp_id` int(11) unsigned NOT NULL,
  `quarter` int(11) NOT NULL,
  `key_indicators` text NOT NULL,
  `period_unit` varchar(255) NOT NULL,
  `target` varchar(255) NOT NULL,
  `year` varchar(5) NOT NULL,
  `created_at` int(11) unsigned NOT NULL,
  `updated_at` int(11) unsigned NOT NULL,
  `created_by` int(11) DEFAULT NULL,
  `updated_by` int(11) DEFAULT NULL,
  PRIMARY KEY (`id`),
  KEY `fk_me_camp_subproject_records_awpb_objectives_1_idx` (`camp_id`),
  CONSTRAINT `fk_me_camp_subproject_records_awpb_objectives_1` FOREIGN KEY (`camp_id`) REFERENCES `camp` (`id`) ON DELETE NO ACTION ON UPDATE NO ACTION
) ENGINE=InnoDB AUTO_INCREMENT=13 DEFAULT CHARSET=latin1;
/*!40101 SET character_set_client = @saved_cs_client */;

--
-- Dumping data for table `me_camp_subproject_records_awpb_objectives`
--

LOCK TABLES `me_camp_subproject_records_awpb_objectives` WRITE;
/*!40000 ALTER TABLE `me_camp_subproject_records_awpb_objectives` DISABLE KEYS */;
INSERT INTO `me_camp_subproject_records_awpb_objectives` VALUES (1,5,1,'Not set','Not set','0','2021',1615474709,1615489186,10,10),(2,5,2,'Not set','Not set','0','2021',1615474709,1615489186,10,10),(3,5,3,'Not set','Not set','0','2021',1615474709,1615489186,10,10),(4,5,4,'Not set','Not set','0','2021',1615474709,1615489186,10,10),(5,6,1,'Not set','Not set','0','2021',1615474709,1615487999,10,10),(6,6,2,'Not set','Not set','0','2021',1615474709,1615487999,10,10),(7,6,3,'Not set','Not set','0','2021',1615474709,1615487999,10,10),(8,6,4,'Not set','Not set','0','2021',1615474709,1615487999,10,10),(9,7,1,'- Train 10 farmers\r\n- Indicator two\r\n','12','10','2021',1615474709,1615486522,10,10),(10,7,2,'- Issue out 5 commodity sacks','20','5','2021',1615474709,1615486522,10,10),(11,7,3,'- Indicator one\r\n- Indicator two','1','1','2021',1615474709,1615486629,10,10),(12,7,4,'- Indicator one\r\n- Indicator two','3','2','2021',1615474709,1615486522,10,10);
/*!40000 ALTER TABLE `me_camp_subproject_records_awpb_objectives` ENABLE KEYS */;
UNLOCK TABLES;

--
-- Table structure for table `me_camp_subproject_records_improved_tech_facilitation`
--

DROP TABLE IF EXISTS `me_camp_subproject_records_improved_tech_facilitation`;
/*!40101 SET @saved_cs_client     = @@character_set_client */;
/*!40101 SET character_set_client = utf8 */;
CREATE TABLE `me_camp_subproject_records_improved_tech_facilitation` (
  `id` int(11) NOT NULL AUTO_INCREMENT,
  `camp_id` int(11) unsigned NOT NULL,
  `output_level_indicator_id` int(11) NOT NULL,
  `year` varchar(5) NOT NULL,
  `quarter` varchar(4) DEFAULT NULL,
  `created_at` int(11) unsigned NOT NULL,
  `updated_at` int(11) unsigned NOT NULL,
  `created_by` int(11) DEFAULT NULL,
  `updated_by` int(11) DEFAULT NULL,
  PRIMARY KEY (`id`),
  KEY `fk_me_camp_subproject_improved_tech_facilitation_1_idx` (`output_level_indicator_id`),
  CONSTRAINT `fk_me_camp_subproject_improved_tech_facilitation_1` FOREIGN KEY (`output_level_indicator_id`) REFERENCES `me_camp_subproject_records_output_level_indicators` (`id`) ON DELETE NO ACTION ON UPDATE NO ACTION
) ENGINE=InnoDB DEFAULT CHARSET=latin1;
/*!40101 SET character_set_client = @saved_cs_client */;

--
-- Dumping data for table `me_camp_subproject_records_improved_tech_facilitation`
--

LOCK TABLES `me_camp_subproject_records_improved_tech_facilitation` WRITE;
/*!40000 ALTER TABLE `me_camp_subproject_records_improved_tech_facilitation` DISABLE KEYS */;
/*!40000 ALTER TABLE `me_camp_subproject_records_improved_tech_facilitation` ENABLE KEYS */;
UNLOCK TABLES;

--
-- Table structure for table `me_camp_subproject_records_monthly_planned_activities`
--

DROP TABLE IF EXISTS `me_camp_subproject_records_monthly_planned_activities`;
/*!40101 SET @saved_cs_client     = @@character_set_client */;
/*!40101 SET character_set_client = utf8 */;
CREATE TABLE `me_camp_subproject_records_monthly_planned_activities` (
  `id` int(11) NOT NULL AUTO_INCREMENT,
  `work_effort_id` int(11) NOT NULL,
  `activity_id` int(11) NOT NULL,
  `faabs_id` int(11) NOT NULL,
  `zone` varchar(45) DEFAULT NULL,
  `activity_target` varchar(255) DEFAULT NULL,
  `beneficiary_target_total` int(11) DEFAULT 0,
  `beneficiary_target_women` varchar(45) NOT NULL DEFAULT '0',
  `beneficiary_target_youth` varchar(45) NOT NULL DEFAULT '0',
  `beneficiary_target_women_headed` varchar(45) NOT NULL DEFAULT '0',
  `created_at` int(11) unsigned NOT NULL,
  `updated_at` int(11) unsigned NOT NULL,
  `created_by` int(11) DEFAULT NULL,
  `updated_by` int(11) DEFAULT NULL,
  PRIMARY KEY (`id`),
  KEY `fk_me_camp_subproject_records_monthly_planned_activities_1_idx` (`faabs_id`),
  KEY `fk_me_camp_subproject_records_monthly_planned_activities_2_idx` (`work_effort_id`),
  CONSTRAINT `fk_me_camp_subproject_records_monthly_planned_activities_1` FOREIGN KEY (`faabs_id`) REFERENCES `me_faabs_groups` (`id`) ON DELETE NO ACTION ON UPDATE NO ACTION,
  CONSTRAINT `fk_me_camp_subproject_records_monthly_planned_activities_2` FOREIGN KEY (`work_effort_id`) REFERENCES `me_camp_subproject_records_planned_work_effort` (`id`) ON DELETE NO ACTION ON UPDATE NO ACTION
) ENGINE=InnoDB AUTO_INCREMENT=15 DEFAULT CHARSET=latin1;
/*!40101 SET character_set_client = @saved_cs_client */;

--
-- Dumping data for table `me_camp_subproject_records_monthly_planned_activities`
--

LOCK TABLES `me_camp_subproject_records_monthly_planned_activities` WRITE;
/*!40000 ALTER TABLE `me_camp_subproject_records_monthly_planned_activities` DISABLE KEYS */;
INSERT INTO `me_camp_subproject_records_monthly_planned_activities` VALUES (14,14,37,3,'Zone','1',7,'1','3','3',1616679511,1616679511,10,10);
/*!40000 ALTER TABLE `me_camp_subproject_records_monthly_planned_activities` ENABLE KEYS */;
UNLOCK TABLES;

--
-- Table structure for table `me_camp_subproject_records_monthly_planned_activities_actual`
--

DROP TABLE IF EXISTS `me_camp_subproject_records_monthly_planned_activities_actual`;
/*!40101 SET @saved_cs_client     = @@character_set_client */;
/*!40101 SET character_set_client = utf8 */;
CREATE TABLE `me_camp_subproject_records_monthly_planned_activities_actual` (
  `id` int(11) NOT NULL AUTO_INCREMENT,
  `planned_activity_id` int(11) NOT NULL,
  `hours_worked_field` varchar(2) NOT NULL DEFAULT '0',
  `hours_worked_office` varchar(2) NOT NULL DEFAULT '0',
  `hours_worked_total` varchar(4) DEFAULT '0',
  `achieved_activity_target` varchar(45) NOT NULL,
  `beneficiary_target_achieved_total` varchar(45) NOT NULL DEFAULT '0',
  `beneficiary_target_achieved_women` varchar(45) NOT NULL DEFAULT '0',
  `beneficiary_target_achieved_youth` varchar(45) NOT NULL DEFAULT '0',
  `beneficiary_target_achieved_women_headed` varchar(45) NOT NULL DEFAULT '0',
  `remarks` text DEFAULT NULL,
  `year` varchar(5) DEFAULT NULL,
  `month` varchar(3) DEFAULT NULL,
  `created_at` int(11) unsigned NOT NULL,
  `updated_at` int(11) unsigned NOT NULL,
  `created_by` int(11) DEFAULT NULL,
  `updated_by` int(11) DEFAULT NULL,
  PRIMARY KEY (`id`),
  KEY `fk_new_table_2_idx` (`planned_activity_id`),
  CONSTRAINT `fk_new_table_2` FOREIGN KEY (`planned_activity_id`) REFERENCES `me_camp_subproject_records_monthly_planned_activities` (`id`) ON DELETE NO ACTION ON UPDATE NO ACTION
) ENGINE=InnoDB AUTO_INCREMENT=14 DEFAULT CHARSET=latin1;
/*!40101 SET character_set_client = @saved_cs_client */;

--
-- Dumping data for table `me_camp_subproject_records_monthly_planned_activities_actual`
--

LOCK TABLES `me_camp_subproject_records_monthly_planned_activities_actual` WRITE;
/*!40000 ALTER TABLE `me_camp_subproject_records_monthly_planned_activities_actual` DISABLE KEYS */;
INSERT INTO `me_camp_subproject_records_monthly_planned_activities_actual` VALUES (13,14,'1','1','2','1','3','1','1','1','',NULL,NULL,1616707532,1616707532,10,10);
/*!40000 ALTER TABLE `me_camp_subproject_records_monthly_planned_activities_actual` ENABLE KEYS */;
UNLOCK TABLES;

--
-- Table structure for table `me_camp_subproject_records_output_level_indicators`
--

DROP TABLE IF EXISTS `me_camp_subproject_records_output_level_indicators`;
/*!40101 SET @saved_cs_client     = @@character_set_client */;
/*!40101 SET character_set_client = utf8 */;
CREATE TABLE `me_camp_subproject_records_output_level_indicators` (
  `id` int(11) NOT NULL AUTO_INCREMENT,
  `indicator` text NOT NULL,
  PRIMARY KEY (`id`)
) ENGINE=InnoDB DEFAULT CHARSET=latin1;
/*!40101 SET character_set_client = @saved_cs_client */;

--
-- Dumping data for table `me_camp_subproject_records_output_level_indicators`
--

LOCK TABLES `me_camp_subproject_records_output_level_indicators` WRITE;
/*!40000 ALTER TABLE `me_camp_subproject_records_output_level_indicators` DISABLE KEYS */;
/*!40000 ALTER TABLE `me_camp_subproject_records_output_level_indicators` ENABLE KEYS */;
UNLOCK TABLES;

--
-- Table structure for table `me_camp_subproject_records_planned_work_effort`
--

DROP TABLE IF EXISTS `me_camp_subproject_records_planned_work_effort`;
/*!40101 SET @saved_cs_client     = @@character_set_client */;
/*!40101 SET character_set_client = utf8 */;
CREATE TABLE `me_camp_subproject_records_planned_work_effort` (
  `id` int(11) NOT NULL AUTO_INCREMENT,
  `camp_id` int(11) unsigned NOT NULL,
  `year` int(11) NOT NULL,
  `month` varchar(15) NOT NULL,
  `days_in_month` int(11) NOT NULL,
  `days_field` int(11) NOT NULL DEFAULT 0,
  `days_office` int(11) NOT NULL DEFAULT 0,
  `days_total` int(11) DEFAULT 0 COMMENT 'Field days + Office days',
  `days_other_non_esapp_activities` int(11) DEFAULT NULL,
  `created_at` int(11) unsigned NOT NULL,
  `updated_at` int(11) unsigned NOT NULL,
  `created_by` int(11) DEFAULT NULL,
  `updated_by` int(11) DEFAULT NULL,
  PRIMARY KEY (`id`),
  KEY `fk_me_camp_subproject_records_planned_work_effort_1_idx` (`camp_id`),
  CONSTRAINT `fk_me_camp_subproject_records_planned_work_effort_1` FOREIGN KEY (`camp_id`) REFERENCES `camp` (`id`) ON DELETE NO ACTION ON UPDATE NO ACTION
) ENGINE=InnoDB AUTO_INCREMENT=16 DEFAULT CHARSET=latin1;
/*!40101 SET character_set_client = @saved_cs_client */;

--
-- Dumping data for table `me_camp_subproject_records_planned_work_effort`
--

LOCK TABLES `me_camp_subproject_records_planned_work_effort` WRITE;
/*!40000 ALTER TABLE `me_camp_subproject_records_planned_work_effort` DISABLE KEYS */;
INSERT INTO `me_camp_subproject_records_planned_work_effort` VALUES (13,6,2021,'3',31,12,12,24,2,1616678720,1616678720,10,10),(14,5,2021,'3',31,6,4,10,7,1616678740,1616751023,10,10),(15,7,2021,'6',30,10,10,20,10,1624610720,1624610818,14,14);
/*!40000 ALTER TABLE `me_camp_subproject_records_planned_work_effort` ENABLE KEYS */;
UNLOCK TABLES;

--
-- Table structure for table `me_camp_subproject_records_subcomponents`
--

DROP TABLE IF EXISTS `me_camp_subproject_records_subcomponents`;
/*!40101 SET @saved_cs_client     = @@character_set_client */;
/*!40101 SET character_set_client = utf8 */;
CREATE TABLE `me_camp_subproject_records_subcomponents` (
  `id` int(11) NOT NULL AUTO_INCREMENT,
  `facilitation_id` int(11) NOT NULL,
  `sub_component` varchar(255) NOT NULL,
  `females` varchar(45) NOT NULL DEFAULT '0',
  `males` varchar(45) NOT NULL DEFAULT '0',
  `women_headed` varchar(45) NOT NULL DEFAULT '0',
  `youth` varchar(45) NOT NULL DEFAULT '0',
  `created_at` int(11) unsigned NOT NULL,
  `updated_at` int(11) unsigned NOT NULL,
  `created_by` int(11) DEFAULT NULL,
  `updated_by` int(11) DEFAULT NULL,
  PRIMARY KEY (`id`),
  KEY `fk_me_camp_subproject_records_subcomponents_1_idx` (`facilitation_id`),
  CONSTRAINT `fk_me_camp_subproject_records_subcomponents_1` FOREIGN KEY (`facilitation_id`) REFERENCES `me_camp_subproject_records_improved_tech_facilitation` (`id`) ON DELETE NO ACTION ON UPDATE NO ACTION
) ENGINE=InnoDB DEFAULT CHARSET=latin1;
/*!40101 SET character_set_client = @saved_cs_client */;

--
-- Dumping data for table `me_camp_subproject_records_subcomponents`
--

LOCK TABLES `me_camp_subproject_records_subcomponents` WRITE;
/*!40000 ALTER TABLE `me_camp_subproject_records_subcomponents` DISABLE KEYS */;
/*!40000 ALTER TABLE `me_camp_subproject_records_subcomponents` ENABLE KEYS */;
UNLOCK TABLES;

--
-- Table structure for table `me_faabs_category_a_farmers`
--

DROP TABLE IF EXISTS `me_faabs_category_a_farmers`;
/*!40101 SET @saved_cs_client     = @@character_set_client */;
/*!40101 SET character_set_client = utf8 */;
CREATE TABLE `me_faabs_category_a_farmers` (
  `id` int(11) NOT NULL AUTO_INCREMENT,
  `faabs_group_id` int(11) NOT NULL,
  `first_name` varchar(255) NOT NULL,
  `other_names` varchar(255) DEFAULT NULL,
  `last_name` varchar(255) NOT NULL,
  `sex` varchar(7) NOT NULL,
  `dob` date NOT NULL,
  `nrc` varchar(20) DEFAULT NULL,
  `marital_status` varchar(15) NOT NULL,
  `contact_number` varchar(16) DEFAULT NULL,
  `relationship_to_household_head` varchar(50) DEFAULT NULL,
  `registration_date` date NOT NULL,
  `status` int(11) NOT NULL DEFAULT 1,
  `household_size` int(11) DEFAULT 0,
  `village` varchar(255) DEFAULT NULL,
  `chiefdom` varchar(255) DEFAULT NULL,
  `block` varchar(255) DEFAULT NULL,
  `zone` varchar(255) DEFAULT NULL,
  `commodity` varchar(255) DEFAULT NULL,
  `created_at` int(11) unsigned NOT NULL,
  `updated_at` int(11) unsigned NOT NULL,
  `created_by` int(11) DEFAULT NULL,
  `updated_by` int(11) DEFAULT NULL,
  `title` varchar(10) NOT NULL,
  `age` int(11) DEFAULT NULL,
  PRIMARY KEY (`id`),
  KEY `fk_me_faabs_farmer_register_1_idx` (`faabs_group_id`),
  CONSTRAINT `fk_me_faabs_category_a_farmers` FOREIGN KEY (`faabs_group_id`) REFERENCES `me_faabs_groups` (`id`) ON DELETE NO ACTION ON UPDATE NO ACTION
) ENGINE=InnoDB AUTO_INCREMENT=4 DEFAULT CHARSET=latin1;
/*!40101 SET character_set_client = @saved_cs_client */;

--
-- Dumping data for table `me_faabs_category_a_farmers`
--

LOCK TABLES `me_faabs_category_a_farmers` WRITE;
/*!40000 ALTER TABLE `me_faabs_category_a_farmers` DISABLE KEYS */;
INSERT INTO `me_faabs_category_a_farmers` VALUES (1,3,'Francis','','Chulu','Male','1990-06-05','1828672/12/34','Married','+260978981455','','2021-03-03',1,10,'Village one','Chiefdom','Block','Zone','Commodity',1615132100,1616709828,10,10,'Mr.',30),(2,3,'Francis','','test','Male','1989-07-19','1828672/12/00','Single','','','2021-03-25',1,NULL,'','','','','',1616709481,1616709903,10,10,'Mr.',31),(3,1,'First ','','Last name','Female','1980-07-23','1828672/12/09','Married','','','2021-03-26',1,6,'Village one','Chiefdom','Block','Zone','Commodity',1616764476,1616764476,10,10,'Mrs.',40);
/*!40000 ALTER TABLE `me_faabs_category_a_farmers` ENABLE KEYS */;
UNLOCK TABLES;

--
-- Table structure for table `me_faabs_groups`
--

DROP TABLE IF EXISTS `me_faabs_groups`;
/*!40101 SET @saved_cs_client     = @@character_set_client */;
/*!40101 SET character_set_client = utf8 */;
CREATE TABLE `me_faabs_groups` (
  `id` int(11) NOT NULL AUTO_INCREMENT,
  `camp_id` int(11) unsigned NOT NULL,
  `name` varchar(255) NOT NULL,
  `code` varchar(20) DEFAULT NULL,
  `status` int(11) DEFAULT 1,
  `created_at` int(11) unsigned NOT NULL,
  `updated_at` int(11) unsigned NOT NULL,
  `created_by` int(11) DEFAULT NULL,
  `updated_by` int(11) DEFAULT NULL,
  PRIMARY KEY (`id`),
  KEY `fk_me_faabs_groups_1_idx` (`camp_id`),
  CONSTRAINT `fk_me_faabs_groups_1` FOREIGN KEY (`camp_id`) REFERENCES `camp` (`id`) ON DELETE NO ACTION ON UPDATE NO ACTION
) ENGINE=InnoDB AUTO_INCREMENT=4 DEFAULT CHARSET=utf8;
/*!40101 SET character_set_client = @saved_cs_client */;

--
-- Dumping data for table `me_faabs_groups`
--

LOCK TABLES `me_faabs_groups` WRITE;
/*!40000 ALTER TABLE `me_faabs_groups` DISABLE KEYS */;
INSERT INTO `me_faabs_groups` VALUES (1,5,'FaaBS One','FO',1,1607263313,1615144510,1,10),(3,5,'Come together Group',NULL,1,1615123711,1615123711,10,10);
/*!40000 ALTER TABLE `me_faabs_groups` ENABLE KEYS */;
UNLOCK TABLES;

--
-- Table structure for table `me_faabs_register`
--

DROP TABLE IF EXISTS `me_faabs_register`;
/*!40101 SET @saved_cs_client     = @@character_set_client */;
/*!40101 SET character_set_client = utf8 */;
CREATE TABLE `me_faabs_register` (
  `id` int(11) NOT NULL AUTO_INCREMENT,
  `faabs_group_id` int(11) NOT NULL,
  `farmer_id` int(11) NOT NULL,
  `present` enum('Yes','No') DEFAULT 'Yes',
  `date` date NOT NULL,
  `topic` mediumtext NOT NULL COMMENT 'Topic or session covered i.e. Village Chicken housing',
  `created_at` int(11) unsigned NOT NULL,
  `updated_at` int(11) unsigned NOT NULL,
  `created_by` int(11) DEFAULT NULL,
  `updated_by` int(11) DEFAULT NULL,
  PRIMARY KEY (`id`),
  KEY `fk_me_faabs_register_1_idx` (`farmer_id`),
  KEY `fk_me_faabs_register_2_idx` (`faabs_group_id`),
  CONSTRAINT `fk_me_faabs_register_1` FOREIGN KEY (`farmer_id`) REFERENCES `me_faabs_category_a_farmers` (`id`) ON DELETE NO ACTION ON UPDATE NO ACTION,
  CONSTRAINT `fk_me_faabs_register_2` FOREIGN KEY (`faabs_group_id`) REFERENCES `me_faabs_groups` (`id`) ON DELETE NO ACTION ON UPDATE NO ACTION
) ENGINE=InnoDB DEFAULT CHARSET=utf8;
/*!40101 SET character_set_client = @saved_cs_client */;

--
-- Dumping data for table `me_faabs_register`
--

LOCK TABLES `me_faabs_register` WRITE;
/*!40000 ALTER TABLE `me_faabs_register` DISABLE KEYS */;
/*!40000 ALTER TABLE `me_faabs_register` ENABLE KEYS */;
UNLOCK TABLES;

--
-- Table structure for table `me_faabs_training_attendance_sheet`
--

DROP TABLE IF EXISTS `me_faabs_training_attendance_sheet`;
/*!40101 SET @saved_cs_client     = @@character_set_client */;
/*!40101 SET character_set_client = utf8 */;
CREATE TABLE `me_faabs_training_attendance_sheet` (
  `id` int(11) NOT NULL AUTO_INCREMENT,
  `faabs_group_id` int(11) NOT NULL,
  `farmer_id` int(11) NOT NULL,
  `household_head_type` varchar(45) NOT NULL DEFAULT 'Male headed' COMMENT 'Female headed or Male headed',
  `topic` text NOT NULL COMMENT 'Training course',
  `facilitators` text NOT NULL COMMENT 'Facilitators/Organisation',
  `partner_organisations` text DEFAULT NULL,
  `training_date` date NOT NULL,
  `duration` varchar(10) NOT NULL COMMENT 'Duration hours and minutes',
  `created_at` int(11) unsigned NOT NULL,
  `updated_at` int(11) unsigned NOT NULL,
  `created_by` int(11) DEFAULT NULL,
  `updated_by` int(11) DEFAULT NULL,
  `full_names` varchar(255) DEFAULT NULL,
  `youth_non_youth` enum('Youth','Non Youth') DEFAULT NULL,
  `marital_status` varchar(45) DEFAULT NULL,
  `sex` varchar(45) DEFAULT NULL,
  `year_of_birth` varchar(6) DEFAULT NULL,
  `quarter` varchar(2) DEFAULT NULL,
  `topic_indicator` text DEFAULT NULL,
  `topic_subcomponent` varchar(45) DEFAULT NULL,
  PRIMARY KEY (`id`),
  KEY `fk_me_faabs_training_attendance_sheet_1_idx` (`farmer_id`),
  KEY `fk_me_faabs_training_attendance_sheet_2_idx` (`faabs_group_id`),
  CONSTRAINT `fk_me_faabs_training_attendance_sheet_1` FOREIGN KEY (`farmer_id`) REFERENCES `me_faabs_category_a_farmers` (`id`) ON DELETE NO ACTION ON UPDATE NO ACTION,
  CONSTRAINT `fk_me_faabs_training_attendance_sheet_2` FOREIGN KEY (`faabs_group_id`) REFERENCES `me_faabs_groups` (`id`) ON DELETE NO ACTION ON UPDATE NO ACTION
) ENGINE=InnoDB AUTO_INCREMENT=9 DEFAULT CHARSET=latin1;
/*!40101 SET character_set_client = @saved_cs_client */;

--
-- Dumping data for table `me_faabs_training_attendance_sheet`
--

LOCK TABLES `me_faabs_training_attendance_sheet` WRITE;
/*!40000 ALTER TABLE `me_faabs_training_attendance_sheet` DISABLE KEYS */;
INSERT INTO `me_faabs_training_attendance_sheet` VALUES (4,3,1,'Male headed','3','Facilitator names','','2021-03-26','00:50',1616708399,1616772985,10,10,NULL,'Non Youth',NULL,'Male',NULL,'1','Number of smallholders trained in the use of improved production technologies & best practices to enhance productivity that allow production to comply with market requirements (at least 3 improved production technologies facilitated)','Sub-component 2.2'),(5,3,1,'Female headed','4','Facilitator names','','2021-05-19','00:45',1616763041,1616773603,10,10,NULL,'Non Youth',NULL,'Male',NULL,'3','Number of smallholders trained in improved Post-harvest technologies (at least 2 improved post-harvest technologies)','Sub-component 2.2'),(6,3,2,'Male headed','2','Facilitator names','','2021-10-21','15:00',1616764340,1616771306,10,10,NULL,'Non Youth',NULL,'Male',NULL,'3','Number of smallholders trained in the use of improved production technologies & best practices to enhance productivity that allow production to comply with market requirements (at least 3 improved production technologies facilitated)','Sub-component 2.1'),(7,1,3,'Female headed','3','Facilitator names','','2021-07-21','15:15',1616764994,1616773629,10,10,NULL,'Non Youth',NULL,'Female',NULL,'3','Number of smallholders trained in the use of improved production technologies & best practices to enhance productivity that allow production to comply with market requirements (at least 3 improved production technologies facilitated)','Sub-component 2.2'),(8,1,3,'Female headed','2','Facilitator names','','2021-07-21','17:15',1616772292,1616772994,10,10,NULL,'Non Youth',NULL,'Female',NULL,'3','Number of smallholders trained in the use of improved production technologies & best practices to enhance productivity that allow production to comply with market requirements (at least 3 improved production technologies facilitated)','Sub-component 2.1');
/*!40000 ALTER TABLE `me_faabs_training_attendance_sheet` ENABLE KEYS */;
UNLOCK TABLES;

--
-- Table structure for table `me_faabs_training_topics`
--

DROP TABLE IF EXISTS `me_faabs_training_topics`;
/*!40101 SET @saved_cs_client     = @@character_set_client */;
/*!40101 SET character_set_client = utf8 */;
CREATE TABLE `me_faabs_training_topics` (
  `id` int(11) NOT NULL AUTO_INCREMENT,
  `topic` text NOT NULL,
  `output_level_indicator` text NOT NULL,
  `category` text NOT NULL,
  `subcomponent` text DEFAULT NULL,
  PRIMARY KEY (`id`)
) ENGINE=InnoDB AUTO_INCREMENT=5 DEFAULT CHARSET=utf8;
/*!40101 SET character_set_client = @saved_cs_client */;

--
-- Dumping data for table `me_faabs_training_topics`
--

LOCK TABLES `me_faabs_training_topics` WRITE;
/*!40000 ALTER TABLE `me_faabs_training_topics` DISABLE KEYS */;
INSERT INTO `me_faabs_training_topics` VALUES (2,'Production enhancing technologies: early planting','Number of smallholders trained in the use of improved production technologies & best practices to enhance productivity that allow production to comply with market requirements (at least 3 improved production technologies facilitated)','Crops','Sub-component 2.1'),(3,'Production enhancing technologies: row planting,','Number of smallholders trained in the use of improved production technologies & best practices to enhance productivity that allow production to comply with market requirements (at least 3 improved production technologies facilitated)','Crops','Sub-component 2.2'),(4,'Production enhancing technologies: construct and use improved livestock housing','Number of smallholders trained in improved Post-harvest technologies (at least 2 improved post-harvest technologies)','Livestock','Sub-component 2.2');
/*!40000 ALTER TABLE `me_faabs_training_topics` ENABLE KEYS */;
UNLOCK TABLES;

--
-- Table structure for table `me_field_monitoring_checklist_issues`
--

DROP TABLE IF EXISTS `me_field_monitoring_checklist_issues`;
/*!40101 SET @saved_cs_client     = @@character_set_client */;
/*!40101 SET character_set_client = utf8 */;
CREATE TABLE `me_field_monitoring_checklist_issues` (
  `id` int(11) NOT NULL AUTO_INCREMENT,
  `level` varchar(45) NOT NULL,
  `issue_category` varchar(255) NOT NULL,
  `issue` text NOT NULL,
  PRIMARY KEY (`id`)
) ENGINE=InnoDB DEFAULT CHARSET=latin1;
/*!40101 SET character_set_client = @saved_cs_client */;

--
-- Dumping data for table `me_field_monitoring_checklist_issues`
--

LOCK TABLES `me_field_monitoring_checklist_issues` WRITE;
/*!40000 ALTER TABLE `me_field_monitoring_checklist_issues` DISABLE KEYS */;
/*!40000 ALTER TABLE `me_field_monitoring_checklist_issues` ENABLE KEYS */;
UNLOCK TABLES;

--
-- Table structure for table `me_field_monitoring_checklists`
--

DROP TABLE IF EXISTS `me_field_monitoring_checklists`;
/*!40101 SET @saved_cs_client     = @@character_set_client */;
/*!40101 SET character_set_client = utf8 */;
CREATE TABLE `me_field_monitoring_checklists` (
  `id` int(11) NOT NULL AUTO_INCREMENT,
  `district_id` int(11) DEFAULT NULL,
  `province_id` int(11) DEFAULT NULL,
  `issue_id` int(11) NOT NULL,
  `addressed` enum('Yes','No') NOT NULL DEFAULT 'No',
  `comments` varchar(45) DEFAULT NULL,
  `created_at` int(11) unsigned NOT NULL,
  `updated_at` int(11) unsigned NOT NULL,
  `created_by` int(11) DEFAULT NULL,
  `updated_by` int(11) DEFAULT NULL,
  PRIMARY KEY (`id`),
  KEY `fk_me_field_monitoring_checklists_1_idx` (`issue_id`),
  CONSTRAINT `fk_me_field_monitoring_checklists_1` FOREIGN KEY (`issue_id`) REFERENCES `me_field_monitoring_checklist_issues` (`id`) ON DELETE NO ACTION ON UPDATE NO ACTION
) ENGINE=InnoDB DEFAULT CHARSET=latin1;
/*!40101 SET character_set_client = @saved_cs_client */;

--
-- Dumping data for table `me_field_monitoring_checklists`
--

LOCK TABLES `me_field_monitoring_checklists` WRITE;
/*!40000 ALTER TABLE `me_field_monitoring_checklists` DISABLE KEYS */;
/*!40000 ALTER TABLE `me_field_monitoring_checklists` ENABLE KEYS */;
UNLOCK TABLES;

--
-- Table structure for table `permissions`
--

DROP TABLE IF EXISTS `permissions`;
/*!40101 SET @saved_cs_client     = @@character_set_client */;
/*!40101 SET character_set_client = utf8 */;
CREATE TABLE `permissions` (
  `id` int(11) NOT NULL AUTO_INCREMENT,
  `right` text DEFAULT NULL,
  `definition` text DEFAULT NULL,
  `active` int(11) NOT NULL DEFAULT 1,
  PRIMARY KEY (`id`)
) ENGINE=InnoDB AUTO_INCREMENT=94 DEFAULT CHARSET=utf8;
/*!40101 SET character_set_client = @saved_cs_client */;

--
-- Dumping data for table `permissions`
--

LOCK TABLES `permissions` WRITE;
/*!40000 ALTER TABLE `permissions` DISABLE KEYS */;
INSERT INTO `permissions` VALUES (1,'Manage Users',NULL,1),(2,'View Users',NULL,1),(3,'Manage Roles',NULL,1),(4,'View Roles',NULL,1),(6,'View profile',NULL,1),(7,'View audit trail logs',NULL,1),(8,'Manage provinces',NULL,1),(9,'Manage districts',NULL,1),(10,'Manage camps',NULL,1),(11,'Remove provinces',NULL,1),(12,'Remove districts',NULL,1),(13,'Remove camps',NULL,1),(14,'Manage markets',NULL,1),(15,'Remove markets',NULL,1),(16,'Manage commodity configs',NULL,1),(17,'Remove commodity config',NULL,1),(18,'Collect commodity prices',NULL,1),(19,'View commodity prices',NULL,1),(20,'Remove commodity price',NULL,1),(21,'Manage interview guide template questions',NULL,1),(22,'View interview guide template',NULL,1),(23,'Remove interview guide template question',NULL,1),(24,'Manage story of change categories',NULL,1),(25,'Submit story of change',NULL,1),(26,'Review Story of change',NULL,1),(27,'View Story of change',NULL,1),(28,'Attach case study articles',NULL,1),(29,'Manage faabs groups',NULL,1),(30,'View faabs groups',NULL,1),(31,'Remove faabs groups',NULL,1),(32,'Manage category A farmers',NULL,1),(33,'View category A farmers',NULL,1),(34,'Remove category A farmers',NULL,1),(35,'Submit FaaBS training records',NULL,1),(36,'View FaaBS training records',NULL,1),(37,'Remove FaaBS training records',NULL,1),(38,'Submit back to office report',NULL,1),(39,'Review back to office report',NULL,1),(40,'View back to office report',NULL,1),(43,'Plan camp monthly activities',NULL,1),(44,'Remove planned camp monthly activities',NULL,1),(45,'View planned camp monthly activities',NULL,1),(46,'Manage FaaBS training topics',NULL,1),(47,'View FaaBS training topics',NULL,1),(48,'Remove FaaBS training topics',NULL,1),(49,'View facilitation of improved technologies/best practices report',NULL,1),(50,'Commodity-Specific AWPB',NULL,1),(51,'View programmes',NULL,1),(52,'Manage AWPB activities',NULL,1),(53,'View AWPB activities',NULL,1),(54,'Manage components',NULL,1),(55,'View components',NULL,1),(56,'Manage AWPB templates',NULL,1),(57,'View AWPB templates',NULL,1),(58,'View AWPB activity lines',NULL,1),(59,'Manage AWPB',NULL,1),(60,'Manage AWPB Indicator','Manage AWPB Indicator',1),(61,'Submit District AWPB',NULL,1),(62,'Approve AWPB - Provincial','Approve AWPB - Provincial',1),(63,'Submit programme-wide AWPB','Submit programme-wide AWPB',1),(64,'Manage province consolidated AWPB','Manage province consolidated AWPB',1),(65,'Manage programme-wide AWPB activity lines','Manage programme-wide AWPB activity lines',1),(66,'Approve AWPB - PCO','Approve AWPB - PCO',1),(67,'Manage AWPB funders','Manage AWPB funders',1),(68,'View AWPB funders','View AWPB funders',1),(69,'Setup AWPB','Setup AWPB',1),(70,'View AWPB','View AWPB',1),(71,'Approve AWPB - Ministry','Approve AWPB - Ministry',1),(72,'Manage programme-wide AWPB','Manage programme-wide AWPB',1),(73,'View PW AWPB','View PW AWPB',1),(74,'Manage AWPB activity lines','View AWPB activity lines',1),(75,'View training attendance cumulative report','',1),(76,'View physical tracking table report','View physical tracking table report',1),(77,'View MGF module','',1),(78,'View MGF Applicants','',1),(79,'View MGF Organisations','',1),(80,'View MGF Concept Note','',1),(81,'View MGF Application','',1),(82,'View MGF Approvals','',1),(83,'View MGF Proposals','',1),(84,'View MGF Evaluations','',1),(85,'Remove cost centre','Remove cost centre',1),(86,'Manage cost centre','Manage cost centre',1),(87,'Funds Requisition','Funds Requisition',1),(88,'Request Funds','Request Funds',1),(89,'Approve Funds Requisition','Approve Funds Requisition',1),(90,'Disburse Funds','Disburse Funds',1),(91,'Manage PW AWPB','Manage PW AWPB',1),(92,'Review Funds Request','Review Funds Request',1),(93,'View Funds Utilisation','View Funds Utilisation',1);
/*!40000 ALTER TABLE `permissions` ENABLE KEYS */;
UNLOCK TABLES;

--
-- Table structure for table `province`
--

DROP TABLE IF EXISTS `province`;
/*!40101 SET @saved_cs_client     = @@character_set_client */;
/*!40101 SET character_set_client = utf8 */;
CREATE TABLE `province` (
  `id` int(10) unsigned NOT NULL AUTO_INCREMENT,
  `name` varchar(255) NOT NULL,
  `created_at` int(11) unsigned NOT NULL,
  `updated_at` int(11) unsigned NOT NULL,
  `created_by` int(11) DEFAULT NULL,
  `updated_by` int(11) DEFAULT NULL,
  PRIMARY KEY (`id`)
) ENGINE=InnoDB AUTO_INCREMENT=11 DEFAULT CHARSET=utf8;
/*!40101 SET character_set_client = @saved_cs_client */;

--
-- Dumping data for table `province`
--

LOCK TABLES `province` WRITE;
/*!40000 ALTER TABLE `province` DISABLE KEYS */;
INSERT INTO `province` VALUES (1,'Central',0,1607362055,NULL,1),(2,'Copperbelt',0,0,NULL,NULL),(3,'Eastern',0,0,NULL,NULL),(4,'Luapula',0,0,NULL,NULL),(5,'Lusaka',0,0,NULL,NULL),(6,'Muchinga',0,0,NULL,NULL),(7,'Northern',0,0,NULL,NULL),(8,'North-Western',0,0,NULL,NULL),(9,'Southern',0,0,NULL,NULL),(10,'Western',0,0,NULL,NULL);
/*!40000 ALTER TABLE `province` ENABLE KEYS */;
UNLOCK TABLES;

--
-- Table structure for table `right_to_role`
--

DROP TABLE IF EXISTS `right_to_role`;
/*!40101 SET @saved_cs_client     = @@character_set_client */;
/*!40101 SET character_set_client = utf8 */;
CREATE TABLE `right_to_role` (
  `id` int(11) NOT NULL AUTO_INCREMENT,
  `role` int(11) NOT NULL,
  `right` text DEFAULT NULL,
  `active` int(11) DEFAULT 1,
  PRIMARY KEY (`id`),
  KEY `fk_right_to_role_1_idx` (`role`),
  CONSTRAINT `fk_right_to_role_1` FOREIGN KEY (`role`) REFERENCES `roles` (`id`) ON DELETE NO ACTION ON UPDATE NO ACTION
) ENGINE=InnoDB AUTO_INCREMENT=2002 DEFAULT CHARSET=utf8;
/*!40101 SET character_set_client = @saved_cs_client */;

--
-- Dumping data for table `right_to_role`
--

LOCK TABLES `right_to_role` WRITE;
/*!40000 ALTER TABLE `right_to_role` DISABLE KEYS */;
INSERT INTO `right_to_role` VALUES (608,4,'View Users',1),(1293,3,'View profile',1),(1294,3,'Collect commodity prices',1),(1295,3,'View commodity prices',1),(1296,3,'Submit story of change',1),(1297,3,'Manage faabs groups',1),(1298,3,'View faabs groups',1),(1299,3,'Remove faabs groups',1),(1300,3,'Manage category A farmers',1),(1301,3,'View category A farmers',1),(1302,3,'Remove category A farmers',1),(1303,3,'Submit FaaBS training records',1),(1304,3,'View FaaBS training records',1),(1305,3,'Remove FaaBS training records',1),(1306,3,'Submit back to office report',1),(1307,3,'Plan camp monthly activities',1),(1308,3,'Remove planned camp monthly activities',1),(1309,3,'View facilitation of improved technologies/best practices report',1),(1310,3,'View AWPB activity lines',1),(1311,3,'Manage AWPB activity lines',1),(1312,3,'Submit District AWPB',1),(1313,3,'Manage programme-wide AWPB activity lines',1),(1901,6,'Approve AWPB - PCO',1),(1902,6,'Manage programme-wide AWPB',1),(1903,6,'Approve Funds Requisition',1),(1904,6,'View Funds Utilisation',1),(1905,1,'Manage Users',1),(1906,1,'View Users',1),(1907,1,'Manage Roles',1),(1908,1,'View Roles',1),(1909,1,'View profile',1),(1910,1,'View audit trail logs',1),(1911,1,'Manage provinces',1),(1912,1,'Manage districts',1),(1913,1,'Manage camps',1),(1914,1,'Remove provinces',1),(1915,1,'Remove districts',1),(1916,1,'Remove camps',1),(1917,1,'Manage markets',1),(1918,1,'Remove markets',1),(1919,1,'Manage commodity configs',1),(1920,1,'Remove commodity config',1),(1921,1,'View commodity prices',1),(1922,1,'Remove commodity price',1),(1923,1,'Manage interview guide template questions',1),(1924,1,'View interview guide template',1),(1925,1,'Remove interview guide template question',1),(1926,1,'Manage story of change categories',1),(1927,1,'Submit story of change',1),(1928,1,'Review Story of change',1),(1929,1,'View Story of change',1),(1930,1,'Attach case study articles',1),(1931,1,'Manage faabs groups',1),(1932,1,'View faabs groups',1),(1933,1,'Remove faabs groups',1),(1934,1,'Manage category A farmers',1),(1935,1,'View category A farmers',1),(1936,1,'Remove category A farmers',1),(1937,1,'Submit FaaBS training records',1),(1938,1,'View FaaBS training records',1),(1939,1,'Remove FaaBS training records',1),(1940,1,'Submit back to office report',1),(1941,1,'Review back to office report',1),(1942,1,'View back to office report',1),(1943,1,'Plan camp monthly activities',1),(1944,1,'Remove planned camp monthly activities',1),(1945,1,'View planned camp monthly activities',1),(1946,1,'Manage FaaBS training topics',1),(1947,1,'View FaaBS training topics',1),(1948,1,'Remove FaaBS training topics',1),(1949,1,'View facilitation of improved technologies/best practices report',1),(1950,1,'Commodity-Specific AWPB',1),(1951,1,'View programmes',1),(1952,1,'Manage AWPB activities',1),(1953,1,'View AWPB activities',1),(1954,1,'Manage components',1),(1955,1,'View components',1),(1956,1,'Manage AWPB templates',1),(1957,1,'View AWPB templates',1),(1958,1,'View AWPB activity lines',1),(1959,1,'Manage AWPB',1),(1960,1,'Manage AWPB Indicator',1),(1961,1,'Submit District AWPB',1),(1962,1,'Approve AWPB - Provincial',1),(1963,1,'Submit programme-wide AWPB',1),(1964,1,'Manage province consolidated AWPB',1),(1965,1,'Manage programme-wide AWPB activity lines',1),(1966,1,'Approve AWPB - PCO',1),(1967,1,'Manage AWPB funders',1),(1968,1,'View AWPB funders',1),(1969,1,'Setup AWPB',1),(1970,1,'View AWPB',1),(1971,1,'Approve AWPB - Ministry',1),(1972,1,'Manage programme-wide AWPB',1),(1973,1,'View PW AWPB',1),(1974,1,'Manage AWPB activity lines',1),(1975,1,'Remove cost centre',1),(1976,1,'Manage cost centre',1),(1977,1,'Funds Requisition',1),(1978,1,'View Funds Utilisation',1),(1979,8,'Manage AWPB',1),(1980,8,'Submit District AWPB',1),(1981,8,'View AWPB',1),(1982,8,'Request Funds',1),(1983,8,'View Funds Utilisation',1),(1984,9,'Approve AWPB - Provincial',1),(1985,9,'View AWPB',1),(1986,9,'Review Funds Request',1),(1987,9,'View Funds Utilisation',1),(1988,7,'View AWPB activity lines',1),(1989,7,'Submit District AWPB',1),(1990,7,'Submit programme-wide AWPB',1),(1991,7,'View AWPB',1),(1992,7,'Manage programme-wide AWPB',1),(1993,7,'View PW AWPB',1),(1994,7,'Manage AWPB activity lines',1),(1995,7,'Request Funds',1),(1996,7,'Manage PW AWPB',1),(1997,7,'View Funds Utilisation',1),(1998,5,'Approve AWPB - Ministry',1),(1999,5,'Manage programme-wide AWPB',1),(2000,5,'Disburse Funds',1),(2001,5,'View Funds Utilisation',1);
/*!40000 ALTER TABLE `right_to_role` ENABLE KEYS */;
UNLOCK TABLES;

--
-- Table structure for table `roles`
--

DROP TABLE IF EXISTS `roles`;
/*!40101 SET @saved_cs_client     = @@character_set_client */;
/*!40101 SET character_set_client = utf8 */;
CREATE TABLE `roles` (
  `id` int(11) NOT NULL AUTO_INCREMENT,
  `role` text NOT NULL,
  `active` int(11) DEFAULT 1,
  `created_at` int(11) unsigned DEFAULT NULL,
  `updated_at` int(11) unsigned DEFAULT NULL,
  `updated_by` int(11) DEFAULT NULL,
  `created_by` int(11) DEFAULT NULL,
  PRIMARY KEY (`id`)
) ENGINE=InnoDB AUTO_INCREMENT=10 DEFAULT CHARSET=utf8;
/*!40101 SET character_set_client = @saved_cs_client */;

--
-- Dumping data for table `roles`
--

LOCK TABLES `roles` WRITE;
/*!40000 ALTER TABLE `roles` DISABLE KEYS */;
INSERT INTO `roles` VALUES (1,'Administrator',1,1222,1617004247,14,1),(3,'User',1,1603902583,1617151546,14,1),(4,'test',1,1614068089,1614068089,1,1),(5,'Ministry',1,1619636077,1619636077,14,14),(6,'PCO',1,1619640426,1619640426,14,14),(7,'Budget Committee Programme-Wide',1,1619691776,1619691776,14,14),(8,'District',1,1623546651,1623546651,14,14),(9,'Provincial',1,1623547430,1623547430,14,14);
/*!40000 ALTER TABLE `roles` ENABLE KEYS */;
UNLOCK TABLES;

--
-- Table structure for table `users`
--

DROP TABLE IF EXISTS `users`;
/*!40101 SET @saved_cs_client     = @@character_set_client */;
/*!40101 SET character_set_client = utf8 */;
CREATE TABLE `users` (
  `id` int(11) NOT NULL AUTO_INCREMENT,
  `role` int(11) NOT NULL,
  `first_name` varchar(255) NOT NULL,
  `last_name` varchar(255) NOT NULL,
  `other_name` varchar(255) DEFAULT '',
  `title` varchar(10) DEFAULT '',
  `sex` varchar(7) DEFAULT 'Male',
  `phone` varchar(45) DEFAULT NULL,
  `nrc` varchar(45) DEFAULT NULL,
  `username` varchar(255) NOT NULL,
  `email` varchar(255) NOT NULL DEFAULT '',
  `status` smallint(6) NOT NULL DEFAULT 10,
  `auth_key` varchar(32) NOT NULL,
  `password` varchar(255) NOT NULL DEFAULT '',
  `password_reset_token` varchar(255) DEFAULT NULL,
  `verification_token` varchar(255) DEFAULT NULL,
  `camp_id` int(11) unsigned DEFAULT NULL,
  `district_id` int(11) unsigned DEFAULT NULL,
  `province_id` int(11) unsigned DEFAULT NULL,
  `updated_by` int(11) DEFAULT NULL,
  `created_by` int(11) DEFAULT NULL,
  `created_at` int(11) unsigned NOT NULL,
  `updated_at` int(11) unsigned NOT NULL,
  `type_of_user` varchar(45) DEFAULT 'Other user' COMMENT 'Type of user different from role. This is there to ammodate users that belong to camps, districts or province\nAvailable types {Camp user, District user, Provincial user, Other user}',
  PRIMARY KEY (`id`),
  KEY `fk_users_1_idx` (`role`),
  KEY `fk_users_2_idx` (`camp_id`),
  KEY `fk_users_3_idx` (`district_id`),
  KEY `fk_users_4_idx` (`province_id`),
  CONSTRAINT `fk_users_1` FOREIGN KEY (`role`) REFERENCES `roles` (`id`) ON DELETE NO ACTION ON UPDATE NO ACTION
) ENGINE=InnoDB AUTO_INCREMENT=19 DEFAULT CHARSET=utf8;
/*!40101 SET character_set_client = @saved_cs_client */;

--
-- Dumping data for table `users`
--

LOCK TABLES `users` WRITE;
/*!40000 ALTER TABLE `users` DISABLE KEYS */;
INSERT INTO `users` VALUES (1,1,'Francis','Chulu','','Mr.','Male','+260978981234','123454/21/23','chulu1francis@gmail.com','chulu1francis@gmail.com',1,'CpmiIyoNtGGkHX0meoIJU7sGcRqQcXm5','$2y$13$AYj8JnzR1i0DDTQ5OYerHek8g5.Ch9ZrKjpg4ZJtAchchVGwVIWhy','-GDPDTEgVpbCySh94TqY4hRrma_XkSty_1616662153',NULL,0,0,0,1,NULL,11,1616662153,'Other user'),(5,3,'Chulu','Francis','','Mr.','Male','+260978981345','123454/21/23','francis.chulu@unza.zm','francis.chulu@unza.zm',1,'gB_PJTElMSxW^IfiNmpYT^7qva3?Hy:a','$2y$13$/igl4SBKySwX9QQc352pKef5YX6gRSI8nx/8vkTvyD0RYNDXIjIvO',NULL,NULL,NULL,NULL,NULL,1,1,1604659275,1604660233,'Other user'),(6,1,'test','Test','','','Male','','','francis.chulu1@unza.zm','francis.chulu@unza.zm',2,'gB_PJTElMSxW^IfiNmpYT^7qva3?Hy:a','$2y$13$/igl4SBKySwX9QQc352pKef5YX6gRSI8nx/8vkTvyD0RYNDXIjIvO','LZ-pePN17FJB7Mg1CtyYyRsNH5tohaz6_1607174006',NULL,NULL,NULL,NULL,1,1,1607174006,1607174024,'Other user'),(9,3,'Test','Test','','Mr.','Female','','','test@unza.zm','chulu1francis@gmail.com',1,'gB_PJTElMSxW^IfiNmpYT^7qva3?Hy:a','$2y$13$/igl4SBKySwX9QQc352pKef5YX6gRSI8nx/8vkTvyD0RYNDXIjIvO','PF4j04-lRuOClA4gXY-oTX_95V6Ap-2-_1607181915',NULL,0,0,0,1,1,1607181915,1607186786,'Other user'),(10,3,'test','Test','','Mr.','Female','','','francis.chulu@unza.zm','francis.chulu@unza.zm',1,'b3-bg1I6gITS-gGM4NBkfXijP1ASAmIV','$2y$13$cnR7v/CPKQS.z/Hx0LoEKeQlSN4wGriUeoMbB7jsvhWHYG7UC9JXK','',NULL,NULL,48,5,1,1,1607181970,1617151238,'District user'),(11,3,'test','Test 3','','Mr.','Male','','','test2@unza.zm','francis.chulu@unza.zm',0,'gB_PJTElMSxW^IfiNmpYT^7qva3?Hy:a','$2y$13$/igl4SBKySwX9QQc352pKef5YX6gRSI8nx/8vkTvyD0RYNDXIjIvO','pFOgJWyUKdULYoTNxXctPhB4CEv8LpzB_1607182013',NULL,NULL,NULL,1,1,1,1607182013,1614016783,'Provincial user'),(12,9,'Provincial','Officer','','Mr.','Male','+260967485331','236974/68/1','provincial@esapp.org.zm','provincial@esapp.org.zm',1,'b3-bg1I6gITS-gGM4NBkfXijP1ASAmIV','$2y$13$cnR7v/CPKQS.z/Hx0LoEKeQlSN4wGriUeoMbB7jsvhWHYG7UC9JXK','','',0,0,1,14,1,1607182013,1625516788,'Provincial user'),(13,1,'Simon','Simon','','Mr.','Male','+260978981234','123454/21/23','shchiwamba@yahoo.com','shchiwamba@yahoo.com',1,'uwpODRFi8pmrfRTGu-QZ3YpM06qyZxPH','$2y$13$2Fkp2vUzV0vdVyWUQNXYwuDU9WbQwyYEfjcon4L5Qz113zH386ZOG','fv1SCTHm46EbEQgfMfnk7i8jYrnvtKt6_1609769876',NULL,12,0,NULL,1,NULL,11,1609769876,'Other user'),(14,1,'Simon','Chiwamba','Hawatichke','Mr.','Male','+260967485331','123456/78/9','simonchiwamba@gmail.com','simonchiwamba@gmail.com',1,'b3-bg1I6gITS-gGM4NBkfXijP1ASAmIV','$2y$13$cnR7v/CPKQS.z/Hx0LoEKeQlSN4wGriUeoMbB7jsvhWHYG7UC9JXK',NULL,NULL,NULL,2,1,13,13,1609772152,1609772594,'Other user'),(15,6,'PCO','Chiwamba','','Mr.','Male','','122222/22/1','pco@esapp.org.zm','pco@esapp.org.zm',1,'v3wyxk4L6QJaeXNgvpoI-9Z5FgnsUq-W','$2y$13$MJbPZZYhIasEpkzEV38Sku8F6aK3N5TvLEUoEFmagzFS.Uaho0fpy',NULL,NULL,NULL,NULL,NULL,14,14,1610142323,1610142410,'Other user'),(16,5,'Ministry','Malambo','','Mr.','Male','+260955924419','122222/22/1','ministry@esapp.org.zm','ministry@esapp.org.zm',1,'0c1185X97Q2Gh3aJsNrHaP04YZciYS5S','$2y$13$LMv3Wfs.IgtxCmmQA9CW0uiXr8P.tMzjZvWinjRtaovlZiZoVxYS.',NULL,NULL,NULL,NULL,NULL,14,14,1619390241,1619390293,'Other user'),(17,7,'Cost Centre','PW','','Ms.','Female','','','pw.costcentre@esapp.org.zm','pw.costcentre@esapp.org.zm',1,'uW75F9g3OlI2X-BazSknC_-4KekTbnMS','$2y$13$iBAJ5lzj1pHi2YY3/LncH.bzbrCPDcsDk9bhtruHUb0DcSya2YSB2',NULL,NULL,NULL,NULL,NULL,14,14,1619693451,1619693523,'Other user'),(18,8,'District','Officer','','Mr.','Male','','223456/78/9','district@esapp.org.zm','district@esapp.org.zm',1,'kPCVHbEd83uh8puK6R8f4wjZmHNHcYdG','$2y$13$cV/1H8PB6p9PUk5lcTl.LOg.agXh6EYcYkGBWK4Ivhgjdne/U0/0W',NULL,NULL,NULL,2,1,14,14,1623546362,1625516455,'District user');
/*!40000 ALTER TABLE `users` ENABLE KEYS */;
UNLOCK TABLES;
/*!40103 SET TIME_ZONE=@OLD_TIME_ZONE */;

/*!40101 SET SQL_MODE=@OLD_SQL_MODE */;
/*!40014 SET FOREIGN_KEY_CHECKS=@OLD_FOREIGN_KEY_CHECKS */;
/*!40014 SET UNIQUE_CHECKS=@OLD_UNIQUE_CHECKS */;
/*!40101 SET CHARACTER_SET_CLIENT=@OLD_CHARACTER_SET_CLIENT */;
/*!40101 SET CHARACTER_SET_RESULTS=@OLD_CHARACTER_SET_RESULTS */;
/*!40101 SET COLLATION_CONNECTION=@OLD_COLLATION_CONNECTION */;
/*!40111 SET SQL_NOTES=@OLD_SQL_NOTES */;

-- Dump completed on 2021-08-08 12:40:18
